record_id,program,agency,year,budget_million_krw,budget_stage,source_attribution,source_row
b7a405a3cc27fdbb44af42fd,드론 종합 인프라 구축 및 운영,국토교통부,2024,9938.0,결산,사용자 제공 4개 이미지,2
5437c5accc830b736c116a19,드론 종합 인프라 구축 및 운영,국토교통부,2025,10185.0,본예산(A),사용자 제공 4개 이미지,3
8256ea7e1a5dfa37f5d5d295,드론 종합 인프라 구축 및 운영,국토교통부,2025,13185.0,추경,사용자 제공 4개 이미지,4
d7e900bea0d4c32c66b09a75,드론 종합 인프라 구축 및 운영,국토교통부,2026,19477.0,확정(B),사용자 제공 4개 이미지,5
e610547bb8f06de75a4ada5c,중거리자폭드론,방위사업청,2024,,결산(-),사용자 제공 4개 이미지,6
bb225992e3fea22d6595fda7,중거리자폭드론,방위사업청,2025,5000.0,본예산(A),사용자 제공 4개 이미지,7
76cf86780ecbe880307387e6,중거리자폭드론,방위사업청,2025,5000.0,추경,사용자 제공 4개 이미지,8
32a70bb547e7fd9262194775,중거리자폭드론,방위사업청,2026,20322.0,요구,사용자 제공 4개 이미지,9
7b482bad9d61e33c4d025de6,중거리자폭드론,방위사업청,2026,10000.0,조정(B),사용자 제공 4개 이미지,10
23db6b0420345ccdf3157eb7,중고도정찰용무인항공기(MUAV),방위사업청,2024,27186.0,결산,사용자 제공 4개 이미지,11
5092f6562501fc325b492d6c,중고도정찰용무인항공기(MUAV),방위사업청,2025,113733.0,본예산(A),사용자 제공 4개 이미지,12
af1a4c71754142355c6c000d,중고도정찰용무인항공기(MUAV),방위사업청,2025,113733.0,추경,사용자 제공 4개 이미지,13
ae22fe21f1ad76a17f83093d,중고도정찰용무인항공기(MUAV),방위사업청,2026,67242.0,요구,사용자 제공 4개 이미지,14
d5edd99c8bb03d0cadc1b96c,중고도정찰용무인항공기(MUAV),방위사업청,2026,67242.0,조정(B),사용자 제공 4개 이미지,15
