aircraft_type,certificate_class,cumulative_count,as_of_date,measure_type,source_file,source_page,quality_note
무인비행기,1~3종,1820,2024-12-31,누적 조종자 증명 취득 건수,2025년 드론산업 실태조사 보고서_항공안전기술원.pdf,97,"총 648,965건. 한 사람이 복수 자격을 취득할 수 있어 고유 인원과 다름."
무인비행기,4종,69672,2024-12-31,누적 조종자 증명 취득 건수,2025년 드론산업 실태조사 보고서_항공안전기술원.pdf,97,"총 648,965건. 한 사람이 복수 자격을 취득할 수 있어 고유 인원과 다름."
무인비행기,합계,71492,2024-12-31,누적 조종자 증명 취득 건수,2025년 드론산업 실태조사 보고서_항공안전기술원.pdf,97,"총 648,965건. 한 사람이 복수 자격을 취득할 수 있어 고유 인원과 다름."
무인헬리콥터,1~3종,3085,2024-12-31,누적 조종자 증명 취득 건수,2025년 드론산업 실태조사 보고서_항공안전기술원.pdf,97,"총 648,965건. 한 사람이 복수 자격을 취득할 수 있어 고유 인원과 다름."
무인헬리콥터,4종,68396,2024-12-31,누적 조종자 증명 취득 건수,2025년 드론산업 실태조사 보고서_항공안전기술원.pdf,97,"총 648,965건. 한 사람이 복수 자격을 취득할 수 있어 고유 인원과 다름."
무인헬리콥터,합계,71481,2024-12-31,누적 조종자 증명 취득 건수,2025년 드론산업 실태조사 보고서_항공안전기술원.pdf,97,"총 648,965건. 한 사람이 복수 자격을 취득할 수 있어 고유 인원과 다름."
무인멀티콥터,1~3종,150117,2024-12-31,누적 조종자 증명 취득 건수,2025년 드론산업 실태조사 보고서_항공안전기술원.pdf,97,"총 648,965건. 한 사람이 복수 자격을 취득할 수 있어 고유 인원과 다름."
무인멀티콥터,4종,355799,2024-12-31,누적 조종자 증명 취득 건수,2025년 드론산업 실태조사 보고서_항공안전기술원.pdf,97,"총 648,965건. 한 사람이 복수 자격을 취득할 수 있어 고유 인원과 다름."
무인멀티콥터,합계,505916,2024-12-31,누적 조종자 증명 취득 건수,2025년 드론산업 실태조사 보고서_항공안전기술원.pdf,97,"총 648,965건. 한 사람이 복수 자격을 취득할 수 있어 고유 인원과 다름."
무인비행선,1~3종,76,2024-12-31,누적 조종자 증명 취득 건수,2025년 드론산업 실태조사 보고서_항공안전기술원.pdf,97,"총 648,965건. 한 사람이 복수 자격을 취득할 수 있어 고유 인원과 다름."
무인비행선,4종,0,2024-12-31,누적 조종자 증명 취득 건수,2025년 드론산업 실태조사 보고서_항공안전기술원.pdf,97,"총 648,965건. 한 사람이 복수 자격을 취득할 수 있어 고유 인원과 다름."
무인비행선,합계,76,2024-12-31,누적 조종자 증명 취득 건수,2025년 드론산업 실태조사 보고서_항공안전기술원.pdf,97,"총 648,965건. 한 사람이 복수 자격을 취득할 수 있어 고유 인원과 다름."
