record_id,budget_year,indicator,value,unit_original,budget_status,source_quality,drone_scope,source_pdf,pdf_page,note,source_file,source_row
c3222b9f30ac26716b8221cc,2027,국방예산,73.2,조원,정부안,직접 명시,DEFENSE_CONTEXT,2027년 국방예산으로 보는 K-방산 발전 방향성_260914.pdf,1,2027년 국방예산,27년 국방예산_연도별_국방예산 및_방위력개선비.csv,2
a262242782384fb2f3f579d6,2027,국방예산 증가율,8.2,%,정부안,직접 명시,DEFENSE_CONTEXT,2027년 국방예산으로 보는 K-방산 발전 방향성_260914.pdf,1,YoY,27년 국방예산_연도별_국방예산 및_방위력개선비.csv,3
013baf97124341462719505d,2027,방위력개선비,22.7,조원,정부안,직접 명시,DEFENSE_CONTEXT,2027년 국방예산으로 보는 K-방산 발전 방향성_260914.pdf,1,무기·장비 신규 획득 및 성능개량 등,27년 국방예산_연도별_국방예산 및_방위력개선비.csv,4
87897bc5208ca274c09cb43c,2027,방위력개선비 증가율,13.8,%,정부안,직접 명시,DEFENSE_CONTEXT,2027년 국방예산으로 보는 K-방산 발전 방향성_260914.pdf,1,YoY,27년 국방예산_연도별_국방예산 및_방위력개선비.csv,5
970c672839dcaffb3c3d1904,2027,전작권 전환 및 자주국방 예산,12.2,조원,정부안,직접 명시,DEFENSE_CONTEXT,2027년 국방예산으로 보는 K-방산 발전 방향성_260914.pdf,1,방위력개선비 주요 항목,27년 국방예산_연도별_국방예산 및_방위력개선비.csv,6
4e91bb8c3a836db3eaf59779,2027,전작권 전환 및 자주국방 예산 증가율,34.9,%,정부안,직접 명시,DEFENSE_CONTEXT,2027년 국방예산으로 보는 K-방산 발전 방향성_260914.pdf,1,YoY,27년 국방예산_연도별_국방예산 및_방위력개선비.csv,7
41fc145de7f1e101a6a57af0,2027,드론·대드론 역량 강화 예산,8061.0,억원,정부안,직접 명시,DRONE_DIRECT,2027년 국방예산으로 보는 K-방산 발전 방향성_260914.pdf,1,원문 단위 그대로 기록,27년 국방예산_연도별_국방예산 및_방위력개선비.csv,8
55a21d900c55ba1ec14d7076,2027,드론·대드론 역량 강화 예산 증가율,18.8,%,정부안,직접 명시,DRONE_DIRECT,2027년 국방예산으로 보는 K-방산 발전 방향성_260914.pdf,1,YoY,27년 국방예산_연도별_국방예산 및_방위력개선비.csv,9
dcb73537ebcebf03f0c2dacc,2026,KF-21 양산 예산,1.4,조원,비교값,직접 명시,DEFENSE_CONTEXT,2027년 국방예산으로 보는 K-방산 발전 방향성_260914.pdf,1,2027년 3.3조원과 비교,27년 국방예산_연도별_주요_무기체계.csv,2
7fc8b4ee142a4ab1e39da8c1,2027,KF-21 양산 예산,3.3,조원,정부안,직접 명시,DEFENSE_CONTEXT,2027년 국방예산으로 보는 K-방산 발전 방향성_260914.pdf,1,2026년 1.4조원 대비 2.4배 수준,27년 국방예산_연도별_주요_무기체계.csv,3
44614f45fa7a586599d81e86,2027,KF-21 Block-2 예산,1500.0,억원,신규 편성,직접 명시,DEFENSE_CONTEXT,2027년 국방예산으로 보는 K-방산 발전 방향성_260914.pdf,1,장거리 공대지미사일 탑재형,27년 국방예산_연도별_주요_무기체계.csv,4
01b84ef7cbc6f6a5a2e175ae,2027,천무 230mm급 무유도탄 예산,5504.0,억원,정부안,직접 명시,DEFENSE_CONTEXT,2027년 국방예산으로 보는 K-방산 발전 방향성_260914.pdf,1,주요 방위력개선비 항목,27년 국방예산_연도별_주요_무기체계.csv,5
539d6b5260f0951e579dcafa,2027,핵추진잠수함 개발 예산,966.0,억원,정부안,직접 명시,DEFENSE_CONTEXT,2027년 국방예산으로 보는 K-방산 발전 방향성_260914.pdf,1,주요 방위력개선비 항목,27년 국방예산_연도별_주요_무기체계.csv,6
5d70a182b5f2832984e48cde,2027,MUAV 양산 규모,9800.0,억원,예정 규모,직접 명시,DRONE_DIRECT,2027년 국방예산으로 보는 K-방산 발전 방향성_260914.pdf,1,2027~2028년에 걸쳐 양산 예정,27년 국방예산_연도별_주요_무기체계.csv,7
8dc17b0f2df7f40e3a9d0939,2027,다목적무인차량 예산 요구액,88.0,억원,방사청 요구,직접 명시,DEFENSE_CONTEXT,2027년 국방예산으로 보는 K-방산 발전 방향성_260914.pdf,5,내년도 예산안 관련 기사 인용,27년 국방예산_연도별_주요_무기체계.csv,8
2ee20cf987cbf3c4ea902b38,2027,다목적무인차량 반영 예산,3.5,억원,반영액,직접 명시,DEFENSE_CONTEXT,2027년 국방예산으로 보는 K-방산 발전 방향성_260914.pdf,5,,27년 국방예산_연도별_주요_무기체계.csv,9
e0ad2487a8a33c9c9ebcf5c0,2027,소총사격무인항공기 예산 요구액,103.0,억원,방사청 요구,직접 명시,DRONE_DIRECT,2027년 국방예산으로 보는 K-방산 발전 방향성_260914.pdf,5,,27년 국방예산_연도별_주요_무기체계.csv,10
2fdf02c9ff12654430324861,2027,소총사격무인항공기 반영 예산,43.0,억원,반영액,직접 명시,DRONE_DIRECT,2027년 국방예산으로 보는 K-방산 발전 방향성_260914.pdf,5,,27년 국방예산_연도별_주요_무기체계.csv,11
130713134c04d264c8d8ab60,2027,해안정찰용무인항공기 예산 요구액,434.0,억원,방사청 요구,직접 명시,DRONE_DIRECT,2027년 국방예산으로 보는 K-방산 발전 방향성_260914.pdf,5,,27년 국방예산_연도별_주요_무기체계.csv,12
0c63f004e5273b71dfe8fa0c,2027,해안정찰용무인항공기 반영 예산,2.0,억원,반영액,직접 명시,DRONE_DIRECT,2027년 국방예산으로 보는 K-방산 발전 방향성_260914.pdf,5,원문 표현은 '약 2억원',27년 국방예산_연도별_주요_무기체계.csv,13
0b1ee5146f0c69af58d1d2e3,2027,중거리자폭드론 예산 요구액,403.29,억원,방사청 요구,직접 명시,DRONE_DIRECT,2027년 국방예산으로 보는 K-방산 발전 방향성_260914.pdf,5,원문 403억2900만원,27년 국방예산_연도별_주요_무기체계.csv,14
bfb82fee61159d736d5ac10b,2027,중거리자폭드론 반영 예산,383.53,억원,반영액,직접 명시,DRONE_DIRECT,2027년 국방예산으로 보는 K-방산 발전 방향성_260914.pdf,5,원문 383억5300만원,27년 국방예산_연도별_주요_무기체계.csv,15
