job_id,job_title_ko,actual_employer,actual_posting_title,actual_posting_url,salary_disclosure_status,salary_min_10k_krw,salary_max_10k_krw,salary_original_text,source_row,source_file
DJ-009,드론 부품 기술영업 담당자,(주)아크로사,"로봇키트, 드론부품 대학교 교보재 영업직 모집",https://www.jobkorea.co.kr/Recruit/GI_Read/50000499?Oem_Code=C900&api=592,최저액공개,4500,,"연봉 4,500만원 이상(면접 후 결정)",10,drone_career_taxonomy_korea_2026-09-16.xlsx
DJ-015,무인항공기 구조설계 엔지니어,(주)프리뉴,고정익·VTOL 무인항공기 형상 및 구조설계,https://www.jobkorea.co.kr/Recruit/GI_Read/49960036?Oem_Code=C900&api=592,회사내규,,,회사 내규,16,drone_career_taxonomy_korea_2026-09-16.xlsx
DJ-016,UAV 구조해석 엔지니어,(주)지티에이에어로스페이스,UAV·중대형 무인헬기 구조설계·해석 연구원,https://www.jobkorea.co.kr/Recruit/GI_Read/49850309?Oem_Code=C900&api=592,미공개,,,공고에서 급여 미공개,17,drone_career_taxonomy_korea_2026-09-16.xlsx
DJ-017,드론 기구설계 엔지니어,에이럭스,드론 멀티콥터·VTOL·고정익 기구 설계 엔지니어,https://www.jobkorea.co.kr/Recruit/GI_Read/49955059?Oem_Code=C900&api=592,회사내규,,,회사 내규,18,drone_career_taxonomy_korea_2026-09-16.xlsx
DJ-024,드론 제작·통합 엔지니어,(주)아크로사,아크로사(ACROXAR) 픽스호크 드론제작 정직원 모집,https://www.jobkorea.co.kr/Recruit/GI_Read/49819175?Oem_Code=C900&api=592,최저액공개,4000,,"연봉 4,000만원 이상(면접 후 결정)",25,drone_career_taxonomy_korea_2026-09-16.xlsx
DJ-025,산업용 드론 제작·운영 엔지니어,케이프로시스템(주),산업용 드론제작 및 운영 업무모집,https://www.jobkorea.co.kr/Recruit/GI_Read/49994334?Oem_Code=C900&api=592,구간공개,2600,5000,"연봉 2,600~5,000만원(면접 후 결정)",26,drone_career_taxonomy_korea_2026-09-16.xlsx
DJ-026,드론 운용·제작 엔지니어,(주)아리온,드론 운용 및 제작 경력직,https://www.saramin.co.kr/zf_user/jobs/relay/view?rec_idx=55002735,미공개,,,공고에서 급여 미공개,27,drone_career_taxonomy_korea_2026-09-16.xlsx
DJ-027,드론 복합재 제작원,(주)프리뉴,기체제작팀 복합재 제작,https://www.jobkorea.co.kr/Recruit/GI_Read/49865329?Oem_Code=C900&api=592,회사내규,,,회사 내규,28,drone_career_taxonomy_korea_2026-09-16.xlsx
DJ-043,UAV 엔진 구조체 설계 엔지니어,자동차부품 제조사(헤드헌팅),UAV 엔진 구조체 설계,https://www.saramin.co.kr/zf_user/jobs/relay/view?rec_idx=55001565,미공개,,,공고에서 급여 미공개,44,drone_career_taxonomy_korea_2026-09-16.xlsx
DJ-047,드론 항전통합 엔지니어,에이럭스,드론 멀티콥터·VTOL·고정익 항전 엔지니어,https://www.jobkorea.co.kr/Recruit/GI_Read/49955114?Oem_Code=C900&api=592,회사내규,,,회사 내규,48,drone_career_taxonomy_korea_2026-09-16.xlsx
DJ-070,드론 자율비행 소프트웨어 개발자,(주)모빌리티랩,드론 SW/FW 및 자율비행 알고리즘/GUI 개발,https://www.jobkorea.co.kr/Recruit/GI_Read/49893527?Oem_Code=C900&api=592,구간공개,5000,8000,"연봉 5,000~8,000만원(면접 후 결정)",71,drone_career_taxonomy_korea_2026-09-16.xlsx
DJ-091,드론 영상데이터 후처리 담당자,(주)제이와이시스템,드론촬영 데이터 후처리 담당자,https://www.jobkorea.co.kr/Recruit/GI_Read/49830305?Oem_Code=C900&api=592,회사내규,,,회사 내규,92,drone_career_taxonomy_korea_2026-09-16.xlsx
DJ-095,드론 파일럿,에이럭스,멀티콥터·VTOL·고정익 드론 파일럿,https://www.jobkorea.co.kr/Recruit/GI_Read/49955170?Oem_Code=C900&api=592,회사내규,,,회사 내규,96,drone_career_taxonomy_korea_2026-09-16.xlsx
DJ-109,드론 운용·시험 엔지니어,태경전자(주),기업부설연구소 드론 운용 및 시험 담당자,https://www.jobkorea.co.kr/Recruit/GI_Read/49913994?Oem_Code=C900&api=592,회사내규,,,회사 내규,110,drone_career_taxonomy_korea_2026-09-16.xlsx
DJ-112,드론 시험비행·검증 담당자,(주)펀진,드론 시험비행·검증 담당자,https://www.jobkorea.co.kr/Recruit/GI_Read/49691314?Oem_Code=C900&api=592,회사내규,,,회사 내규,113,drone_career_taxonomy_korea_2026-09-16.xlsx
DJ-113,산업용 드론 생산·정비원,(주)헬셀,산업용 드론 생산 및 정비 사원,https://www.jobkorea.co.kr/Recruit/GI_Read/49899071?Oem_Code=C900&api=592,회사내규,,,회사 내규,114,drone_career_taxonomy_korea_2026-09-16.xlsx
DJ-118,드론 서비스센터 정비 엔지니어,(주)리포나,DJI 드론 공식 서비스 센터 엔지니어,https://www.jobkorea.co.kr/Recruit/GI_Read/49933088?Oem_Code=C900&api=592,회사내규,,,회사 내규,119,drone_career_taxonomy_korea_2026-09-16.xlsx
DJ-119,드론 기술지원 엔지니어,(주)아크로사,아크로사(ACROXAR) 픽스호크 기술지원팀 정직원 모집,https://www.jobkorea.co.kr/Recruit/GI_Read/49975028?Oem_Code=C900&api=592,최저액공개,4500,,"연봉 4,500만원 이상(면접 후 결정)",120,drone_career_taxonomy_korea_2026-09-16.xlsx
DJ-154,드론 측량 현장기술자,유피이엔지(주),"지하시설물(GIS) 측량, 드론측량 현장직 모집",https://www.saramin.co.kr/zf_user/jobs/relay/view?rec_idx=55049630,미공개,,,공고에서 급여 미공개,155,drone_career_taxonomy_korea_2026-09-16.xlsx
DJ-156,드론 LiDAR 측량 기술자,(주)다원솔루텍,지형 측량·드론 LiDAR 촬영 담당자,https://www.jobkorea.co.kr/Recruit/GI_Read/49844334?Oem_Code=C900&api=592,최저액공개,4000,,"연봉 4,000만원 이상(면접 후 결정)",157,drone_career_taxonomy_korea_2026-09-16.xlsx
