year,period_label,certificate_type,acquisition_count,period_end,full_year,measure_type,source_unit,source_file,quality_note
2004,2004,무인비행기,0,2004-12-31,Y,연간 조종자 증명 취득 공표 건수,명,초경량비행장치드론 포함 조종자 증명 취득현황2023.5월 기준.xlsx,복수 자격 취득 가능. 고유 인원 또는 취업자 수로 해석하지 않음.
2004,2004,무인멀티콥터,0,2004-12-31,Y,연간 조종자 증명 취득 공표 건수,명,초경량비행장치드론 포함 조종자 증명 취득현황2023.5월 기준.xlsx,복수 자격 취득 가능. 고유 인원 또는 취업자 수로 해석하지 않음.
2004,2004,무인비행선,0,2004-12-31,Y,연간 조종자 증명 취득 공표 건수,명,초경량비행장치드론 포함 조종자 증명 취득현황2023.5월 기준.xlsx,복수 자격 취득 가능. 고유 인원 또는 취업자 수로 해석하지 않음.
2004,2004,무인헬리콥터,0,2004-12-31,Y,연간 조종자 증명 취득 공표 건수,명,초경량비행장치드론 포함 조종자 증명 취득현황2023.5월 기준.xlsx,복수 자격 취득 가능. 고유 인원 또는 취업자 수로 해석하지 않음.
2005,2005,무인비행기,0,2005-12-31,Y,연간 조종자 증명 취득 공표 건수,명,초경량비행장치드론 포함 조종자 증명 취득현황2023.5월 기준.xlsx,복수 자격 취득 가능. 고유 인원 또는 취업자 수로 해석하지 않음.
2005,2005,무인멀티콥터,0,2005-12-31,Y,연간 조종자 증명 취득 공표 건수,명,초경량비행장치드론 포함 조종자 증명 취득현황2023.5월 기준.xlsx,복수 자격 취득 가능. 고유 인원 또는 취업자 수로 해석하지 않음.
2005,2005,무인비행선,0,2005-12-31,Y,연간 조종자 증명 취득 공표 건수,명,초경량비행장치드론 포함 조종자 증명 취득현황2023.5월 기준.xlsx,복수 자격 취득 가능. 고유 인원 또는 취업자 수로 해석하지 않음.
2005,2005,무인헬리콥터,0,2005-12-31,Y,연간 조종자 증명 취득 공표 건수,명,초경량비행장치드론 포함 조종자 증명 취득현황2023.5월 기준.xlsx,복수 자격 취득 가능. 고유 인원 또는 취업자 수로 해석하지 않음.
2006,2006,무인비행기,0,2006-12-31,Y,연간 조종자 증명 취득 공표 건수,명,초경량비행장치드론 포함 조종자 증명 취득현황2023.5월 기준.xlsx,복수 자격 취득 가능. 고유 인원 또는 취업자 수로 해석하지 않음.
2006,2006,무인멀티콥터,0,2006-12-31,Y,연간 조종자 증명 취득 공표 건수,명,초경량비행장치드론 포함 조종자 증명 취득현황2023.5월 기준.xlsx,복수 자격 취득 가능. 고유 인원 또는 취업자 수로 해석하지 않음.
2006,2006,무인비행선,0,2006-12-31,Y,연간 조종자 증명 취득 공표 건수,명,초경량비행장치드론 포함 조종자 증명 취득현황2023.5월 기준.xlsx,복수 자격 취득 가능. 고유 인원 또는 취업자 수로 해석하지 않음.
2006,2006,무인헬리콥터,0,2006-12-31,Y,연간 조종자 증명 취득 공표 건수,명,초경량비행장치드론 포함 조종자 증명 취득현황2023.5월 기준.xlsx,복수 자격 취득 가능. 고유 인원 또는 취업자 수로 해석하지 않음.
2007,2007,무인비행기,0,2007-12-31,Y,연간 조종자 증명 취득 공표 건수,명,초경량비행장치드론 포함 조종자 증명 취득현황2023.5월 기준.xlsx,복수 자격 취득 가능. 고유 인원 또는 취업자 수로 해석하지 않음.
2007,2007,무인멀티콥터,0,2007-12-31,Y,연간 조종자 증명 취득 공표 건수,명,초경량비행장치드론 포함 조종자 증명 취득현황2023.5월 기준.xlsx,복수 자격 취득 가능. 고유 인원 또는 취업자 수로 해석하지 않음.
2007,2007,무인비행선,0,2007-12-31,Y,연간 조종자 증명 취득 공표 건수,명,초경량비행장치드론 포함 조종자 증명 취득현황2023.5월 기준.xlsx,복수 자격 취득 가능. 고유 인원 또는 취업자 수로 해석하지 않음.
2007,2007,무인헬리콥터,0,2007-12-31,Y,연간 조종자 증명 취득 공표 건수,명,초경량비행장치드론 포함 조종자 증명 취득현황2023.5월 기준.xlsx,복수 자격 취득 가능. 고유 인원 또는 취업자 수로 해석하지 않음.
2008,2008,무인비행기,0,2008-12-31,Y,연간 조종자 증명 취득 공표 건수,명,초경량비행장치드론 포함 조종자 증명 취득현황2023.5월 기준.xlsx,복수 자격 취득 가능. 고유 인원 또는 취업자 수로 해석하지 않음.
2008,2008,무인멀티콥터,0,2008-12-31,Y,연간 조종자 증명 취득 공표 건수,명,초경량비행장치드론 포함 조종자 증명 취득현황2023.5월 기준.xlsx,복수 자격 취득 가능. 고유 인원 또는 취업자 수로 해석하지 않음.
2008,2008,무인비행선,0,2008-12-31,Y,연간 조종자 증명 취득 공표 건수,명,초경량비행장치드론 포함 조종자 증명 취득현황2023.5월 기준.xlsx,복수 자격 취득 가능. 고유 인원 또는 취업자 수로 해석하지 않음.
2008,2008,무인헬리콥터,0,2008-12-31,Y,연간 조종자 증명 취득 공표 건수,명,초경량비행장치드론 포함 조종자 증명 취득현황2023.5월 기준.xlsx,복수 자격 취득 가능. 고유 인원 또는 취업자 수로 해석하지 않음.
2009,2009,무인비행기,0,2009-12-31,Y,연간 조종자 증명 취득 공표 건수,명,초경량비행장치드론 포함 조종자 증명 취득현황2023.5월 기준.xlsx,복수 자격 취득 가능. 고유 인원 또는 취업자 수로 해석하지 않음.
2009,2009,무인멀티콥터,0,2009-12-31,Y,연간 조종자 증명 취득 공표 건수,명,초경량비행장치드론 포함 조종자 증명 취득현황2023.5월 기준.xlsx,복수 자격 취득 가능. 고유 인원 또는 취업자 수로 해석하지 않음.
2009,2009,무인비행선,0,2009-12-31,Y,연간 조종자 증명 취득 공표 건수,명,초경량비행장치드론 포함 조종자 증명 취득현황2023.5월 기준.xlsx,복수 자격 취득 가능. 고유 인원 또는 취업자 수로 해석하지 않음.
2009,2009,무인헬리콥터,0,2009-12-31,Y,연간 조종자 증명 취득 공표 건수,명,초경량비행장치드론 포함 조종자 증명 취득현황2023.5월 기준.xlsx,복수 자격 취득 가능. 고유 인원 또는 취업자 수로 해석하지 않음.
2010,2010,무인비행기,0,2010-12-31,Y,연간 조종자 증명 취득 공표 건수,명,초경량비행장치드론 포함 조종자 증명 취득현황2023.5월 기준.xlsx,복수 자격 취득 가능. 고유 인원 또는 취업자 수로 해석하지 않음.
2010,2010,무인멀티콥터,0,2010-12-31,Y,연간 조종자 증명 취득 공표 건수,명,초경량비행장치드론 포함 조종자 증명 취득현황2023.5월 기준.xlsx,복수 자격 취득 가능. 고유 인원 또는 취업자 수로 해석하지 않음.
2010,2010,무인비행선,0,2010-12-31,Y,연간 조종자 증명 취득 공표 건수,명,초경량비행장치드론 포함 조종자 증명 취득현황2023.5월 기준.xlsx,복수 자격 취득 가능. 고유 인원 또는 취업자 수로 해석하지 않음.
2010,2010,무인헬리콥터,0,2010-12-31,Y,연간 조종자 증명 취득 공표 건수,명,초경량비행장치드론 포함 조종자 증명 취득현황2023.5월 기준.xlsx,복수 자격 취득 가능. 고유 인원 또는 취업자 수로 해석하지 않음.
2011,2011,무인비행기,0,2011-12-31,Y,연간 조종자 증명 취득 공표 건수,명,초경량비행장치드론 포함 조종자 증명 취득현황2023.5월 기준.xlsx,복수 자격 취득 가능. 고유 인원 또는 취업자 수로 해석하지 않음.
2011,2011,무인멀티콥터,0,2011-12-31,Y,연간 조종자 증명 취득 공표 건수,명,초경량비행장치드론 포함 조종자 증명 취득현황2023.5월 기준.xlsx,복수 자격 취득 가능. 고유 인원 또는 취업자 수로 해석하지 않음.
2011,2011,무인비행선,0,2011-12-31,Y,연간 조종자 증명 취득 공표 건수,명,초경량비행장치드론 포함 조종자 증명 취득현황2023.5월 기준.xlsx,복수 자격 취득 가능. 고유 인원 또는 취업자 수로 해석하지 않음.
2011,2011,무인헬리콥터,0,2011-12-31,Y,연간 조종자 증명 취득 공표 건수,명,초경량비행장치드론 포함 조종자 증명 취득현황2023.5월 기준.xlsx,복수 자격 취득 가능. 고유 인원 또는 취업자 수로 해석하지 않음.
2012,2012,무인비행기,0,2012-12-31,Y,연간 조종자 증명 취득 공표 건수,명,초경량비행장치드론 포함 조종자 증명 취득현황2023.5월 기준.xlsx,복수 자격 취득 가능. 고유 인원 또는 취업자 수로 해석하지 않음.
2012,2012,무인멀티콥터,0,2012-12-31,Y,연간 조종자 증명 취득 공표 건수,명,초경량비행장치드론 포함 조종자 증명 취득현황2023.5월 기준.xlsx,복수 자격 취득 가능. 고유 인원 또는 취업자 수로 해석하지 않음.
2012,2012,무인비행선,0,2012-12-31,Y,연간 조종자 증명 취득 공표 건수,명,초경량비행장치드론 포함 조종자 증명 취득현황2023.5월 기준.xlsx,복수 자격 취득 가능. 고유 인원 또는 취업자 수로 해석하지 않음.
2012,2012,무인헬리콥터,0,2012-12-31,Y,연간 조종자 증명 취득 공표 건수,명,초경량비행장치드론 포함 조종자 증명 취득현황2023.5월 기준.xlsx,복수 자격 취득 가능. 고유 인원 또는 취업자 수로 해석하지 않음.
2013,2013,무인비행기,52,2013-12-31,Y,연간 조종자 증명 취득 공표 건수,명,초경량비행장치드론 포함 조종자 증명 취득현황2023.5월 기준.xlsx,복수 자격 취득 가능. 고유 인원 또는 취업자 수로 해석하지 않음.
2013,2013,무인멀티콥터,0,2013-12-31,Y,연간 조종자 증명 취득 공표 건수,명,초경량비행장치드론 포함 조종자 증명 취득현황2023.5월 기준.xlsx,복수 자격 취득 가능. 고유 인원 또는 취업자 수로 해석하지 않음.
2013,2013,무인비행선,12,2013-12-31,Y,연간 조종자 증명 취득 공표 건수,명,초경량비행장치드론 포함 조종자 증명 취득현황2023.5월 기준.xlsx,복수 자격 취득 가능. 고유 인원 또는 취업자 수로 해석하지 않음.
2013,2013,무인헬리콥터,0,2013-12-31,Y,연간 조종자 증명 취득 공표 건수,명,초경량비행장치드론 포함 조종자 증명 취득현황2023.5월 기준.xlsx,복수 자격 취득 가능. 고유 인원 또는 취업자 수로 해석하지 않음.
2014,2014,무인비행기,9,2014-12-31,Y,연간 조종자 증명 취득 공표 건수,명,초경량비행장치드론 포함 조종자 증명 취득현황2023.5월 기준.xlsx,복수 자격 취득 가능. 고유 인원 또는 취업자 수로 해석하지 않음.
2014,2014,무인멀티콥터,606,2014-12-31,Y,연간 조종자 증명 취득 공표 건수,명,초경량비행장치드론 포함 조종자 증명 취득현황2023.5월 기준.xlsx,복수 자격 취득 가능. 고유 인원 또는 취업자 수로 해석하지 않음.
2014,2014,무인비행선,9,2014-12-31,Y,연간 조종자 증명 취득 공표 건수,명,초경량비행장치드론 포함 조종자 증명 취득현황2023.5월 기준.xlsx,복수 자격 취득 가능. 고유 인원 또는 취업자 수로 해석하지 않음.
2014,2014,무인헬리콥터,606,2014-12-31,Y,연간 조종자 증명 취득 공표 건수,명,초경량비행장치드론 포함 조종자 증명 취득현황2023.5월 기준.xlsx,복수 자격 취득 가능. 고유 인원 또는 취업자 수로 해석하지 않음.
2015,2015,무인비행기,0,2015-12-31,Y,연간 조종자 증명 취득 공표 건수,명,초경량비행장치드론 포함 조종자 증명 취득현황2023.5월 기준.xlsx,복수 자격 취득 가능. 고유 인원 또는 취업자 수로 해석하지 않음.
2015,2015,무인멀티콥터,205,2015-12-31,Y,연간 조종자 증명 취득 공표 건수,명,초경량비행장치드론 포함 조종자 증명 취득현황2023.5월 기준.xlsx,복수 자격 취득 가능. 고유 인원 또는 취업자 수로 해석하지 않음.
2015,2015,무인비행선,4,2015-12-31,Y,연간 조종자 증명 취득 공표 건수,명,초경량비행장치드론 포함 조종자 증명 취득현황2023.5월 기준.xlsx,복수 자격 취득 가능. 고유 인원 또는 취업자 수로 해석하지 않음.
2015,2015,무인헬리콥터,205,2015-12-31,Y,연간 조종자 증명 취득 공표 건수,명,초경량비행장치드론 포함 조종자 증명 취득현황2023.5월 기준.xlsx,복수 자격 취득 가능. 고유 인원 또는 취업자 수로 해석하지 않음.
2016,2016,무인비행기,0,2016-12-31,Y,연간 조종자 증명 취득 공표 건수,명,초경량비행장치드론 포함 조종자 증명 취득현황2023.5월 기준.xlsx,복수 자격 취득 가능. 고유 인원 또는 취업자 수로 해석하지 않음.
2016,2016,무인멀티콥터,454,2016-12-31,Y,연간 조종자 증명 취득 공표 건수,명,초경량비행장치드론 포함 조종자 증명 취득현황2023.5월 기준.xlsx,복수 자격 취득 가능. 고유 인원 또는 취업자 수로 해석하지 않음.
2016,2016,무인비행선,0,2016-12-31,Y,연간 조종자 증명 취득 공표 건수,명,초경량비행장치드론 포함 조종자 증명 취득현황2023.5월 기준.xlsx,복수 자격 취득 가능. 고유 인원 또는 취업자 수로 해석하지 않음.
2016,2016,무인헬리콥터,454,2016-12-31,Y,연간 조종자 증명 취득 공표 건수,명,초경량비행장치드론 포함 조종자 증명 취득현황2023.5월 기준.xlsx,복수 자격 취득 가능. 고유 인원 또는 취업자 수로 해석하지 않음.
2017,2017,무인비행기,0,2017-12-31,Y,연간 조종자 증명 취득 공표 건수,명,초경량비행장치드론 포함 조종자 증명 취득현황2023.5월 기준.xlsx,복수 자격 취득 가능. 고유 인원 또는 취업자 수로 해석하지 않음.
2017,2017,무인멀티콥터,2872,2017-12-31,Y,연간 조종자 증명 취득 공표 건수,명,초경량비행장치드론 포함 조종자 증명 취득현황2023.5월 기준.xlsx,복수 자격 취득 가능. 고유 인원 또는 취업자 수로 해석하지 않음.
2017,2017,무인비행선,0,2017-12-31,Y,연간 조종자 증명 취득 공표 건수,명,초경량비행장치드론 포함 조종자 증명 취득현황2023.5월 기준.xlsx,복수 자격 취득 가능. 고유 인원 또는 취업자 수로 해석하지 않음.
2017,2017,무인헬리콥터,461,2017-12-31,Y,연간 조종자 증명 취득 공표 건수,명,초경량비행장치드론 포함 조종자 증명 취득현황2023.5월 기준.xlsx,복수 자격 취득 가능. 고유 인원 또는 취업자 수로 해석하지 않음.
2018,2018,무인비행기,6,2018-12-31,Y,연간 조종자 증명 취득 공표 건수,명,초경량비행장치드론 포함 조종자 증명 취득현황2023.5월 기준.xlsx,복수 자격 취득 가능. 고유 인원 또는 취업자 수로 해석하지 않음.
2018,2018,무인멀티콥터,11291,2018-12-31,Y,연간 조종자 증명 취득 공표 건수,명,초경량비행장치드론 포함 조종자 증명 취득현황2023.5월 기준.xlsx,복수 자격 취득 가능. 고유 인원 또는 취업자 수로 해석하지 않음.
2018,2018,무인비행선,7,2018-12-31,Y,연간 조종자 증명 취득 공표 건수,명,초경량비행장치드론 포함 조종자 증명 취득현황2023.5월 기준.xlsx,복수 자격 취득 가능. 고유 인원 또는 취업자 수로 해석하지 않음.
2018,2018,무인헬리콥터,95,2018-12-31,Y,연간 조종자 증명 취득 공표 건수,명,초경량비행장치드론 포함 조종자 증명 취득현황2023.5월 기준.xlsx,복수 자격 취득 가능. 고유 인원 또는 취업자 수로 해석하지 않음.
2019,2019,무인비행기,14,2019-12-31,Y,연간 조종자 증명 취득 공표 건수,명,초경량비행장치드론 포함 조종자 증명 취득현황2023.5월 기준.xlsx,복수 자격 취득 가능. 고유 인원 또는 취업자 수로 해석하지 않음.
2019,2019,무인멀티콥터,14713,2019-12-31,Y,연간 조종자 증명 취득 공표 건수,명,초경량비행장치드론 포함 조종자 증명 취득현황2023.5월 기준.xlsx,복수 자격 취득 가능. 고유 인원 또는 취업자 수로 해석하지 않음.
2019,2019,무인비행선,30,2019-12-31,Y,연간 조종자 증명 취득 공표 건수,명,초경량비행장치드론 포함 조종자 증명 취득현황2023.5월 기준.xlsx,복수 자격 취득 가능. 고유 인원 또는 취업자 수로 해석하지 않음.
2019,2019,무인헬리콥터,70,2019-12-31,Y,연간 조종자 증명 취득 공표 건수,명,초경량비행장치드론 포함 조종자 증명 취득현황2023.5월 기준.xlsx,복수 자격 취득 가능. 고유 인원 또는 취업자 수로 해석하지 않음.
2020,2020,무인비행기,28,2020-12-31,Y,연간 조종자 증명 취득 공표 건수,명,초경량비행장치드론 포함 조종자 증명 취득현황2023.5월 기준.xlsx,복수 자격 취득 가능. 고유 인원 또는 취업자 수로 해석하지 않음.
2020,2020,무인멀티콥터,13574,2020-12-31,Y,연간 조종자 증명 취득 공표 건수,명,초경량비행장치드론 포함 조종자 증명 취득현황2023.5월 기준.xlsx,복수 자격 취득 가능. 고유 인원 또는 취업자 수로 해석하지 않음.
2020,2020,무인비행선,2,2020-12-31,Y,연간 조종자 증명 취득 공표 건수,명,초경량비행장치드론 포함 조종자 증명 취득현황2023.5월 기준.xlsx,복수 자격 취득 가능. 고유 인원 또는 취업자 수로 해석하지 않음.
2020,2020,무인헬리콥터,68,2020-12-31,Y,연간 조종자 증명 취득 공표 건수,명,초경량비행장치드론 포함 조종자 증명 취득현황2023.5월 기준.xlsx,복수 자격 취득 가능. 고유 인원 또는 취업자 수로 해석하지 않음.
2021,2021,무인비행기,977,2021-12-31,Y,연간 조종자 증명 취득 공표 건수,명,초경량비행장치드론 포함 조종자 증명 취득현황2023.5월 기준.xlsx,복수 자격 취득 가능. 고유 인원 또는 취업자 수로 해석하지 않음.
2021,2021,무인멀티콥터,26746,2021-12-31,Y,연간 조종자 증명 취득 공표 건수,명,초경량비행장치드론 포함 조종자 증명 취득현황2023.5월 기준.xlsx,복수 자격 취득 가능. 고유 인원 또는 취업자 수로 해석하지 않음.
2021,2021,무인비행선,2,2021-12-31,Y,연간 조종자 증명 취득 공표 건수,명,초경량비행장치드론 포함 조종자 증명 취득현황2023.5월 기준.xlsx,복수 자격 취득 가능. 고유 인원 또는 취업자 수로 해석하지 않음.
2021,2021,무인헬리콥터,471,2021-12-31,Y,연간 조종자 증명 취득 공표 건수,명,초경량비행장치드론 포함 조종자 증명 취득현황2023.5월 기준.xlsx,복수 자격 취득 가능. 고유 인원 또는 취업자 수로 해석하지 않음.
2022,2022,무인비행기,224,2022-12-31,Y,연간 조종자 증명 취득 공표 건수,명,초경량비행장치드론 포함 조종자 증명 취득현황2023.5월 기준.xlsx,복수 자격 취득 가능. 고유 인원 또는 취업자 수로 해석하지 않음.
2022,2022,무인멀티콥터,26253,2022-12-31,Y,연간 조종자 증명 취득 공표 건수,명,초경량비행장치드론 포함 조종자 증명 취득현황2023.5월 기준.xlsx,복수 자격 취득 가능. 고유 인원 또는 취업자 수로 해석하지 않음.
2022,2022,무인비행선,3,2022-12-31,Y,연간 조종자 증명 취득 공표 건수,명,초경량비행장치드론 포함 조종자 증명 취득현황2023.5월 기준.xlsx,복수 자격 취득 가능. 고유 인원 또는 취업자 수로 해석하지 않음.
2022,2022,무인헬리콥터,221,2022-12-31,Y,연간 조종자 증명 취득 공표 건수,명,초경량비행장치드론 포함 조종자 증명 취득현황2023.5월 기준.xlsx,복수 자격 취득 가능. 고유 인원 또는 취업자 수로 해석하지 않음.
2023,2023.5,무인비행기,86,2023-05-31,N,연간 조종자 증명 취득 공표 건수,명,초경량비행장치드론 포함 조종자 증명 취득현황2023.5월 기준.xlsx,복수 자격 취득 가능. 고유 인원 또는 취업자 수로 해석하지 않음.
2023,2023.5,무인멀티콥터,10203,2023-05-31,N,연간 조종자 증명 취득 공표 건수,명,초경량비행장치드론 포함 조종자 증명 취득현황2023.5월 기준.xlsx,복수 자격 취득 가능. 고유 인원 또는 취업자 수로 해석하지 않음.
2023,2023.5,무인비행선,3,2023-05-31,N,연간 조종자 증명 취득 공표 건수,명,초경량비행장치드론 포함 조종자 증명 취득현황2023.5월 기준.xlsx,복수 자격 취득 가능. 고유 인원 또는 취업자 수로 해석하지 않음.
2023,2023.5,무인헬리콥터,96,2023-05-31,N,연간 조종자 증명 취득 공표 건수,명,초경량비행장치드론 포함 조종자 증명 취득현황2023.5월 기준.xlsx,복수 자격 취득 가능. 고유 인원 또는 취업자 수로 해석하지 않음.
