business_category,defense_use_case_relation,relation_rationale,official_defense_evidence,usage_note
안티드론,직접,대드론·C-UAS 용례와 직접 연결되는 사업분야,N,탐색용 분류이며 기업의 방산업체 지정·군 납품을 의미하지 않음
감시.정찰.수색,직접,군 감시·정찰 임무와 직접 연결 가능,N,탐색용 분류이며 기업의 방산업체 지정·군 납품을 의미하지 않음
임무장비,직접,정찰·공격·지원 임무장비와 연결 가능,N,탐색용 분류이며 기업의 방산업체 지정·군 납품을 의미하지 않음
지상통제장비,직접,GCS·임무통제와 연결 가능,N,탐색용 분류이며 기업의 방산업체 지정·군 납품을 의미하지 않음
통합솔루션,인접,체계통합·운용 소프트웨어와 연결 가능,N,탐색용 분류이며 기업의 방산업체 지정·군 납품을 의미하지 않음
모듈,인접,국방 드론 부품·모듈 공급망 후보,N,탐색용 분류이며 기업의 방산업체 지정·군 납품을 의미하지 않음
다목적 H/W,인접,기체·전자·탑재체 하드웨어 공급망 후보,N,탐색용 분류이며 기업의 방산업체 지정·군 납품을 의미하지 않음
드론스테이션,인접,무인 운용·원격 통제 인프라 후보,N,탐색용 분류이며 기업의 방산업체 지정·군 납품을 의미하지 않음
인프라관리,일반,민수 활용 중심이나 군 시설 관리와 교차 가능,N,탐색용 분류이며 기업의 방산업체 지정·군 납품을 의미하지 않음
물류·운송·구조,일반,군수·수송 용례와 교차 가능,N,탐색용 분류이며 기업의 방산업체 지정·군 납품을 의미하지 않음
공간정보,일반,군 지형·공간정보 용례와 교차 가능,N,탐색용 분류이며 기업의 방산업체 지정·군 납품을 의미하지 않음
특수촬영,일반,정찰 영상과 기술적으로 인접할 수 있음,N,탐색용 분류이며 기업의 방산업체 지정·군 납품을 의미하지 않음
환경측량,일반,군 환경·지형 조사와 교차 가능,N,탐색용 분류이며 기업의 방산업체 지정·군 납품을 의미하지 않음
방역/방제/살포,낮음,주로 민수 활용,N,탐색용 분류이며 기업의 방산업체 지정·군 납품을 의미하지 않음
방송·공연,낮음,국방 연계 판단 근거로 사용하지 않음,N,탐색용 분류이며 기업의 방산업체 지정·군 납품을 의미하지 않음
취미·교육,낮음,국방 연계 판단 근거로 사용하지 않음,N,탐색용 분류이며 기업의 방산업체 지정·군 납품을 의미하지 않음
앱,낮음,세부 기능 확인 전 국방 연계 판단 불가,N,탐색용 분류이며 기업의 방산업체 지정·군 납품을 의미하지 않음
기타,미확인,세부 내용 확인 필요,N,탐색용 분류이며 기업의 방산업체 지정·군 납품을 의미하지 않음
