company_id,company_name_normalized,company_name_variants,source_flags,in_portal_directory,in_defense_cost_cert,in_swarm_registry,in_krit_report,in_patent_applicant_ranking,defense_drone_relation_class,classification_basis,evidence_count,official_defense_company_designation_verified,designation_note
CMP0001,4S Mapper,4S Mapper,portal,Y,N,N,N,N,미분류,현재 수집자료 내 직접 근거 없음,0,N,공식 방산업체 지정현황 원본이 이번 묶음에 없어 별도 검증 전에는 지정업체로 표시하지 않음
CMP0002,LIG넥스원,LIG넥스원,"cost_cert,krit,portal",Y,Y,N,Y,N,교차출처 후보,방산 공식 보조근거와 별도 드론 근거가 함께 존재,2,N,공식 방산업체 지정현황 원본이 이번 묶음에 없어 별도 검증 전에는 지정업체로 표시하지 않음
CMP0003,LIG디펜스앤에어로스페이스,엘아이지디펜스앤에어로스페이스 주식회사,patent,N,N,N,N,Y,드론근거만 확인,드론 기술·운용 근거는 있으나 방산 참여 근거 미확인,1,N,공식 방산업체 지정현황 원본이 이번 묶음에 없어 별도 검증 전에는 지정업체로 표시하지 않음
CMP0004,STX엔진,STX엔진,cost_cert,N,Y,N,N,N,방산근거만 확인,방산원가관리체계 인증은 확인되나 드론 참여 근거는 미확인,1,N,공식 방산업체 지정현황 원본이 이번 묶음에 없어 별도 검증 전에는 지정업체로 표시하지 않음
CMP0005,S&T모티브,S&T모티브,cost_cert,N,Y,N,N,N,방산근거만 확인,방산원가관리체계 인증은 확인되나 드론 참여 근거는 미확인,1,N,공식 방산업체 지정현황 원본이 이번 묶음에 없어 별도 검증 전에는 지정업체로 표시하지 않음
CMP0006,가이온,(주)가이온,portal,Y,N,N,N,N,미분류,현재 수집자료 내 직접 근거 없음,0,N,공식 방산업체 지정현황 원본이 이번 묶음에 없어 별도 검증 전에는 지정업체로 표시하지 않음
CMP0007,강남무인항공,강남무인항공,portal,Y,N,N,N,N,미분류,현재 수집자료 내 직접 근거 없음,0,N,공식 방산업체 지정현황 원본이 이번 묶음에 없어 별도 검증 전에는 지정업체로 표시하지 않음
CMP0008,건국대학교 산학협력단,건국대학교 산학협력단,"patent,portal",Y,N,N,N,Y,드론근거만 확인,드론 기술·운용 근거는 있으나 방산 참여 근거 미확인,1,N,공식 방산업체 지정현황 원본이 이번 묶음에 없어 별도 검증 전에는 지정업체로 표시하지 않음
CMP0009,경기항공,주식회사 경기항공,portal,Y,N,N,N,N,미분류,현재 수집자료 내 직접 근거 없음,0,N,공식 방산업체 지정현황 원본이 이번 묶음에 없어 별도 검증 전에는 지정업체로 표시하지 않음
CMP0010,경북과학대 산학협력단,경북과학대 산학협력단,swarm,N,N,Y,N,N,드론근거만 확인,드론 기술·운용 근거는 있으나 방산 참여 근거 미확인,1,N,공식 방산업체 지정현황 원본이 이번 묶음에 없어 별도 검증 전에는 지정업체로 표시하지 않음
CMP0011,경북대학교 산학협력단,경북대학교 산학협력단,patent,N,N,N,N,Y,드론근거만 확인,드론 기술·운용 근거는 있으나 방산 참여 근거 미확인,1,N,공식 방산업체 지정현황 원본이 이번 묶음에 없어 별도 검증 전에는 지정업체로 표시하지 않음
CMP0012,경상국립대학교산학협력단,경상국립대학교산학협력단,patent,N,N,N,N,Y,드론근거만 확인,드론 기술·운용 근거는 있으나 방산 참여 근거 미확인,1,N,공식 방산업체 지정현황 원본이 이번 묶음에 없어 별도 검증 전에는 지정업체로 표시하지 않음
CMP0013,고양드론앵커센터,고양드론앵커센터,portal,Y,N,N,N,N,미분류,현재 수집자료 내 직접 근거 없음,0,N,공식 방산업체 지정현황 원본이 이번 묶음에 없어 별도 검증 전에는 지정업체로 표시하지 않음
CMP0014,공간정보,공간정보,portal,Y,N,N,N,N,미분류,현재 수집자료 내 직접 근거 없음,0,N,공식 방산업체 지정현황 원본이 이번 묶음에 없어 별도 검증 전에는 지정업체로 표시하지 않음
CMP0015,국방과학연구소,국방과학연구소,patent,N,N,N,N,Y,드론근거만 확인,드론 기술·운용 근거는 있으나 방산 참여 근거 미확인,1,N,공식 방산업체 지정현황 원본이 이번 묶음에 없어 별도 검증 전에는 지정업체로 표시하지 않음
CMP0016,국제드론표준산업협회,국제드론표준산업협회,portal,Y,N,N,N,N,미분류,현재 수집자료 내 직접 근거 없음,0,N,공식 방산업체 지정현황 원본이 이번 묶음에 없어 별도 검증 전에는 지정업체로 표시하지 않음
CMP0017,국토드론센터,국토드론센터,portal,Y,N,N,N,N,미분류,현재 수집자료 내 직접 근거 없음,0,N,공식 방산업체 지정현황 원본이 이번 묶음에 없어 별도 검증 전에는 지정업체로 표시하지 않음
CMP0018,군집텍,(주)군집텍,portal,Y,N,N,N,N,미분류,현재 수집자료 내 직접 근거 없음,0,N,공식 방산업체 지정현황 원본이 이번 묶음에 없어 별도 검증 전에는 지정업체로 표시하지 않음
CMP0019,규림,(주) 규림,portal,Y,N,N,N,N,미분류,현재 수집자료 내 직접 근거 없음,0,N,공식 방산업체 지정현황 원본이 이번 묶음에 없어 별도 검증 전에는 지정업체로 표시하지 않음
CMP0020,그리폰다이나믹스,그리폰다이나믹스,portal,Y,N,N,N,N,미분류,현재 수집자료 내 직접 근거 없음,0,N,공식 방산업체 지정현황 원본이 이번 묶음에 없어 별도 검증 전에는 지정업체로 표시하지 않음
CMP0021,기아,기아 주식회사,patent,N,N,N,N,Y,드론근거만 확인,드론 기술·운용 근거는 있으나 방산 참여 근거 미확인,1,N,공식 방산업체 지정현황 원본이 이번 묶음에 없어 별도 검증 전에는 지정업체로 표시하지 않음
CMP0022,김명준,김명준,patent,N,N,N,N,Y,드론근거만 확인,드론 기술·운용 근거는 있으나 방산 참여 근거 미확인,1,N,공식 방산업체 지정현황 원본이 이번 묶음에 없어 별도 검증 전에는 지정업체로 표시하지 않음
CMP0023,김태산,김태산,patent,N,N,N,N,Y,드론근거만 확인,드론 기술·운용 근거는 있으나 방산 참여 근거 미확인,1,N,공식 방산업체 지정현황 원본이 이번 묶음에 없어 별도 검증 전에는 지정업체로 표시하지 않음
CMP0024,나라항공기술,나라항공기술,portal,Y,N,N,N,N,미분류,현재 수집자료 내 직접 근거 없음,0,N,공식 방산업체 지정현황 원본이 이번 묶음에 없어 별도 검증 전에는 지정업체로 표시하지 않음
CMP0025,나래기술,나래기술,portal,Y,N,N,N,N,미분류,현재 수집자료 내 직접 근거 없음,0,N,공식 방산업체 지정현황 원본이 이번 묶음에 없어 별도 검증 전에는 지정업체로 표시하지 않음
CMP0026,나르마,나르마 | 주식회사 나르마,"patent,portal",Y,N,N,N,Y,드론근거만 확인,드론 기술·운용 근거는 있으나 방산 참여 근거 미확인,1,N,공식 방산업체 지정현황 원본이 이번 묶음에 없어 별도 검증 전에는 지정업체로 표시하지 않음
CMP0027,날다,주식회사 날다,"portal,swarm",Y,N,Y,N,N,드론근거만 확인,드론 기술·운용 근거는 있으나 방산 참여 근거 미확인,1,N,공식 방산업체 지정현황 원본이 이번 묶음에 없어 별도 검증 전에는 지정업체로 표시하지 않음
CMP0028,남양주드론항공센터,남양주드론항공센터,portal,Y,N,N,N,N,미분류,현재 수집자료 내 직접 근거 없음,0,N,공식 방산업체 지정현황 원본이 이번 묶음에 없어 별도 검증 전에는 지정업체로 표시하지 않음
CMP0029,네스앤텍,네스앤텍,portal,Y,N,N,N,N,미분류,현재 수집자료 내 직접 근거 없음,0,N,공식 방산업체 지정현황 원본이 이번 묶음에 없어 별도 검증 전에는 지정업체로 표시하지 않음
CMP0030,네오와인,네오와인,portal,Y,N,N,N,N,미분류,현재 수집자료 내 직접 근거 없음,0,N,공식 방산업체 지정현황 원본이 이번 묶음에 없어 별도 검증 전에는 지정업체로 표시하지 않음
CMP0031,네온테크,네온테크,portal,Y,N,N,N,N,미분류,현재 수집자료 내 직접 근거 없음,0,N,공식 방산업체 지정현황 원본이 이번 묶음에 없어 별도 검증 전에는 지정업체로 표시하지 않음
CMP0032,넥스컴스,넥스컴스,portal,Y,N,N,N,N,미분류,현재 수집자료 내 직접 근거 없음,0,N,공식 방산업체 지정현황 원본이 이번 묶음에 없어 별도 검증 전에는 지정업체로 표시하지 않음
CMP0033,노타,노타,portal,Y,N,N,N,N,미분류,현재 수집자료 내 직접 근거 없음,0,N,공식 방산업체 지정현황 원본이 이번 묶음에 없어 별도 검증 전에는 지정업체로 표시하지 않음
CMP0034,농업회사법인 주식회사 금산,농업회사법인 주식회사 금산,portal,Y,N,N,N,N,미분류,현재 수집자료 내 직접 근거 없음,0,N,공식 방산업체 지정현황 원본이 이번 묶음에 없어 별도 검증 전에는 지정업체로 표시하지 않음
CMP0035,농업회사법인 주식회사 케이제이,농업회사법인 주식회사 케이제이,swarm,N,N,Y,N,N,드론근거만 확인,드론 기술·운용 근거는 있으나 방산 참여 근거 미확인,1,N,공식 방산업체 지정현황 원본이 이번 묶음에 없어 별도 검증 전에는 지정업체로 표시하지 않음
CMP0036,니나노컴퍼니,주식회사 니나노컴퍼니,portal,Y,N,N,N,N,미분류,현재 수집자료 내 직접 근거 없음,0,N,공식 방산업체 지정현황 원본이 이번 묶음에 없어 별도 검증 전에는 지정업체로 표시하지 않음
CMP0037,니어스랩,니어스랩,"krit,portal",Y,N,N,Y,N,원문 직접확인,공식 보고서에 방산혁신기업 프로젝트 또는 국방기술개발 과제로 명시,1,N,공식 방산업체 지정현황 원본이 이번 묶음에 없어 별도 검증 전에는 지정업체로 표시하지 않음
CMP0038,다산항공드론교육원,다산항공드론교육원,portal,Y,N,N,N,N,미분류,현재 수집자료 내 직접 근거 없음,0,N,공식 방산업체 지정현황 원본이 이번 묶음에 없어 별도 검증 전에는 지정업체로 표시하지 않음
CMP0039,다온아이앤씨,(주)다온아이앤씨,swarm,N,N,Y,N,N,드론근거만 확인,드론 기술·운용 근거는 있으나 방산 참여 근거 미확인,1,N,공식 방산업체 지정현황 원본이 이번 묶음에 없어 별도 검증 전에는 지정업체로 표시하지 않음
CMP0040,다츠,(주)다츠,portal,Y,N,N,N,N,미분류,현재 수집자료 내 직접 근거 없음,0,N,공식 방산업체 지정현황 원본이 이번 묶음에 없어 별도 검증 전에는 지정업체로 표시하지 않음
CMP0041,단트넷,단트넷,portal,Y,N,N,N,N,미분류,현재 수집자료 내 직접 근거 없음,0,N,공식 방산업체 지정현황 원본이 이번 묶음에 없어 별도 검증 전에는 지정업체로 표시하지 않음
CMP0042,담스테크,주식회사 담스테크,portal,Y,N,N,N,N,방산인접 탐색후보,안티드론 사업분야 태그 존재. 공식 방산 근거 미확인,1,N,공식 방산업체 지정현황 원본이 이번 묶음에 없어 별도 검증 전에는 지정업체로 표시하지 않음
CMP0043,대구경북과학기술원,재단법인대구경북과학기술원,patent,N,N,N,N,Y,드론근거만 확인,드론 기술·운용 근거는 있으나 방산 참여 근거 미확인,1,N,공식 방산업체 지정현황 원본이 이번 묶음에 없어 별도 검증 전에는 지정업체로 표시하지 않음
CMP0044,대영드론솔루션(주),대영드론솔루션(주),portal,Y,N,N,N,N,미분류,현재 수집자료 내 직접 근거 없음,0,N,공식 방산업체 지정현황 원본이 이번 묶음에 없어 별도 검증 전에는 지정업체로 표시하지 않음
CMP0045,대우건설,(주)대우건설,patent,N,N,N,N,Y,드론근거만 확인,드론 기술·운용 근거는 있으나 방산 참여 근거 미확인,1,N,공식 방산업체 지정현황 원본이 이번 묶음에 없어 별도 검증 전에는 지정업체로 표시하지 않음
CMP0046,대한드론진흥협회,사단법인 대한드론진흥협회,portal,Y,N,N,N,N,미분류,현재 수집자료 내 직접 근거 없음,0,N,공식 방산업체 지정현황 원본이 이번 묶음에 없어 별도 검증 전에는 지정업체로 표시하지 않음
CMP0047,대한민국(방위사업청장),대한민국(방위사업청장),patent,N,N,N,N,Y,드론근거만 확인,드론 기술·운용 근거는 있으나 방산 참여 근거 미확인,1,N,공식 방산업체 지정현황 원본이 이번 묶음에 없어 별도 검증 전에는 지정업체로 표시하지 않음
CMP0048,대한민국(행정안전부 국립재난안전연구원장),대한민국(행정안전부 국립재난안전연구원장),patent,N,N,N,N,Y,드론근거만 확인,드론 기술·운용 근거는 있으나 방산 참여 근거 미확인,1,N,공식 방산업체 지정현황 원본이 이번 묶음에 없어 별도 검증 전에는 지정업체로 표시하지 않음
CMP0049,대한항공,대한항공,"cost_cert,portal",Y,Y,N,N,N,교차출처 후보,방산 공식 보조근거와 별도 드론 근거가 함께 존재,1,N,공식 방산업체 지정현황 원본이 이번 묶음에 없어 별도 검증 전에는 지정업체로 표시하지 않음
CMP0050,더대시,주식회사 더대시,portal,Y,N,N,N,N,방산인접 탐색후보,안티드론 사업분야 태그 존재. 공식 방산 근거 미확인,1,N,공식 방산업체 지정현황 원본이 이번 묶음에 없어 별도 검증 전에는 지정업체로 표시하지 않음
CMP0051,더 드론,더 드론,portal,Y,N,N,N,N,미분류,현재 수집자료 내 직접 근거 없음,0,N,공식 방산업체 지정현황 원본이 이번 묶음에 없어 별도 검증 전에는 지정업체로 표시하지 않음
CMP0052,더피치,더피치,portal,Y,N,N,N,N,미분류,현재 수집자료 내 직접 근거 없음,0,N,공식 방산업체 지정현황 원본이 이번 묶음에 없어 별도 검증 전에는 지정업체로 표시하지 않음
CMP0053,더하드,주식회사 더하드,portal,Y,N,N,N,N,미분류,현재 수집자료 내 직접 근거 없음,0,N,공식 방산업체 지정현황 원본이 이번 묶음에 없어 별도 검증 전에는 지정업체로 표시하지 않음
CMP0054,도레이첨단소재,도레이첨단소재 주식회사,patent,N,N,N,N,Y,드론근거만 확인,드론 기술·운용 근거는 있으나 방산 참여 근거 미확인,1,N,공식 방산업체 지정현황 원본이 이번 묶음에 없어 별도 검증 전에는 지정업체로 표시하지 않음
CMP0055,동부엔지니어링(주),동부엔지니어링(주),portal,Y,N,N,N,N,미분류,현재 수집자료 내 직접 근거 없음,0,N,공식 방산업체 지정현황 원본이 이번 묶음에 없어 별도 검증 전에는 지정업체로 표시하지 않음
CMP0056,두드론,두드론,portal,Y,N,N,N,N,미분류,현재 수집자료 내 직접 근거 없음,0,N,공식 방산업체 지정현황 원본이 이번 묶음에 없어 별도 검증 전에는 지정업체로 표시하지 않음
CMP0057,두산모빌리티이노베이션,두산모빌리티이노베이션,portal,Y,N,N,N,N,미분류,현재 수집자료 내 직접 근거 없음,0,N,공식 방산업체 지정현황 원본이 이번 묶음에 없어 별도 검증 전에는 지정업체로 표시하지 않음
CMP0058,두시텍,두시텍 | 주식회사 두시텍,"patent,portal",Y,N,N,N,Y,드론근거만 확인,드론 기술·운용 근거는 있으나 방산 참여 근거 미확인,1,N,공식 방산업체 지정현황 원본이 이번 묶음에 없어 별도 검증 전에는 지정업체로 표시하지 않음
CMP0059,두타기술,두타기술,portal,Y,N,N,N,N,방산인접 탐색후보,안티드론 사업분야 태그 존재. 공식 방산 근거 미확인,1,N,공식 방산업체 지정현황 원본이 이번 묶음에 없어 별도 검증 전에는 지정업체로 표시하지 않음
CMP0060,드로니아,주식회사 드로니아,portal,Y,N,N,N,N,미분류,현재 수집자료 내 직접 근거 없음,0,N,공식 방산업체 지정현황 원본이 이번 묶음에 없어 별도 검증 전에는 지정업체로 표시하지 않음
CMP0061,드로미,주식회사 드로미,portal,Y,N,N,N,N,미분류,현재 수집자료 내 직접 근거 없음,0,N,공식 방산업체 지정현황 원본이 이번 묶음에 없어 별도 검증 전에는 지정업체로 표시하지 않음
CMP0062,드론- 디디에이(DRONE DDA),드론- 디디에이(DRONE DDA),portal,Y,N,N,N,N,미분류,현재 수집자료 내 직접 근거 없음,0,N,공식 방산업체 지정현황 원본이 이번 묶음에 없어 별도 검증 전에는 지정업체로 표시하지 않음
CMP0063,드론매거진,드론매거진,portal,Y,N,N,N,N,미분류,현재 수집자료 내 직접 근거 없음,0,N,공식 방산업체 지정현황 원본이 이번 묶음에 없어 별도 검증 전에는 지정업체로 표시하지 않음
CMP0064,드론메이커,드론메이커,portal,Y,N,N,N,N,미분류,현재 수집자료 내 직접 근거 없음,0,N,공식 방산업체 지정현황 원본이 이번 묶음에 없어 별도 검증 전에는 지정업체로 표시하지 않음
CMP0065,드론메이커스항공(주),드론메이커스항공(주),portal,Y,N,N,N,N,미분류,현재 수집자료 내 직접 근거 없음,0,N,공식 방산업체 지정현황 원본이 이번 묶음에 없어 별도 검증 전에는 지정업체로 표시하지 않음
CMP0066,드론미디어,드론미디어,portal,Y,N,N,N,N,미분류,현재 수집자료 내 직접 근거 없음,0,N,공식 방산업체 지정현황 원본이 이번 묶음에 없어 별도 검증 전에는 지정업체로 표시하지 않음
CMP0067,드론버스,드론버스,portal,Y,N,N,N,N,미분류,현재 수집자료 내 직접 근거 없음,0,N,공식 방산업체 지정현황 원본이 이번 묶음에 없어 별도 검증 전에는 지정업체로 표시하지 않음
CMP0068,드론스퀘어,드론스퀘어,portal,Y,N,N,N,N,미분류,현재 수집자료 내 직접 근거 없음,0,N,공식 방산업체 지정현황 원본이 이번 묶음에 없어 별도 검증 전에는 지정업체로 표시하지 않음
CMP0069,드론아카데미,(주)드론아카데미,portal,Y,N,N,N,N,미분류,현재 수집자료 내 직접 근거 없음,0,N,공식 방산업체 지정현황 원본이 이번 묶음에 없어 별도 검증 전에는 지정업체로 표시하지 않음
CMP0070,드론안전기술,드론안전기술,portal,Y,N,N,N,N,미분류,현재 수집자료 내 직접 근거 없음,0,N,공식 방산업체 지정현황 원본이 이번 묶음에 없어 별도 검증 전에는 지정업체로 표시하지 않음
CMP0071,드론월드,드론월드,portal,Y,N,N,N,N,미분류,현재 수집자료 내 직접 근거 없음,0,N,공식 방산업체 지정현황 원본이 이번 묶음에 없어 별도 검증 전에는 지정업체로 표시하지 않음
CMP0072,드론코리아 아카데미,주식회사 드론코리아 아카데미,swarm,N,N,Y,N,N,드론근거만 확인,드론 기술·운용 근거는 있으나 방산 참여 근거 미확인,1,N,공식 방산업체 지정현황 원본이 이번 묶음에 없어 별도 검증 전에는 지정업체로 표시하지 않음
CMP0073,드론테크,드론테크,portal,Y,N,N,N,N,미분류,현재 수집자료 내 직접 근거 없음,0,N,공식 방산업체 지정현황 원본이 이번 묶음에 없어 별도 검증 전에는 지정업체로 표시하지 않음
CMP0074,드론프릭,주식회사 드론프릭,portal,Y,N,N,N,N,미분류,현재 수집자료 내 직접 근거 없음,0,N,공식 방산업체 지정현황 원본이 이번 묶음에 없어 별도 검증 전에는 지정업체로 표시하지 않음
CMP0075,드론핏,드론핏,portal,Y,N,N,N,N,미분류,현재 수집자료 내 직접 근거 없음,0,N,공식 방산업체 지정현황 원본이 이번 묶음에 없어 별도 검증 전에는 지정업체로 표시하지 않음
CMP0076,드림플라잉,드림플라잉,portal,Y,N,N,N,N,미분류,현재 수집자료 내 직접 근거 없음,0,N,공식 방산업체 지정현황 원본이 이번 묶음에 없어 별도 검증 전에는 지정업체로 표시하지 않음
CMP0077,디브레인,디브레인,portal,Y,N,N,N,N,미분류,현재 수집자료 내 직접 근거 없음,0,N,공식 방산업체 지정현황 원본이 이번 묶음에 없어 별도 검증 전에는 지정업체로 표시하지 않음
CMP0078,디스이즈엔지니어링,디스이즈엔지니어링,portal,Y,N,N,N,N,미분류,현재 수집자료 내 직접 근거 없음,0,N,공식 방산업체 지정현황 원본이 이번 묶음에 없어 별도 검증 전에는 지정업체로 표시하지 않음
CMP0079,디알메이커시스템,디알메이커시스템,portal,Y,N,N,N,N,미분류,현재 수집자료 내 직접 근거 없음,0,N,공식 방산업체 지정현황 원본이 이번 묶음에 없어 별도 검증 전에는 지정업체로 표시하지 않음
CMP0080,디알원,(주)디알원,portal,Y,N,N,N,N,미분류,현재 수집자료 내 직접 근거 없음,0,N,공식 방산업체 지정현황 원본이 이번 묶음에 없어 별도 검증 전에는 지정업체로 표시하지 않음
CMP0081,디에어,주식회사 디에어,portal,Y,N,N,N,N,미분류,현재 수집자료 내 직접 근거 없음,0,N,공식 방산업체 지정현황 원본이 이번 묶음에 없어 별도 검증 전에는 지정업체로 표시하지 않음
CMP0082,디에이브이윙스,디에이브이윙스,portal,Y,N,N,N,N,미분류,현재 수집자료 내 직접 근거 없음,0,N,공식 방산업체 지정현황 원본이 이번 묶음에 없어 별도 검증 전에는 지정업체로 표시하지 않음
CMP0083,디지털커브,주식회사 디지털커브,patent,N,N,N,N,Y,드론근거만 확인,드론 기술·운용 근거는 있으나 방산 참여 근거 미확인,1,N,공식 방산업체 지정현황 원본이 이번 묶음에 없어 별도 검증 전에는 지정업체로 표시하지 않음
CMP0084,딥블루익스플로러,딥블루익스플로러,portal,Y,N,N,N,N,미분류,현재 수집자료 내 직접 근거 없음,0,N,공식 방산업체 지정현황 원본이 이번 묶음에 없어 별도 검증 전에는 지정업체로 표시하지 않음
CMP0085,딥엑스,딥엑스,krit,N,N,N,Y,N,원문 직접확인,공식 보고서에 방산혁신기업 프로젝트 또는 국방기술개발 과제로 명시,1,N,공식 방산업체 지정현황 원본이 이번 묶음에 없어 별도 검증 전에는 지정업체로 표시하지 않음
CMP0086,띄움스토리,(주)띄움스토리,portal,Y,N,N,N,N,미분류,현재 수집자료 내 직접 근거 없음,0,N,공식 방산업체 지정현황 원본이 이번 묶음에 없어 별도 검증 전에는 지정업체로 표시하지 않음
CMP0087,라온스랩,주식회사 라온스랩,swarm,N,N,Y,N,N,드론근거만 확인,드론 기술·운용 근거는 있으나 방산 참여 근거 미확인,1,N,공식 방산업체 지정현황 원본이 이번 묶음에 없어 별도 검증 전에는 지정업체로 표시하지 않음
CMP0088,로텀,주식회사 로텀,portal,Y,N,N,N,N,미분류,현재 수집자료 내 직접 근거 없음,0,N,공식 방산업체 지정현황 원본이 이번 묶음에 없어 별도 검증 전에는 지정업체로 표시하지 않음
CMP0089,루프,주식회사 루프,portal,Y,N,N,N,N,방산인접 탐색후보,안티드론 사업분야 태그 존재. 공식 방산 근거 미확인,1,N,공식 방산업체 지정현황 원본이 이번 묶음에 없어 별도 검증 전에는 지정업체로 표시하지 않음
CMP0090,리맵,주식회사 리맵,portal,Y,N,N,N,N,미분류,현재 수집자료 내 직접 근거 없음,0,N,공식 방산업체 지정현황 원본이 이번 묶음에 없어 별도 검증 전에는 지정업체로 표시하지 않음
CMP0091,리얼테크,(주)리얼테크,portal,Y,N,N,N,N,미분류,현재 수집자료 내 직접 근거 없음,0,N,공식 방산업체 지정현황 원본이 이번 묶음에 없어 별도 검증 전에는 지정업체로 표시하지 않음
CMP0092,리하이,주식회사 리하이,portal,Y,N,N,N,N,미분류,현재 수집자료 내 직접 근거 없음,0,N,공식 방산업체 지정현황 원본이 이번 묶음에 없어 별도 검증 전에는 지정업체로 표시하지 않음
CMP0093,마이크로드론코리아,마이크로드론코리아,portal,Y,N,N,N,N,미분류,현재 수집자료 내 직접 근거 없음,0,N,공식 방산업체 지정현황 원본이 이번 묶음에 없어 별도 검증 전에는 지정업체로 표시하지 않음
CMP0094,만물공작소,만물공작소,portal,Y,N,N,N,N,미분류,현재 수집자료 내 직접 근거 없음,0,N,공식 방산업체 지정현황 원본이 이번 묶음에 없어 별도 검증 전에는 지정업체로 표시하지 않음
CMP0095,메이사,주식회사 메이사,portal,Y,N,N,N,N,미분류,현재 수집자료 내 직접 근거 없음,0,N,공식 방산업체 지정현황 원본이 이번 묶음에 없어 별도 검증 전에는 지정업체로 표시하지 않음
CMP0096,메타로보틱스,메타로보틱스,portal,Y,N,N,N,N,미분류,현재 수집자료 내 직접 근거 없음,0,N,공식 방산업체 지정현황 원본이 이번 묶음에 없어 별도 검증 전에는 지정업체로 표시하지 않음
CMP0097,메타파스,메타파스,portal,Y,N,N,N,N,미분류,현재 수집자료 내 직접 근거 없음,0,N,공식 방산업체 지정현황 원본이 이번 묶음에 없어 별도 검증 전에는 지정업체로 표시하지 않음
CMP0098,모디랩스,모디랩스,portal,Y,N,N,N,N,미분류,현재 수집자료 내 직접 근거 없음,0,N,공식 방산업체 지정현황 원본이 이번 묶음에 없어 별도 검증 전에는 지정업체로 표시하지 않음
CMP0099,모빌리티원,(주)모빌리티원,portal,Y,N,N,N,N,미분류,현재 수집자료 내 직접 근거 없음,0,N,공식 방산업체 지정현황 원본이 이번 묶음에 없어 별도 검증 전에는 지정업체로 표시하지 않음
CMP0100,모터이엔지(주),모터이엔지(주),portal,Y,N,N,N,N,미분류,현재 수집자료 내 직접 근거 없음,0,N,공식 방산업체 지정현황 원본이 이번 묶음에 없어 별도 검증 전에는 지정업체로 표시하지 않음
CMP0101,몬스터드론,몬스터드론,portal,Y,N,N,N,N,미분류,현재 수집자료 내 직접 근거 없음,0,N,공식 방산업체 지정현황 원본이 이번 묶음에 없어 별도 검증 전에는 지정업체로 표시하지 않음
CMP0102,무지개연구소,무지개연구소,portal,Y,N,N,N,N,미분류,현재 수집자료 내 직접 근거 없음,0,N,공식 방산업체 지정현황 원본이 이번 묶음에 없어 별도 검증 전에는 지정업체로 표시하지 않음
CMP0103,무한정보기술,주식회사 무한정보기술,portal,Y,N,N,N,N,미분류,현재 수집자료 내 직접 근거 없음,0,N,공식 방산업체 지정현황 원본이 이번 묶음에 없어 별도 검증 전에는 지정업체로 표시하지 않음
CMP0104,미래도시정보,주식회사 미래도시정보,portal,Y,N,N,N,N,미분류,현재 수집자료 내 직접 근거 없음,0,N,공식 방산업체 지정현황 원본이 이번 묶음에 없어 별도 검증 전에는 지정업체로 표시하지 않음
CMP0105,베셀,베셀,portal,Y,N,N,N,N,미분류,현재 수집자료 내 직접 근거 없음,0,N,공식 방산업체 지정현황 원본이 이번 묶음에 없어 별도 검증 전에는 지정업체로 표시하지 않음
CMP0106,베이리스,베이리스,portal,Y,N,N,N,N,미분류,현재 수집자료 내 직접 근거 없음,0,N,공식 방산업체 지정현황 원본이 이번 묶음에 없어 별도 검증 전에는 지정업체로 표시하지 않음
CMP0107,보다,주식회사 보다,portal,Y,N,N,N,N,미분류,현재 수집자료 내 직접 근거 없음,0,N,공식 방산업체 지정현황 원본이 이번 묶음에 없어 별도 검증 전에는 지정업체로 표시하지 않음
CMP0108,보라스카이,(주)보라스카이,portal,Y,N,N,N,N,미분류,현재 수집자료 내 직접 근거 없음,0,N,공식 방산업체 지정현황 원본이 이번 묶음에 없어 별도 검증 전에는 지정업체로 표시하지 않음
CMP0109,보헤미안오에스,(주)보헤미안오에스,portal,Y,N,N,N,N,미분류,현재 수집자료 내 직접 근거 없음,0,N,공식 방산업체 지정현황 원본이 이번 묶음에 없어 별도 검증 전에는 지정업체로 표시하지 않음
CMP0110,볼로랜드,(주)볼로랜드,portal,Y,N,N,N,N,미분류,현재 수집자료 내 직접 근거 없음,0,N,공식 방산업체 지정현황 원본이 이번 묶음에 없어 별도 검증 전에는 지정업체로 표시하지 않음
CMP0111,부산드론교육센터,부산드론교육센터,portal,Y,N,N,N,N,미분류,현재 수집자료 내 직접 근거 없음,0,N,공식 방산업체 지정현황 원본이 이번 묶음에 없어 별도 검증 전에는 지정업체로 표시하지 않음
CMP0112,부산직업능력교육원,부산직업능력교육원,portal,Y,N,N,N,N,미분류,현재 수집자료 내 직접 근거 없음,0,N,공식 방산업체 지정현황 원본이 이번 묶음에 없어 별도 검증 전에는 지정업체로 표시하지 않음
CMP0113,뷰런테크놀로지,(주)뷰런테크놀로지,patent,N,N,N,N,Y,드론근거만 확인,드론 기술·운용 근거는 있으나 방산 참여 근거 미확인,1,N,공식 방산업체 지정현황 원본이 이번 묶음에 없어 별도 검증 전에는 지정업체로 표시하지 않음
CMP0114,뷰메진,주식회사 뷰메진,portal,Y,N,N,N,N,미분류,현재 수집자료 내 직접 근거 없음,0,N,공식 방산업체 지정현황 원본이 이번 묶음에 없어 별도 검증 전에는 지정업체로 표시하지 않음
CMP0115,비거텍코리아,주식회사비거텍코리아,portal,Y,N,N,N,N,미분류,현재 수집자료 내 직접 근거 없음,0,N,공식 방산업체 지정현황 원본이 이번 묶음에 없어 별도 검증 전에는 지정업체로 표시하지 않음
CMP0116,비스타컴,비스타컴,portal,Y,N,N,N,N,방산인접 탐색후보,안티드론 사업분야 태그 존재. 공식 방산 근거 미확인,1,N,공식 방산업체 지정현황 원본이 이번 묶음에 없어 별도 검증 전에는 지정업체로 표시하지 않음
CMP0117,삼정솔루션,삼정솔루션 | 주식회사 삼정솔루션,"patent,portal",Y,N,N,N,Y,방산인접 탐색후보,안티드론 사업분야 태그 존재. 공식 방산 근거 미확인,2,N,공식 방산업체 지정현황 원본이 이번 묶음에 없어 별도 검증 전에는 지정업체로 표시하지 않음
CMP0118,새론에스엔아이,새론에스엔아이,portal,Y,N,N,N,N,미분류,현재 수집자료 내 직접 근거 없음,0,N,공식 방산업체 지정현황 원본이 이번 묶음에 없어 별도 검증 전에는 지정업체로 표시하지 않음
CMP0119,샘코,샘코,portal,Y,N,N,N,N,미분류,현재 수집자료 내 직접 근거 없음,0,N,공식 방산업체 지정현황 원본이 이번 묶음에 없어 별도 검증 전에는 지정업체로 표시하지 않음
CMP0120,서넙드론,서넙드론,portal,Y,N,N,N,N,미분류,현재 수집자료 내 직접 근거 없음,0,N,공식 방산업체 지정현황 원본이 이번 묶음에 없어 별도 검증 전에는 지정업체로 표시하지 않음
CMP0121,서우,서우,portal,Y,N,N,N,N,미분류,현재 수집자료 내 직접 근거 없음,0,N,공식 방산업체 지정현황 원본이 이번 묶음에 없어 별도 검증 전에는 지정업체로 표시하지 않음
CMP0122,서울대학교산학협력단,서울대학교산학협력단,patent,N,N,N,N,Y,드론근거만 확인,드론 기술·운용 근거는 있으나 방산 참여 근거 미확인,1,N,공식 방산업체 지정현황 원본이 이번 묶음에 없어 별도 검증 전에는 지정업체로 표시하지 않음
CMP0123,서원무인기술,서원무인기술,portal,Y,N,N,N,N,미분류,현재 수집자료 내 직접 근거 없음,0,N,공식 방산업체 지정현황 원본이 이번 묶음에 없어 별도 검증 전에는 지정업체로 표시하지 않음
CMP0124,서해항공방제,(유)서해항공방제,portal,Y,N,N,N,N,미분류,현재 수집자료 내 직접 근거 없음,0,N,공식 방산업체 지정현황 원본이 이번 묶음에 없어 별도 검증 전에는 지정업체로 표시하지 않음
CMP0125,성문드론아카데미,성문드론아카데미,portal,Y,N,N,N,N,미분류,현재 수집자료 내 직접 근거 없음,0,N,공식 방산업체 지정현황 원본이 이번 묶음에 없어 별도 검증 전에는 지정업체로 표시하지 않음
CMP0126,성우엔지니어링,성우엔지니어링,portal,Y,N,N,N,N,미분류,현재 수집자료 내 직접 근거 없음,0,N,공식 방산업체 지정현황 원본이 이번 묶음에 없어 별도 검증 전에는 지정업체로 표시하지 않음
CMP0127,세이에어,세이에어,portal,Y,N,N,N,N,미분류,현재 수집자료 내 직접 근거 없음,0,N,공식 방산업체 지정현황 원본이 이번 묶음에 없어 별도 검증 전에는 지정업체로 표시하지 않음
CMP0128,세이프어스드론,세이프어스드론,portal,Y,N,N,N,N,미분류,현재 수집자료 내 직접 근거 없음,0,N,공식 방산업체 지정현황 원본이 이번 묶음에 없어 별도 검증 전에는 지정업체로 표시하지 않음
CMP0129,세종대학교산학협력단,세종대학교산학협력단,patent,N,N,N,N,Y,드론근거만 확인,드론 기술·운용 근거는 있으나 방산 참여 근거 미확인,1,N,공식 방산업체 지정현황 원본이 이번 묶음에 없어 별도 검증 전에는 지정업체로 표시하지 않음
CMP0130,솔더,(주)솔더,portal,Y,N,N,N,N,미분류,현재 수집자료 내 직접 근거 없음,0,N,공식 방산업체 지정현황 원본이 이번 묶음에 없어 별도 검증 전에는 지정업체로 표시하지 않음
CMP0131,솔더드론스쿨,솔더드론스쿨,portal,Y,N,N,N,N,미분류,현재 수집자료 내 직접 근거 없음,0,N,공식 방산업체 지정현황 원본이 이번 묶음에 없어 별도 검증 전에는 지정업체로 표시하지 않음
CMP0132,솔빛,(주)솔빛,portal,Y,N,N,N,N,미분류,현재 수집자료 내 직접 근거 없음,0,N,공식 방산업체 지정현황 원본이 이번 묶음에 없어 별도 검증 전에는 지정업체로 표시하지 않음
CMP0133,수성알씨(수성RC),수성알씨(수성RC),portal,Y,N,N,N,N,미분류,현재 수집자료 내 직접 근거 없음,0,N,공식 방산업체 지정현황 원본이 이번 묶음에 없어 별도 검증 전에는 지정업체로 표시하지 않음
CMP0134,순돌이드론,순돌이드론,portal,Y,N,N,N,N,방산인접 탐색후보,안티드론 사업분야 태그 존재. 공식 방산 근거 미확인,1,N,공식 방산업체 지정현황 원본이 이번 묶음에 없어 별도 검증 전에는 지정업체로 표시하지 않음
CMP0135,숨비,숨비,portal,Y,N,N,N,N,방산인접 탐색후보,안티드론 사업분야 태그 존재. 공식 방산 근거 미확인,1,N,공식 방산업체 지정현황 원본이 이번 묶음에 없어 별도 검증 전에는 지정업체로 표시하지 않음
CMP0136,스마티,(주)스마티,portal,Y,N,N,N,N,미분류,현재 수집자료 내 직접 근거 없음,0,N,공식 방산업체 지정현황 원본이 이번 묶음에 없어 별도 검증 전에는 지정업체로 표시하지 않음
CMP0137,스카이시스,스카이시스,portal,Y,N,N,N,N,미분류,현재 수집자료 내 직접 근거 없음,0,N,공식 방산업체 지정현황 원본이 이번 묶음에 없어 별도 검증 전에는 지정업체로 표시하지 않음
CMP0138,스카이아트,주식회사 스카이아트,swarm,N,N,Y,N,N,드론근거만 확인,드론 기술·운용 근거는 있으나 방산 참여 근거 미확인,1,N,공식 방산업체 지정현황 원본이 이번 묶음에 없어 별도 검증 전에는 지정업체로 표시하지 않음
CMP0139,스카이엔터프라이즈,주식회사 스카이엔터프라이즈 | (주)스카이엔터프라이즈,"portal,swarm",Y,N,Y,N,N,드론근거만 확인,드론 기술·운용 근거는 있으나 방산 참여 근거 미확인,1,N,공식 방산업체 지정현황 원본이 이번 묶음에 없어 별도 검증 전에는 지정업체로 표시하지 않음
CMP0140,스카이텍,스카이텍,portal,Y,N,N,N,N,미분류,현재 수집자료 내 직접 근거 없음,0,N,공식 방산업체 지정현황 원본이 이번 묶음에 없어 별도 검증 전에는 지정업체로 표시하지 않음
CMP0141,스타맨,스타맨,portal,Y,N,N,N,N,미분류,현재 수집자료 내 직접 근거 없음,0,N,공식 방산업체 지정현황 원본이 이번 묶음에 없어 별도 검증 전에는 지정업체로 표시하지 않음
CMP0142,스타팅드론교육원,스타팅드론교육원,portal,Y,N,N,N,N,미분류,현재 수집자료 내 직접 근거 없음,0,N,공식 방산업체 지정현황 원본이 이번 묶음에 없어 별도 검증 전에는 지정업체로 표시하지 않음
CMP0143,시너지,주식회사 시너지,patent,N,N,N,N,Y,드론근거만 확인,드론 기술·운용 근거는 있으나 방산 참여 근거 미확인,1,N,공식 방산업체 지정현황 원본이 이번 묶음에 없어 별도 검증 전에는 지정업체로 표시하지 않음
CMP0144,시스테크,시스테크,portal,Y,N,N,N,N,미분류,현재 수집자료 내 직접 근거 없음,0,N,공식 방산업체 지정현황 원본이 이번 묶음에 없어 별도 검증 전에는 지정업체로 표시하지 않음
CMP0145,써드아이로보틱스,써드아이로보틱스,portal,Y,N,N,N,N,미분류,현재 수집자료 내 직접 근거 없음,0,N,공식 방산업체 지정현황 원본이 이번 묶음에 없어 별도 검증 전에는 지정업체로 표시하지 않음
CMP0146,씨너렉스,주식회사 씨너렉스,portal,Y,N,N,N,N,미분류,현재 수집자료 내 직접 근거 없음,0,N,공식 방산업체 지정현황 원본이 이번 묶음에 없어 별도 검증 전에는 지정업체로 표시하지 않음
CMP0147,아라레연구소,주식회사 아라레연구소,portal,Y,N,N,N,N,미분류,현재 수집자료 내 직접 근거 없음,0,N,공식 방산업체 지정현황 원본이 이번 묶음에 없어 별도 검증 전에는 지정업체로 표시하지 않음
CMP0148,아르고스다인,아르고스다인 | 주식회사 아르고스다인,"patent,portal",Y,N,N,N,Y,드론근거만 확인,드론 기술·운용 근거는 있으나 방산 참여 근거 미확인,1,N,공식 방산업체 지정현황 원본이 이번 묶음에 없어 별도 검증 전에는 지정업체로 표시하지 않음
CMP0149,아소아,주식회사 아소아,portal,Y,N,N,N,N,방산인접 탐색후보,안티드론 사업분야 태그 존재. 공식 방산 근거 미확인,1,N,공식 방산업체 지정현황 원본이 이번 묶음에 없어 별도 검증 전에는 지정업체로 표시하지 않음
CMP0150,아와소프트,아와소프트,portal,Y,N,N,N,N,미분류,현재 수집자료 내 직접 근거 없음,0,N,공식 방산업체 지정현황 원본이 이번 묶음에 없어 별도 검증 전에는 지정업체로 표시하지 않음
CMP0151,아이디에스코리아,아이디에스코리아,portal,Y,N,N,N,N,미분류,현재 수집자료 내 직접 근거 없음,0,N,공식 방산업체 지정현황 원본이 이번 묶음에 없어 별도 검증 전에는 지정업체로 표시하지 않음
CMP0152,아이씨알 (ICR),주식회사 아이씨알 (ICR),portal,Y,N,N,N,N,미분류,현재 수집자료 내 직접 근거 없음,0,N,공식 방산업체 지정현황 원본이 이번 묶음에 없어 별도 검증 전에는 지정업체로 표시하지 않음
CMP0153,아이엔,(주)아이엔,portal,Y,N,N,N,N,미분류,현재 수집자료 내 직접 근거 없음,0,N,공식 방산업체 지정현황 원본이 이번 묶음에 없어 별도 검증 전에는 지정업체로 표시하지 않음
CMP0154,아이지아이에스,아이지아이에스,portal,Y,N,N,N,N,미분류,현재 수집자료 내 직접 근거 없음,0,N,공식 방산업체 지정현황 원본이 이번 묶음에 없어 별도 검증 전에는 지정업체로 표시하지 않음
CMP0155,아이팝,아이팝,portal,Y,N,N,N,N,미분류,현재 수집자료 내 직접 근거 없음,0,N,공식 방산업체 지정현황 원본이 이번 묶음에 없어 별도 검증 전에는 지정업체로 표시하지 않음
CMP0156,아주대학교산학협력단,아주대학교산학협력단,patent,N,N,N,N,Y,드론근거만 확인,드론 기술·운용 근거는 있으나 방산 참여 근거 미확인,1,N,공식 방산업체 지정현황 원본이 이번 묶음에 없어 별도 검증 전에는 지정업체로 표시하지 않음
CMP0157,안동드론클럽,안동드론클럽,swarm,N,N,Y,N,N,드론근거만 확인,드론 기술·운용 근거는 있으나 방산 참여 근거 미확인,1,N,공식 방산업체 지정현황 원본이 이번 묶음에 없어 별도 검증 전에는 지정업체로 표시하지 않음
CMP0158,안범주,안범주,patent,N,N,N,N,Y,드론근거만 확인,드론 기술·운용 근거는 있으나 방산 참여 근거 미확인,1,N,공식 방산업체 지정현황 원본이 이번 묶음에 없어 별도 검증 전에는 지정업체로 표시하지 않음
CMP0159,알씨뱅크,알씨뱅크,portal,Y,N,N,N,N,미분류,현재 수집자료 내 직접 근거 없음,0,N,공식 방산업체 지정현황 원본이 이번 묶음에 없어 별도 검증 전에는 지정업체로 표시하지 않음
CMP0160,억세스위,억세스위,portal,Y,N,N,N,N,미분류,현재 수집자료 내 직접 근거 없음,0,N,공식 방산업체 지정현황 원본이 이번 묶음에 없어 별도 검증 전에는 지정업체로 표시하지 않음
CMP0161,업사이트,주식회사 업사이트,portal,Y,N,N,N,N,미분류,현재 수집자료 내 직접 근거 없음,0,N,공식 방산업체 지정현황 원본이 이번 묶음에 없어 별도 검증 전에는 지정업체로 표시하지 않음
CMP0162,에보션,에보션,portal,Y,N,N,N,N,미분류,현재 수집자료 내 직접 근거 없음,0,N,공식 방산업체 지정현황 원본이 이번 묶음에 없어 별도 검증 전에는 지정업체로 표시하지 않음
CMP0163,에브리심,주식회사 에브리심,patent,N,N,N,N,Y,드론근거만 확인,드론 기술·운용 근거는 있으나 방산 참여 근거 미확인,1,N,공식 방산업체 지정현황 원본이 이번 묶음에 없어 별도 검증 전에는 지정업체로 표시하지 않음
CMP0164,에스아이에스,에스아이에스,portal,Y,N,N,N,N,미분류,현재 수집자료 내 직접 근거 없음,0,N,공식 방산업체 지정현황 원본이 이번 묶음에 없어 별도 검증 전에는 지정업체로 표시하지 않음
CMP0165,에스엠소프트,(주)에스엠소프트,portal,Y,N,N,N,N,방산인접 탐색후보,안티드론 사업분야 태그 존재. 공식 방산 근거 미확인,1,N,공식 방산업체 지정현황 원본이 이번 묶음에 없어 별도 검증 전에는 지정업체로 표시하지 않음
CMP0166,에스케이온,에스케이온 주식회사,patent,N,N,N,N,Y,드론근거만 확인,드론 기술·운용 근거는 있으나 방산 참여 근거 미확인,1,N,공식 방산업체 지정현황 원본이 이번 묶음에 없어 별도 검증 전에는 지정업체로 표시하지 않음
CMP0167,에스큐엔지니어링(주),에스큐엔지니어링(주),portal,Y,N,N,N,N,미분류,현재 수집자료 내 직접 근거 없음,0,N,공식 방산업체 지정현황 원본이 이번 묶음에 없어 별도 검증 전에는 지정업체로 표시하지 않음
CMP0168,에어로디제이컨설팅,(주)에어로디제이컨설팅,portal,Y,N,N,N,N,방산인접 탐색후보,안티드론 사업분야 태그 존재. 공식 방산 근거 미확인,1,N,공식 방산업체 지정현황 원본이 이번 묶음에 없어 별도 검증 전에는 지정업체로 표시하지 않음
CMP0169,에어로리서치,주식회사 에어로리서치,portal,Y,N,N,N,N,미분류,현재 수집자료 내 직접 근거 없음,0,N,공식 방산업체 지정현황 원본이 이번 묶음에 없어 별도 검증 전에는 지정업체로 표시하지 않음
CMP0170,에어온,에어온,portal,Y,N,N,N,N,미분류,현재 수집자료 내 직접 근거 없음,0,N,공식 방산업체 지정현황 원본이 이번 묶음에 없어 별도 검증 전에는 지정업체로 표시하지 않음
CMP0171,에이디시스템,주식회사 에이디시스템,portal,Y,N,N,N,N,미분류,현재 수집자료 내 직접 근거 없음,0,N,공식 방산업체 지정현황 원본이 이번 묶음에 없어 별도 검증 전에는 지정업체로 표시하지 않음
CMP0172,에이디티,주식회사 에이디티,portal,Y,N,N,N,N,미분류,현재 수집자료 내 직접 근거 없음,0,N,공식 방산업체 지정현황 원본이 이번 묶음에 없어 별도 검증 전에는 지정업체로 표시하지 않음
CMP0173,에이미파이,에이미파이 주식회사,portal,Y,N,N,N,N,미분류,현재 수집자료 내 직접 근거 없음,0,N,공식 방산업체 지정현황 원본이 이번 묶음에 없어 별도 검증 전에는 지정업체로 표시하지 않음
CMP0174,에이스드론,주식회사 에이스드론,portal,Y,N,N,N,N,방산인접 탐색후보,안티드론 사업분야 태그 존재. 공식 방산 근거 미확인,1,N,공식 방산업체 지정현황 원본이 이번 묶음에 없어 별도 검증 전에는 지정업체로 표시하지 않음
CMP0175,에이알엑스,주식회사 에이알엑스,portal,Y,N,N,N,N,방산인접 탐색후보,안티드론 사업분야 태그 존재. 공식 방산 근거 미확인,1,N,공식 방산업체 지정현황 원본이 이번 묶음에 없어 별도 검증 전에는 지정업체로 표시하지 않음
CMP0176,에이엔에이치스트럭쳐,에이엔에이치스트럭쳐 | (주)에이엔에이치스트럭쳐,"patent,portal",Y,N,N,N,Y,드론근거만 확인,드론 기술·운용 근거는 있으나 방산 참여 근거 미확인,1,N,공식 방산업체 지정현황 원본이 이번 묶음에 없어 별도 검증 전에는 지정업체로 표시하지 않음
CMP0177,에이엔에이치시스템즈,주식회사에이엔에이치시스템즈,portal,Y,N,N,N,N,미분류,현재 수집자료 내 직접 근거 없음,0,N,공식 방산업체 지정현황 원본이 이번 묶음에 없어 별도 검증 전에는 지정업체로 표시하지 않음
CMP0178,에이엠시스템,에이엠시스템,portal,Y,N,N,N,N,미분류,현재 수집자료 내 직접 근거 없음,0,N,공식 방산업체 지정현황 원본이 이번 묶음에 없어 별도 검증 전에는 지정업체로 표시하지 않음
CMP0179,에이엠피,주식회사 에이엠피,portal,Y,N,N,N,N,미분류,현재 수집자료 내 직접 근거 없음,0,N,공식 방산업체 지정현황 원본이 이번 묶음에 없어 별도 검증 전에는 지정업체로 표시하지 않음
CMP0180,에이치디현대중공업(주),에이치디현대중공업(주),cost_cert,N,Y,N,N,N,방산근거만 확인,방산원가관리체계 인증은 확인되나 드론 참여 근거는 미확인,1,N,공식 방산업체 지정현황 원본이 이번 묶음에 없어 별도 검증 전에는 지정업체로 표시하지 않음
CMP0181,에이치에스지,에이치에스지,portal,Y,N,N,N,N,미분류,현재 수집자료 내 직접 근거 없음,0,N,공식 방산업체 지정현황 원본이 이번 묶음에 없어 별도 검증 전에는 지정업체로 표시하지 않음
CMP0182,에코산업,에코산업 주식회사,patent,N,N,N,N,Y,드론근거만 확인,드론 기술·운용 근거는 있으나 방산 참여 근거 미확인,1,N,공식 방산업체 지정현황 원본이 이번 묶음에 없어 별도 검증 전에는 지정업체로 표시하지 않음
CMP0183,에프엠웍스,주식회사 에프엠웍스,portal,Y,N,N,N,N,미분류,현재 수집자료 내 직접 근거 없음,0,N,공식 방산업체 지정현황 원본이 이번 묶음에 없어 별도 검증 전에는 지정업체로 표시하지 않음
CMP0184,엑스드론,엑스드론,portal,Y,N,N,N,N,미분류,현재 수집자료 내 직접 근거 없음,0,N,공식 방산업체 지정현황 원본이 이번 묶음에 없어 별도 검증 전에는 지정업체로 표시하지 않음
CMP0185,엑슬리트엣지,엑슬리트엣지,portal,Y,N,N,N,N,방산인접 탐색후보,안티드론 사업분야 태그 존재. 공식 방산 근거 미확인,1,N,공식 방산업체 지정현황 원본이 이번 묶음에 없어 별도 검증 전에는 지정업체로 표시하지 않음
CMP0186,엔디티엔지니어링(주),엔디티엔지니어링(주),portal,Y,N,N,N,N,미분류,현재 수집자료 내 직접 근거 없음,0,N,공식 방산업체 지정현황 원본이 이번 묶음에 없어 별도 검증 전에는 지정업체로 표시하지 않음
CMP0187,엔클라우드,주식회사엔클라우드,portal,Y,N,N,N,N,미분류,현재 수집자료 내 직접 근거 없음,0,N,공식 방산업체 지정현황 원본이 이번 묶음에 없어 별도 검증 전에는 지정업체로 표시하지 않음
CMP0188,엔텍로직,엔텍로직,portal,Y,N,N,N,N,미분류,현재 수집자료 내 직접 근거 없음,0,N,공식 방산업체 지정현황 원본이 이번 묶음에 없어 별도 검증 전에는 지정업체로 표시하지 않음
CMP0189,엘지유플러스,주식회사 엘지유플러스,patent,N,N,N,N,Y,드론근거만 확인,드론 기술·운용 근거는 있으나 방산 참여 근거 미확인,1,N,공식 방산업체 지정현황 원본이 이번 묶음에 없어 별도 검증 전에는 지정업체로 표시하지 않음
CMP0190,엘지전자,엘지전자 주식회사,patent,N,N,N,N,Y,드론근거만 확인,드론 기술·운용 근거는 있으나 방산 참여 근거 미확인,1,N,공식 방산업체 지정현황 원본이 이번 묶음에 없어 별도 검증 전에는 지정업체로 표시하지 않음
CMP0191,엠엠피,주식회사 엠엠피,portal,Y,N,N,N,N,미분류,현재 수집자료 내 직접 근거 없음,0,N,공식 방산업체 지정현황 원본이 이번 묶음에 없어 별도 검증 전에는 지정업체로 표시하지 않음
CMP0192,영월드론비행교육원,영월드론비행교육원,swarm,N,N,Y,N,N,드론근거만 확인,드론 기술·운용 근거는 있으나 방산 참여 근거 미확인,1,N,공식 방산업체 지정현황 원본이 이번 묶음에 없어 별도 검증 전에는 지정업체로 표시하지 않음
CMP0193,영인모빌리티,영인모빌리티 주식회사,portal,Y,N,N,N,N,미분류,현재 수집자료 내 직접 근거 없음,0,N,공식 방산업체 지정현황 원본이 이번 묶음에 없어 별도 검증 전에는 지정업체로 표시하지 않음
CMP0194,온누리무인항공,온누리무인항공,portal,Y,N,N,N,N,미분류,현재 수집자료 내 직접 근거 없음,0,N,공식 방산업체 지정현황 원본이 이번 묶음에 없어 별도 검증 전에는 지정업체로 표시하지 않음
CMP0195,올뉴텍,올뉴텍,portal,Y,N,N,N,N,미분류,현재 수집자료 내 직접 근거 없음,0,N,공식 방산업체 지정현황 원본이 이번 묶음에 없어 별도 검증 전에는 지정업체로 표시하지 않음
CMP0196,와우미래기술,와우미래기술,portal,Y,N,N,N,N,미분류,현재 수집자료 내 직접 근거 없음,0,N,공식 방산업체 지정현황 원본이 이번 묶음에 없어 별도 검증 전에는 지정업체로 표시하지 않음
CMP0197,우리아이오,주식회사 우리아이오,portal,Y,N,N,N,N,미분류,현재 수집자료 내 직접 근거 없음,0,N,공식 방산업체 지정현황 원본이 이번 묶음에 없어 별도 검증 전에는 지정업체로 표시하지 않음
CMP0198,웨이브랩스,웨이브랩스,portal,Y,N,N,N,N,미분류,현재 수집자료 내 직접 근거 없음,0,N,공식 방산업체 지정현황 원본이 이번 묶음에 없어 별도 검증 전에는 지정업체로 표시하지 않음
CMP0199,위즈윙,위즈윙,portal,Y,N,N,N,N,미분류,현재 수집자료 내 직접 근거 없음,0,N,공식 방산업체 지정현황 원본이 이번 묶음에 없어 별도 검증 전에는 지정업체로 표시하지 않음
CMP0200,윈스젠,윈스젠,portal,Y,N,N,N,N,미분류,현재 수집자료 내 직접 근거 없음,0,N,공식 방산업체 지정현황 원본이 이번 묶음에 없어 별도 검증 전에는 지정업체로 표시하지 않음
CMP0201,유맥에어,유맥에어,portal,Y,N,N,N,N,미분류,현재 수집자료 내 직접 근거 없음,0,N,공식 방산업체 지정현황 원본이 이번 묶음에 없어 별도 검증 전에는 지정업체로 표시하지 않음
CMP0202,유비파이,유비파이 | 주식회사 유비파이,"krit,portal,swarm",Y,N,Y,Y,N,원문 직접확인,공식 보고서에 방산혁신기업 프로젝트 또는 국방기술개발 과제로 명시,2,N,공식 방산업체 지정현황 원본이 이번 묶음에 없어 별도 검증 전에는 지정업체로 표시하지 않음
CMP0203,유시스,유시스,portal,Y,N,N,N,N,미분류,현재 수집자료 내 직접 근거 없음,0,N,공식 방산업체 지정현황 원본이 이번 묶음에 없어 별도 검증 전에는 지정업체로 표시하지 않음
CMP0204,유인프라,주식회사 유인프라,portal,Y,N,N,N,N,미분류,현재 수집자료 내 직접 근거 없음,0,N,공식 방산업체 지정현황 원본이 이번 묶음에 없어 별도 검증 전에는 지정업체로 표시하지 않음
CMP0205,유콘시스템,유콘시스템,portal,Y,N,N,N,N,미분류,현재 수집자료 내 직접 근거 없음,0,N,공식 방산업체 지정현황 원본이 이번 묶음에 없어 별도 검증 전에는 지정업체로 표시하지 않음
CMP0206,이노뎁,이노뎁,portal,Y,N,N,N,N,미분류,현재 수집자료 내 직접 근거 없음,0,N,공식 방산업체 지정현황 원본이 이번 묶음에 없어 별도 검증 전에는 지정업체로 표시하지 않음
CMP0207,이노드,이노드,portal,Y,N,N,N,N,미분류,현재 수집자료 내 직접 근거 없음,0,N,공식 방산업체 지정현황 원본이 이번 묶음에 없어 별도 검증 전에는 지정업체로 표시하지 않음
CMP0208,이노스카이,(주)이노스카이,portal,Y,N,N,N,N,미분류,현재 수집자료 내 직접 근거 없음,0,N,공식 방산업체 지정현황 원본이 이번 묶음에 없어 별도 검증 전에는 지정업체로 표시하지 않음
CMP0209,이노팸,이노팸,portal,Y,N,N,N,N,미분류,현재 수집자료 내 직접 근거 없음,0,N,공식 방산업체 지정현황 원본이 이번 묶음에 없어 별도 검증 전에는 지정업체로 표시하지 않음
CMP0210,이스온,주식회사 이스온,portal,Y,N,N,N,N,미분류,현재 수집자료 내 직접 근거 없음,0,N,공식 방산업체 지정현황 원본이 이번 묶음에 없어 별도 검증 전에는 지정업체로 표시하지 않음
CMP0211,이정용,이정용,patent,N,N,N,N,Y,드론근거만 확인,드론 기술·운용 근거는 있으나 방산 참여 근거 미확인,1,N,공식 방산업체 지정현황 원본이 이번 묶음에 없어 별도 검증 전에는 지정업체로 표시하지 않음
CMP0212,이지시스템,이지시스템,portal,Y,N,N,N,N,미분류,현재 수집자료 내 직접 근거 없음,0,N,공식 방산업체 지정현황 원본이 이번 묶음에 없어 별도 검증 전에는 지정업체로 표시하지 않음
CMP0213,이투비비,(주)이투비비,portal,Y,N,N,N,N,방산인접 탐색후보,안티드론 사업분야 태그 존재. 공식 방산 근거 미확인,1,N,공식 방산업체 지정현황 원본이 이번 묶음에 없어 별도 검증 전에는 지정업체로 표시하지 않음
CMP0214,이투온,주식회사 이투온,patent,N,N,N,N,Y,드론근거만 확인,드론 기술·운용 근거는 있으나 방산 참여 근거 미확인,1,N,공식 방산업체 지정현황 원본이 이번 묶음에 없어 별도 검증 전에는 지정업체로 표시하지 않음
CMP0215,인스페이스,인스페이스,portal,Y,N,N,N,N,미분류,현재 수집자료 내 직접 근거 없음,0,N,공식 방산업체 지정현황 원본이 이번 묶음에 없어 별도 검증 전에는 지정업체로 표시하지 않음
CMP0216,인투스카이,(주)인투스카이,portal,Y,N,N,N,N,미분류,현재 수집자료 내 직접 근거 없음,0,N,공식 방산업체 지정현황 원본이 이번 묶음에 없어 별도 검증 전에는 지정업체로 표시하지 않음
CMP0217,인하대학교 산학협력단,인하대학교 산학협력단,patent,N,N,N,N,Y,드론근거만 확인,드론 기술·운용 근거는 있으나 방산 참여 근거 미확인,1,N,공식 방산업체 지정현황 원본이 이번 묶음에 없어 별도 검증 전에는 지정업체로 표시하지 않음
CMP0218,자이언트드론,자이언트드론,portal,Y,N,N,N,N,미분류,현재 수집자료 내 직접 근거 없음,0,N,공식 방산업체 지정현황 원본이 이번 묶음에 없어 별도 검증 전에는 지정업체로 표시하지 않음
CMP0219,제이씨현시스템,제이씨현시스템,portal,Y,N,N,N,N,방산인접 탐색후보,안티드론 사업분야 태그 존재. 공식 방산 근거 미확인,1,N,공식 방산업체 지정현황 원본이 이번 묶음에 없어 별도 검증 전에는 지정업체로 표시하지 않음
CMP0220,제이에스융합인재교육원,제이에스융합인재교육원주식회사,portal,Y,N,N,N,N,방산인접 탐색후보,안티드론 사업분야 태그 존재. 공식 방산 근거 미확인,1,N,공식 방산업체 지정현황 원본이 이번 묶음에 없어 별도 검증 전에는 지정업체로 표시하지 않음
CMP0221,제이와이시스템,(주)제이와이시스템,portal,Y,N,N,N,N,미분류,현재 수집자료 내 직접 근거 없음,0,N,공식 방산업체 지정현황 원본이 이번 묶음에 없어 별도 검증 전에는 지정업체로 표시하지 않음
CMP0222,조은에듀테크,조은에듀테크,portal,Y,N,N,N,N,미분류,현재 수집자료 내 직접 근거 없음,0,N,공식 방산업체 지정현황 원본이 이번 묶음에 없어 별도 검증 전에는 지정업체로 표시하지 않음
CMP0223,주)제주도드론,주)제주도드론,portal,Y,N,N,N,N,미분류,현재 수집자료 내 직접 근거 없음,0,N,공식 방산업체 지정현황 원본이 이번 묶음에 없어 별도 검증 전에는 지정업체로 표시하지 않음
CMP0224,지오랩스(주),지오랩스(주),portal,Y,N,N,N,N,미분류,현재 수집자료 내 직접 근거 없음,0,N,공식 방산업체 지정현황 원본이 이번 묶음에 없어 별도 검증 전에는 지정업체로 표시하지 않음
CMP0225,진항공시스템,진항공시스템,portal,Y,N,N,N,N,미분류,현재 수집자료 내 직접 근거 없음,0,N,공식 방산업체 지정현황 원본이 이번 묶음에 없어 별도 검증 전에는 지정업체로 표시하지 않음
CMP0226,천풍,천풍,portal,Y,N,N,N,N,미분류,현재 수집자료 내 직접 근거 없음,0,N,공식 방산업체 지정현황 원본이 이번 묶음에 없어 별도 검증 전에는 지정업체로 표시하지 않음
CMP0227,캠틱종합기술원,사단법인 캠틱종합기술원,patent,N,N,N,N,Y,드론근거만 확인,드론 기술·운용 근거는 있으나 방산 참여 근거 미확인,1,N,공식 방산업체 지정현황 원본이 이번 묶음에 없어 별도 검증 전에는 지정업체로 표시하지 않음
CMP0228,케바드론,케바드론,portal,Y,N,N,N,N,미분류,현재 수집자료 내 직접 근거 없음,0,N,공식 방산업체 지정현황 원본이 이번 묶음에 없어 별도 검증 전에는 지정업체로 표시하지 않음
CMP0229,케이드론,케이드론,portal,Y,N,N,N,N,미분류,현재 수집자료 내 직접 근거 없음,0,N,공식 방산업체 지정현황 원본이 이번 묶음에 없어 별도 검증 전에는 지정업체로 표시하지 않음
CMP0230,케이텍,케이텍,portal,Y,N,N,N,N,미분류,현재 수집자료 내 직접 근거 없음,0,N,공식 방산업체 지정현황 원본이 이번 묶음에 없어 별도 검증 전에는 지정업체로 표시하지 않음
CMP0231,케이프로시스템,주식회사케이프로시스템,portal,Y,N,N,N,N,방산인접 탐색후보,안티드론 사업분야 태그 존재. 공식 방산 근거 미확인,1,N,공식 방산업체 지정현황 원본이 이번 묶음에 없어 별도 검증 전에는 지정업체로 표시하지 않음
CMP0232,코리아드론안전시스템,코리아드론안전시스템,portal,Y,N,N,N,N,미분류,현재 수집자료 내 직접 근거 없음,0,N,공식 방산업체 지정현황 원본이 이번 묶음에 없어 별도 검증 전에는 지정업체로 표시하지 않음
CMP0233,코리아드론(주),코리아드론(주),portal,Y,N,N,N,N,미분류,현재 수집자료 내 직접 근거 없음,0,N,공식 방산업체 지정현황 원본이 이번 묶음에 없어 별도 검증 전에는 지정업체로 표시하지 않음
CMP0234,코리아디펜스인더스트리,코리아디펜스인더스트리,cost_cert,N,Y,N,N,N,방산근거만 확인,방산원가관리체계 인증은 확인되나 드론 참여 근거는 미확인,1,N,공식 방산업체 지정현황 원본이 이번 묶음에 없어 별도 검증 전에는 지정업체로 표시하지 않음
CMP0235,코세코,(주)코세코,portal,Y,N,N,N,N,미분류,현재 수집자료 내 직접 근거 없음,0,N,공식 방산업체 지정현황 원본이 이번 묶음에 없어 별도 검증 전에는 지정업체로 표시하지 않음
CMP0236,코코드론,주식회사 코코드론,portal,Y,N,N,N,N,미분류,현재 수집자료 내 직접 근거 없음,0,N,공식 방산업체 지정현황 원본이 이번 묶음에 없어 별도 검증 전에는 지정업체로 표시하지 않음
CMP0237,클로버스튜디오,주식회사 클로버스튜디오 | 클로버스튜디오,portal,Y,N,N,N,N,미분류,현재 수집자료 내 직접 근거 없음,0,N,공식 방산업체 지정현황 원본이 이번 묶음에 없어 별도 검증 전에는 지정업체로 표시하지 않음
CMP0238,탑스커뮤니케이션,탑스커뮤니케이션 주식회사,patent,N,N,N,N,Y,드론근거만 확인,드론 기술·운용 근거는 있으나 방산 참여 근거 미확인,1,N,공식 방산업체 지정현황 원본이 이번 묶음에 없어 별도 검증 전에는 지정업체로 표시하지 않음
CMP0239,태경전자,태경전자 주식회사,portal,Y,N,N,N,N,미분류,현재 수집자료 내 직접 근거 없음,0,N,공식 방산업체 지정현황 원본이 이번 묶음에 없어 별도 검증 전에는 지정업체로 표시하지 않음
CMP0240,테이슨,(주) 테이슨,portal,Y,N,N,N,N,미분류,현재 수집자료 내 직접 근거 없음,0,N,공식 방산업체 지정현황 원본이 이번 묶음에 없어 별도 검증 전에는 지정업체로 표시하지 않음
CMP0241,트라이셀인터내셔널,트라이셀인터내셔널,portal,Y,N,N,N,N,미분류,현재 수집자료 내 직접 근거 없음,0,N,공식 방산업체 지정현황 원본이 이번 묶음에 없어 별도 검증 전에는 지정업체로 표시하지 않음
CMP0242,파블로항공,파블로항공 | 주식회사 파블로항공,"krit,portal,swarm",Y,N,Y,Y,N,원문 직접확인,공식 보고서에 방산혁신기업 프로젝트 또는 국방기술개발 과제로 명시,2,N,공식 방산업체 지정현황 원본이 이번 묶음에 없어 별도 검증 전에는 지정업체로 표시하지 않음
CMP0243,파이온시스템즈,파이온시스템즈,portal,Y,N,N,N,N,방산인접 탐색후보,안티드론 사업분야 태그 존재. 공식 방산 근거 미확인,1,N,공식 방산업체 지정현황 원본이 이번 묶음에 없어 별도 검증 전에는 지정업체로 표시하지 않음
CMP0244,파인ADS,파인ADS,portal,Y,N,N,N,N,미분류,현재 수집자료 내 직접 근거 없음,0,N,공식 방산업체 지정현황 원본이 이번 묶음에 없어 별도 검증 전에는 지정업체로 표시하지 않음
CMP0245,파인브이티,파인브이티,portal,Y,N,N,N,N,방산인접 탐색후보,안티드론 사업분야 태그 존재. 공식 방산 근거 미확인,1,N,공식 방산업체 지정현황 원본이 이번 묶음에 없어 별도 검증 전에는 지정업체로 표시하지 않음
CMP0246,팝코즈(popcoz),팝코즈(popcoz),portal,Y,N,N,N,N,미분류,현재 수집자료 내 직접 근거 없음,0,N,공식 방산업체 지정현황 원본이 이번 묶음에 없어 별도 검증 전에는 지정업체로 표시하지 않음
CMP0247,팰콘샵,주식회사 팰콘샵,portal,Y,N,N,N,N,미분류,현재 수집자료 내 직접 근거 없음,0,N,공식 방산업체 지정현황 원본이 이번 묶음에 없어 별도 검증 전에는 지정업체로 표시하지 않음
CMP0248,퍼스텍,퍼스텍,cost_cert,N,Y,N,N,N,방산근거만 확인,방산원가관리체계 인증은 확인되나 드론 참여 근거는 미확인,1,N,공식 방산업체 지정현황 원본이 이번 묶음에 없어 별도 검증 전에는 지정업체로 표시하지 않음
CMP0249,포앤텍,주식회사포앤텍,patent,N,N,N,N,Y,드론근거만 확인,드론 기술·운용 근거는 있으나 방산 참여 근거 미확인,1,N,공식 방산업체 지정현황 원본이 이번 묶음에 없어 별도 검증 전에는 지정업체로 표시하지 않음
CMP0250,포토플랫폼,포토플랫폼,portal,Y,N,N,N,N,미분류,현재 수집자료 내 직접 근거 없음,0,N,공식 방산업체 지정현황 원본이 이번 묶음에 없어 별도 검증 전에는 지정업체로 표시하지 않음
CMP0251,포항공과대학교 산학협력단,포항공과대학교 산학협력단,patent,N,N,N,N,Y,드론근거만 확인,드론 기술·운용 근거는 있으나 방산 참여 근거 미확인,1,N,공식 방산업체 지정현황 원본이 이번 묶음에 없어 별도 검증 전에는 지정업체로 표시하지 않음
CMP0252,풍산,풍산,"cost_cert,krit",N,Y,N,Y,N,방산근거만 확인,방산원가관리체계 인증은 확인되나 드론 참여 근거는 미확인,2,N,공식 방산업체 지정현황 원본이 이번 묶음에 없어 별도 검증 전에는 지정업체로 표시하지 않음
CMP0253,프로펠,주식회사 프로펠,portal,Y,N,N,N,N,미분류,현재 수집자료 내 직접 근거 없음,0,N,공식 방산업체 지정현황 원본이 이번 묶음에 없어 별도 검증 전에는 지정업체로 표시하지 않음
CMP0254,프리뉴,프리뉴,portal,Y,N,N,N,N,방산인접 탐색후보,안티드론 사업분야 태그 존재. 공식 방산 근거 미확인,1,N,공식 방산업체 지정현황 원본이 이번 묶음에 없어 별도 검증 전에는 지정업체로 표시하지 않음
CMP0255,플라이존드론교육원,(주)플라이존드론교육원,portal,Y,N,N,N,N,미분류,현재 수집자료 내 직접 근거 없음,0,N,공식 방산업체 지정현황 원본이 이번 묶음에 없어 별도 검증 전에는 지정업체로 표시하지 않음
CMP0256,피앤유드론,피앤유드론,portal,Y,N,N,N,N,미분류,현재 수집자료 내 직접 근거 없음,0,N,공식 방산업체 지정현황 원본이 이번 묶음에 없어 별도 검증 전에는 지정업체로 표시하지 않음
CMP0257,픽소니어,(주)픽소니어,portal,Y,N,N,N,N,방산인접 탐색후보,안티드론 사업분야 태그 존재. 공식 방산 근거 미확인,1,N,공식 방산업체 지정현황 원본이 이번 묶음에 없어 별도 검증 전에는 지정업체로 표시하지 않음
CMP0258,필라넷,필라넷,portal,Y,N,N,N,N,방산인접 탐색후보,안티드론 사업분야 태그 존재. 공식 방산 근거 미확인,1,N,공식 방산업체 지정현황 원본이 이번 묶음에 없어 별도 검증 전에는 지정업체로 표시하지 않음
CMP0259,하늘로,주식회사 하늘로,portal,Y,N,N,N,N,미분류,현재 수집자료 내 직접 근거 없음,0,N,공식 방산업체 지정현황 원본이 이번 묶음에 없어 별도 검증 전에는 지정업체로 표시하지 않음
CMP0260,하늘숲엔지니어링,주식회사 하늘숲엔지니어링,patent,N,N,N,N,Y,드론근거만 확인,드론 기술·운용 근거는 있으나 방산 참여 근거 미확인,1,N,공식 방산업체 지정현황 원본이 이번 묶음에 없어 별도 검증 전에는 지정업체로 표시하지 않음
CMP0261,하늘항공,하늘항공,portal,Y,N,N,N,N,미분류,현재 수집자료 내 직접 근거 없음,0,N,공식 방산업체 지정현황 원본이 이번 묶음에 없어 별도 검증 전에는 지정업체로 표시하지 않음
CMP0262,하이즈복합재산업(주),하이즈복합재산업(주),portal,Y,N,N,N,N,미분류,현재 수집자료 내 직접 근거 없음,0,N,공식 방산업체 지정현황 원본이 이번 묶음에 없어 별도 검증 전에는 지정업체로 표시하지 않음
CMP0263,한강드론교육원,한강드론교육원,portal,Y,N,N,N,N,미분류,현재 수집자료 내 직접 근거 없음,0,N,공식 방산업체 지정현황 원본이 이번 묶음에 없어 별도 검증 전에는 지정업체로 표시하지 않음
CMP0264,한국과학기술연구원,한국과학기술연구원,patent,N,N,N,N,Y,드론근거만 확인,드론 기술·운용 근거는 있으나 방산 참여 근거 미확인,1,N,공식 방산업체 지정현황 원본이 이번 묶음에 없어 별도 검증 전에는 지정업체로 표시하지 않음
CMP0265,한국과학기술원,한국과학기술원,patent,N,N,N,N,Y,드론근거만 확인,드론 기술·운용 근거는 있으나 방산 참여 근거 미확인,1,N,공식 방산업체 지정현황 원본이 이번 묶음에 없어 별도 검증 전에는 지정업체로 표시하지 않음
CMP0266,한국드론센터,(주)한국드론센터,portal,Y,N,N,N,N,미분류,현재 수집자료 내 직접 근거 없음,0,N,공식 방산업체 지정현황 원본이 이번 묶음에 없어 별도 검증 전에는 지정업체로 표시하지 않음
CMP0267,한국드론활용협회,(사)한국드론활용협회,portal,Y,N,N,N,N,미분류,현재 수집자료 내 직접 근거 없음,0,N,공식 방산업체 지정현황 원본이 이번 묶음에 없어 별도 검증 전에는 지정업체로 표시하지 않음
CMP0268,한국사업관리연구원,한국사업관리연구원,portal,Y,N,N,N,N,미분류,현재 수집자료 내 직접 근거 없음,0,N,공식 방산업체 지정현황 원본이 이번 묶음에 없어 별도 검증 전에는 지정업체로 표시하지 않음
CMP0269,한국유에이브이,한국유에이브이,portal,Y,N,N,N,N,미분류,현재 수집자료 내 직접 근거 없음,0,N,공식 방산업체 지정현황 원본이 이번 묶음에 없어 별도 검증 전에는 지정업체로 표시하지 않음
CMP0270,한국전력공사,한국전력공사,patent,N,N,N,N,Y,드론근거만 확인,드론 기술·운용 근거는 있으나 방산 참여 근거 미확인,1,N,공식 방산업체 지정현황 원본이 이번 묶음에 없어 별도 검증 전에는 지정업체로 표시하지 않음
CMP0271,한국전력기술,한국전력기술 주식회사,patent,N,N,N,N,Y,드론근거만 확인,드론 기술·운용 근거는 있으나 방산 참여 근거 미확인,1,N,공식 방산업체 지정현황 원본이 이번 묶음에 없어 별도 검증 전에는 지정업체로 표시하지 않음
CMP0272,한국전자통신연구원,한국전자통신연구원,patent,N,N,N,N,Y,드론근거만 확인,드론 기술·운용 근거는 있으나 방산 참여 근거 미확인,1,N,공식 방산업체 지정현황 원본이 이번 묶음에 없어 별도 검증 전에는 지정업체로 표시하지 않음
CMP0273,한국철도기술연구원,한국철도기술연구원,patent,N,N,N,N,Y,드론근거만 확인,드론 기술·운용 근거는 있으나 방산 참여 근거 미확인,1,N,공식 방산업체 지정현황 원본이 이번 묶음에 없어 별도 검증 전에는 지정업체로 표시하지 않음
CMP0274,한국항공기술케이에이티,한국항공기술케이에이티,portal,Y,N,N,N,N,미분류,현재 수집자료 내 직접 근거 없음,0,N,공식 방산업체 지정현황 원본이 이번 묶음에 없어 별도 검증 전에는 지정업체로 표시하지 않음
CMP0275,한국항공대학교산학협력단,한국항공대학교산학협력단,patent,N,N,N,N,Y,드론근거만 확인,드론 기술·운용 근거는 있으나 방산 참여 근거 미확인,1,N,공식 방산업체 지정현황 원본이 이번 묶음에 없어 별도 검증 전에는 지정업체로 표시하지 않음
CMP0276,한국항공우주산업,한국항공우주산업,"cost_cert,portal",Y,Y,N,N,N,교차출처 후보,방산 공식 보조근거와 별도 드론 근거가 함께 존재,1,N,공식 방산업체 지정현황 원본이 이번 묶음에 없어 별도 검증 전에는 지정업체로 표시하지 않음
CMP0277,한국항공우주연구원,한국항공우주연구원,patent,N,N,N,N,Y,드론근거만 확인,드론 기술·운용 근거는 있으나 방산 참여 근거 미확인,1,N,공식 방산업체 지정현황 원본이 이번 묶음에 없어 별도 검증 전에는 지정업체로 표시하지 않음
CMP0278,한국헬리콥터,(주)한국헬리콥터,portal,Y,N,N,N,N,미분류,현재 수집자료 내 직접 근거 없음,0,N,공식 방산업체 지정현황 원본이 이번 묶음에 없어 별도 검증 전에는 지정업체로 표시하지 않음
CMP0279,한빛드론,한빛드론,portal,Y,N,N,N,N,방산인접 탐색후보,안티드론 사업분야 태그 존재. 공식 방산 근거 미확인,1,N,공식 방산업체 지정현황 원본이 이번 묶음에 없어 별도 검증 전에는 지정업체로 표시하지 않음
CMP0280,한울드론,주식회사 한울드론,portal,Y,N,N,N,N,미분류,현재 수집자료 내 직접 근거 없음,0,N,공식 방산업체 지정현황 원본이 이번 묶음에 없어 별도 검증 전에는 지정업체로 표시하지 않음
CMP0281,한컴아카데미,(주) 한컴아카데미,portal,Y,N,N,N,N,미분류,현재 수집자료 내 직접 근거 없음,0,N,공식 방산업체 지정현황 원본이 이번 묶음에 없어 별도 검증 전에는 지정업체로 표시하지 않음
CMP0282,한화,주식회사 한화,patent,N,N,N,N,Y,드론근거만 확인,드론 기술·운용 근거는 있으나 방산 참여 근거 미확인,1,N,공식 방산업체 지정현황 원본이 이번 묶음에 없어 별도 검증 전에는 지정업체로 표시하지 않음
CMP0283,한화시스템,한화시스템 | 한화시스템 주식회사,"cost_cert,patent",N,Y,N,N,Y,교차출처 후보,방산 공식 보조근거와 별도 드론 근거가 함께 존재,2,N,공식 방산업체 지정현황 원본이 이번 묶음에 없어 별도 검증 전에는 지정업체로 표시하지 않음
CMP0284,한화에어로스페이스,한화에어로스페이스 | 한화에어로스페이스 주식회사,"cost_cert,patent",N,Y,N,N,Y,교차출처 후보,방산 공식 보조근거와 별도 드론 근거가 함께 존재,2,N,공식 방산업체 지정현황 원본이 이번 묶음에 없어 별도 검증 전에는 지정업체로 표시하지 않음
CMP0285,해양드론기술,해양드론기술,portal,Y,N,N,N,N,미분류,현재 수집자료 내 직접 근거 없음,0,N,공식 방산업체 지정현황 원본이 이번 묶음에 없어 별도 검증 전에는 지정업체로 표시하지 않음
CMP0286,해오름드론항공,(주)해오름드론항공,portal,Y,N,N,N,N,방산인접 탐색후보,안티드론 사업분야 태그 존재. 공식 방산 근거 미확인,1,N,공식 방산업체 지정현황 원본이 이번 묶음에 없어 별도 검증 전에는 지정업체로 표시하지 않음
CMP0287,허니,주식회사허니,portal,Y,N,N,N,N,미분류,현재 수집자료 내 직접 근거 없음,0,N,공식 방산업체 지정현황 원본이 이번 묶음에 없어 별도 검증 전에는 지정업체로 표시하지 않음
CMP0288,헤디,주식회사 헤디,portal,Y,N,N,N,N,미분류,현재 수집자료 내 직접 근거 없음,0,N,공식 방산업체 지정현황 원본이 이번 묶음에 없어 별도 검증 전에는 지정업체로 표시하지 않음
CMP0289,헥사팩토리,헥사팩토리,portal,Y,N,N,N,N,미분류,현재 수집자료 내 직접 근거 없음,0,N,공식 방산업체 지정현황 원본이 이번 묶음에 없어 별도 검증 전에는 지정업체로 표시하지 않음
CMP0290,헬셀,주식회사 헬셀,portal,Y,N,N,N,N,미분류,현재 수집자료 내 직접 근거 없음,0,N,공식 방산업체 지정현황 원본이 이번 묶음에 없어 별도 검증 전에는 지정업체로 표시하지 않음
CMP0291,현대로템,현대로템,cost_cert,N,Y,N,N,N,방산근거만 확인,방산원가관리체계 인증은 확인되나 드론 참여 근거는 미확인,1,N,공식 방산업체 지정현황 원본이 이번 묶음에 없어 별도 검증 전에는 지정업체로 표시하지 않음
CMP0292,현대자동차,현대자동차주식회사,patent,N,N,N,N,Y,드론근거만 확인,드론 기술·운용 근거는 있으나 방산 참여 근거 미확인,1,N,공식 방산업체 지정현황 원본이 이번 묶음에 없어 별도 검증 전에는 지정업체로 표시하지 않음
CMP0293,(협)한국드론진흥원,(협)한국드론진흥원,portal,Y,N,N,N,N,미분류,현재 수집자료 내 직접 근거 없음,0,N,공식 방산업체 지정현황 원본이 이번 묶음에 없어 별도 검증 전에는 지정업체로 표시하지 않음
CMP0294,호그린에어,호그린에어,portal,Y,N,N,N,N,미분류,현재 수집자료 내 직접 근거 없음,0,N,공식 방산업체 지정현황 원본이 이번 묶음에 없어 별도 검증 전에는 지정업체로 표시하지 않음
CMP0295,훈검항업,훈검항업 주식회사,portal,Y,N,N,N,N,미분류,현재 수집자료 내 직접 근거 없음,0,N,공식 방산업체 지정현황 원본이 이번 묶음에 없어 별도 검증 전에는 지정업체로 표시하지 않음
CMP0296,휴니드테크놀러지스,휴니드테크놀러지스,cost_cert,N,Y,N,N,N,방산근거만 확인,방산원가관리체계 인증은 확인되나 드론 참여 근거는 미확인,1,N,공식 방산업체 지정현황 원본이 이번 묶음에 없어 별도 검증 전에는 지정업체로 표시하지 않음
CMP0297,휴론네트워크,주식회사 휴론네트워크,portal,Y,N,N,N,N,미분류,현재 수집자료 내 직접 근거 없음,0,N,공식 방산업체 지정현황 원본이 이번 묶음에 없어 별도 검증 전에는 지정업체로 표시하지 않음
CMP0298,휴머놀러지,주식회사 휴머놀러지,portal,Y,N,N,N,N,미분류,현재 수집자료 내 직접 근거 없음,0,N,공식 방산업체 지정현황 원본이 이번 묶음에 없어 별도 검증 전에는 지정업체로 표시하지 않음
CMP0299,휴먼드론개발,휴먼드론개발,portal,Y,N,N,N,N,미분류,현재 수집자료 내 직접 근거 없음,0,N,공식 방산업체 지정현황 원본이 이번 묶음에 없어 별도 검증 전에는 지정업체로 표시하지 않음
CMP0300,휴인스,휴인스,portal,Y,N,N,N,N,미분류,현재 수집자료 내 직접 근거 없음,0,N,공식 방산업체 지정현황 원본이 이번 묶음에 없어 별도 검증 전에는 지정업체로 표시하지 않음
