business_category,defense_use_case_relation,company_count_unique,source_record_count,directory_unique_companies,directory_source_rows,unique_company_share_pct,source_record_share_pct,interpretation_note
감시.정찰.수색,직접,152,152,239,240,63.59832635983263,63.33333333333333,원본 240행 중 표준화 후 고유기업 239개. 비율은 포털 디렉터리 내 비율이며 시장점유율이 아님
인프라관리,일반,152,152,239,240,63.59832635983263,63.33333333333333,원본 240행 중 표준화 후 고유기업 239개. 비율은 포털 디렉터리 내 비율이며 시장점유율이 아님
공간정보,일반,94,94,239,240,39.33054393305439,39.166666666666664,원본 240행 중 표준화 후 고유기업 239개. 비율은 포털 디렉터리 내 비율이며 시장점유율이 아님
특수촬영,일반,94,94,239,240,39.33054393305439,39.166666666666664,원본 240행 중 표준화 후 고유기업 239개. 비율은 포털 디렉터리 내 비율이며 시장점유율이 아님
물류·운송·구조,일반,89,89,239,240,37.238493723849366,37.083333333333336,원본 240행 중 표준화 후 고유기업 239개. 비율은 포털 디렉터리 내 비율이며 시장점유율이 아님
방역/방제/살포,낮음,86,86,239,240,35.98326359832636,35.833333333333336,원본 240행 중 표준화 후 고유기업 239개. 비율은 포털 디렉터리 내 비율이며 시장점유율이 아님
임무장비,직접,84,84,239,240,35.146443514644346,35.0,원본 240행 중 표준화 후 고유기업 239개. 비율은 포털 디렉터리 내 비율이며 시장점유율이 아님
통합솔루션,인접,80,81,239,240,33.47280334728033,33.75,원본 240행 중 표준화 후 고유기업 239개. 비율은 포털 디렉터리 내 비율이며 시장점유율이 아님
취미·교육,낮음,79,79,239,240,33.054393305439326,32.916666666666664,원본 240행 중 표준화 후 고유기업 239개. 비율은 포털 디렉터리 내 비율이며 시장점유율이 아님
환경측량,일반,70,70,239,240,29.288702928870293,29.166666666666668,원본 240행 중 표준화 후 고유기업 239개. 비율은 포털 디렉터리 내 비율이며 시장점유율이 아님
다목적 H/W,인접,61,61,239,240,25.523012552301257,25.416666666666664,원본 240행 중 표준화 후 고유기업 239개. 비율은 포털 디렉터리 내 비율이며 시장점유율이 아님
모듈,인접,55,55,239,240,23.01255230125523,22.916666666666664,원본 240행 중 표준화 후 고유기업 239개. 비율은 포털 디렉터리 내 비율이며 시장점유율이 아님
지상통제장비,직접,50,50,239,240,20.920502092050206,20.833333333333336,원본 240행 중 표준화 후 고유기업 239개. 비율은 포털 디렉터리 내 비율이며 시장점유율이 아님
드론스테이션,인접,48,48,239,240,20.0836820083682,20.0,원본 240행 중 표준화 후 고유기업 239개. 비율은 포털 디렉터리 내 비율이며 시장점유율이 아님
기타,미확인,36,36,239,240,15.062761506276152,15.0,원본 240행 중 표준화 후 고유기업 239개. 비율은 포털 디렉터리 내 비율이며 시장점유율이 아님
앱,낮음,34,34,239,240,14.225941422594143,14.166666666666666,원본 240행 중 표준화 후 고유기업 239개. 비율은 포털 디렉터리 내 비율이며 시장점유율이 아님
방송·공연,낮음,33,33,239,240,13.807531380753138,13.750000000000002,원본 240행 중 표준화 후 고유기업 239개. 비율은 포털 디렉터리 내 비율이며 시장점유율이 아님
안티드론,직접,25,25,239,240,10.460251046025103,10.416666666666668,원본 240행 중 표준화 후 고유기업 239개. 비율은 포털 디렉터리 내 비율이며 시장점유율이 아님
