job_id,employer_example_order,employer_example
DJ-001,1,한국항공우주산업(KAI)
DJ-001,2,항공안전기술원
DJ-001,3,드론 전문기업
DJ-002,1,한국항공우주산업(KAI)
DJ-002,2,항공안전기술원
DJ-002,3,드론 전문기업
DJ-003,1,한국항공우주산업(KAI)
DJ-003,2,항공안전기술원
DJ-003,3,드론 전문기업
DJ-004,1,한국항공우주산업(KAI)
DJ-004,2,항공안전기술원
DJ-004,3,드론 전문기업
DJ-005,1,한국항공우주산업(KAI)
DJ-005,2,항공안전기술원
DJ-005,3,드론 전문기업
DJ-006,1,한국항공우주산업(KAI)
DJ-006,2,항공안전기술원
DJ-006,3,드론 전문기업
DJ-007,1,한국항공우주산업(KAI)
DJ-007,2,항공안전기술원
DJ-007,3,드론 전문기업
DJ-008,1,한국항공우주산업(KAI)
DJ-008,2,항공안전기술원
DJ-008,3,드론 전문기업
DJ-009,1,한국항공우주산업(KAI)
DJ-009,2,항공안전기술원
DJ-009,3,드론 전문기업
DJ-010,1,한국항공우주산업(KAI)
DJ-010,2,항공안전기술원
DJ-010,3,드론 전문기업
DJ-011,1,한국항공우주산업(KAI)
DJ-011,2,(주)프리뉴
DJ-011,3,에이럭스
DJ-011,4,드론 제조기업
DJ-012,1,한국항공우주산업(KAI)
DJ-012,2,(주)프리뉴
DJ-012,3,에이럭스
DJ-012,4,드론 제조기업
DJ-013,1,한국항공우주산업(KAI)
DJ-013,2,(주)프리뉴
DJ-013,3,에이럭스
DJ-013,4,드론 제조기업
DJ-014,1,한국항공우주산업(KAI)
DJ-014,2,(주)프리뉴
DJ-014,3,에이럭스
DJ-014,4,드론 제조기업
DJ-015,1,한국항공우주산업(KAI)
DJ-015,2,(주)프리뉴
DJ-015,3,에이럭스
DJ-015,4,드론 제조기업
DJ-016,1,한국항공우주산업(KAI)
DJ-016,2,(주)프리뉴
DJ-016,3,에이럭스
DJ-016,4,드론 제조기업
DJ-017,1,한국항공우주산업(KAI)
DJ-017,2,(주)프리뉴
DJ-017,3,에이럭스
DJ-017,4,드론 제조기업
DJ-018,1,한국항공우주산업(KAI)
DJ-018,2,(주)프리뉴
DJ-018,3,에이럭스
DJ-018,4,드론 제조기업
DJ-019,1,한국항공우주산업(KAI)
DJ-019,2,(주)프리뉴
DJ-019,3,에이럭스
DJ-019,4,드론 제조기업
DJ-020,1,한국항공우주산업(KAI)
DJ-020,2,(주)프리뉴
DJ-020,3,에이럭스
DJ-020,4,드론 제조기업
DJ-021,1,한국항공우주산업(KAI)
DJ-021,2,(주)프리뉴
DJ-021,3,에이럭스
DJ-021,4,드론 제조기업
DJ-022,1,한국항공우주산업(KAI)
DJ-022,2,(주)프리뉴
DJ-022,3,에이럭스
DJ-022,4,드론 제조기업
DJ-023,1,한국항공우주산업(KAI)
DJ-023,2,(주)프리뉴
DJ-023,3,에이럭스
DJ-023,4,드론 제조기업
DJ-024,1,(주)프리뉴
DJ-024,2,(주)헬셀
DJ-024,3,그리폰다이나믹스
DJ-024,4,드론 제조기업
DJ-025,1,(주)프리뉴
DJ-025,2,(주)헬셀
DJ-025,3,그리폰다이나믹스
DJ-025,4,드론 제조기업
DJ-026,1,(주)프리뉴
DJ-026,2,(주)헬셀
DJ-026,3,그리폰다이나믹스
DJ-026,4,드론 제조기업
DJ-027,1,(주)프리뉴
DJ-027,2,(주)헬셀
DJ-027,3,그리폰다이나믹스
DJ-027,4,드론 제조기업
DJ-028,1,(주)프리뉴
DJ-028,2,(주)헬셀
DJ-028,3,그리폰다이나믹스
DJ-028,4,드론 제조기업
DJ-029,1,(주)프리뉴
DJ-029,2,(주)헬셀
DJ-029,3,그리폰다이나믹스
DJ-029,4,드론 제조기업
DJ-030,1,(주)프리뉴
DJ-030,2,(주)헬셀
DJ-030,3,그리폰다이나믹스
DJ-030,4,드론 제조기업
DJ-031,1,(주)프리뉴
DJ-031,2,(주)헬셀
DJ-031,3,그리폰다이나믹스
DJ-031,4,드론 제조기업
DJ-032,1,(주)프리뉴
DJ-032,2,(주)헬셀
DJ-032,3,그리폰다이나믹스
DJ-032,4,드론 제조기업
DJ-033,1,(주)프리뉴
DJ-033,2,(주)헬셀
DJ-033,3,그리폰다이나믹스
DJ-033,4,드론 제조기업
DJ-034,1,(주)프리뉴
DJ-034,2,(주)헬셀
DJ-034,3,그리폰다이나믹스
DJ-034,4,드론 제조기업
DJ-035,1,두산모빌리티이노베이션
DJ-035,2,UAV 엔진·전동추진 기업
DJ-036,1,두산모빌리티이노베이션
DJ-036,2,UAV 엔진·전동추진 기업
DJ-037,1,두산모빌리티이노베이션
DJ-037,2,UAV 엔진·전동추진 기업
DJ-038,1,두산모빌리티이노베이션
DJ-038,2,UAV 엔진·전동추진 기업
DJ-039,1,두산모빌리티이노베이션
DJ-039,2,UAV 엔진·전동추진 기업
DJ-040,1,두산모빌리티이노베이션
DJ-040,2,UAV 엔진·전동추진 기업
DJ-041,1,두산모빌리티이노베이션
DJ-041,2,UAV 엔진·전동추진 기업
DJ-042,1,두산모빌리티이노베이션
DJ-042,2,UAV 엔진·전동추진 기업
DJ-043,1,두산모빌리티이노베이션
DJ-043,2,UAV 엔진·전동추진 기업
DJ-044,1,두산모빌리티이노베이션
DJ-044,2,UAV 엔진·전동추진 기업
DJ-045,1,두산모빌리티이노베이션
DJ-045,2,UAV 엔진·전동추진 기업
DJ-046,1,두산모빌리티이노베이션
DJ-046,2,UAV 엔진·전동추진 기업
DJ-047,1,풍산
DJ-047,2,에이럭스
DJ-047,3,아크로사
DJ-047,4,항전 전문기업
DJ-048,1,풍산
DJ-048,2,에이럭스
DJ-048,3,아크로사
DJ-048,4,항전 전문기업
DJ-049,1,풍산
DJ-049,2,에이럭스
DJ-049,3,아크로사
DJ-049,4,항전 전문기업
DJ-050,1,풍산
DJ-050,2,에이럭스
DJ-050,3,아크로사
DJ-050,4,항전 전문기업
DJ-051,1,풍산
DJ-051,2,에이럭스
DJ-051,3,아크로사
DJ-051,4,항전 전문기업
DJ-052,1,풍산
DJ-052,2,에이럭스
DJ-052,3,아크로사
DJ-052,4,항전 전문기업
DJ-053,1,풍산
DJ-053,2,에이럭스
DJ-053,3,아크로사
DJ-053,4,항전 전문기업
DJ-054,1,풍산
DJ-054,2,에이럭스
DJ-054,3,아크로사
DJ-054,4,항전 전문기업
DJ-055,1,ETRI
DJ-055,2,항전·통신·관제 전문기업
DJ-056,1,ETRI
DJ-056,2,항전·통신·관제 전문기업
DJ-057,1,ETRI
DJ-057,2,항전·통신·관제 전문기업
DJ-058,1,ETRI
DJ-058,2,항전·통신·관제 전문기업
DJ-059,1,ETRI
DJ-059,2,항전·통신·관제 전문기업
DJ-060,1,ETRI
DJ-060,2,항전·통신·관제 전문기업
DJ-061,1,ETRI
DJ-061,2,항전·통신·관제 전문기업
DJ-062,1,EO/IR·LiDAR·레이더·멀티스펙트럴 장비기업
DJ-063,1,EO/IR·LiDAR·레이더·멀티스펙트럴 장비기업
DJ-064,1,EO/IR·LiDAR·레이더·멀티스펙트럴 장비기업
DJ-065,1,EO/IR·LiDAR·레이더·멀티스펙트럴 장비기업
DJ-066,1,EO/IR·LiDAR·레이더·멀티스펙트럴 장비기업
DJ-067,1,EO/IR·LiDAR·레이더·멀티스펙트럴 장비기업
DJ-068,1,EO/IR·LiDAR·레이더·멀티스펙트럴 장비기업
DJ-069,1,EO/IR·LiDAR·레이더·멀티스펙트럴 장비기업
DJ-070,1,ETRI
DJ-070,2,모빌리티랩
DJ-070,3,AI·로보틱스 기업
DJ-071,1,ETRI
DJ-071,2,모빌리티랩
DJ-071,3,AI·로보틱스 기업
DJ-072,1,ETRI
DJ-072,2,모빌리티랩
DJ-072,3,AI·로보틱스 기업
DJ-073,1,ETRI
DJ-073,2,모빌리티랩
DJ-073,3,AI·로보틱스 기업
DJ-074,1,ETRI
DJ-074,2,모빌리티랩
DJ-074,3,AI·로보틱스 기업
DJ-075,1,ETRI
DJ-075,2,모빌리티랩
DJ-075,3,AI·로보틱스 기업
DJ-076,1,ETRI
DJ-076,2,모빌리티랩
DJ-076,3,AI·로보틱스 기업
DJ-077,1,ETRI
DJ-077,2,모빌리티랩
DJ-077,3,AI·로보틱스 기업
DJ-078,1,ETRI
DJ-078,2,모빌리티랩
DJ-078,3,AI·로보틱스 기업
DJ-079,1,ETRI
DJ-079,2,모빌리티랩
DJ-079,3,AI·로보틱스 기업
DJ-080,1,ETRI
DJ-080,2,모빌리티랩
DJ-080,3,AI·로보틱스 기업
DJ-081,1,ETRI
DJ-081,2,모빌리티랩
DJ-081,3,AI·로보틱스 기업
DJ-082,1,지자체 드론공간정보 운영기관
DJ-082,2,ETRI
DJ-082,3,관제 솔루션사
DJ-083,1,지자체 드론공간정보 운영기관
DJ-083,2,ETRI
DJ-083,3,관제 솔루션사
DJ-084,1,지자체 드론공간정보 운영기관
DJ-084,2,ETRI
DJ-084,3,관제 솔루션사
DJ-085,1,지자체 드론공간정보 운영기관
DJ-085,2,ETRI
DJ-085,3,관제 솔루션사
DJ-086,1,지자체 드론공간정보 운영기관
DJ-086,2,ETRI
DJ-086,3,관제 솔루션사
DJ-087,1,지자체 드론공간정보 운영기관
DJ-087,2,ETRI
DJ-087,3,관제 솔루션사
DJ-088,1,지자체 드론공간정보 운영기관
DJ-088,2,ETRI
DJ-088,3,관제 솔루션사
DJ-089,1,지자체 드론공간정보 운영기관
DJ-089,2,ETRI
DJ-089,3,관제 솔루션사
DJ-090,1,지자체 드론공간정보 운영기관
DJ-090,2,ETRI
DJ-090,3,관제 솔루션사
DJ-091,1,지자체 드론공간정보 운영기관
DJ-091,2,ETRI
DJ-091,3,관제 솔루션사
DJ-092,1,지자체 드론공간정보 운영기관
DJ-092,2,ETRI
DJ-092,3,관제 솔루션사
DJ-093,1,지자체 드론공간정보 운영기관
DJ-093,2,ETRI
DJ-093,3,관제 솔루션사
DJ-094,1,지자체 드론공간정보 운영기관
DJ-094,2,ETRI
DJ-094,3,관제 솔루션사
DJ-095,1,드론 운용기업
DJ-095,2,한국교통안전공단 지정 전문교육기관
DJ-096,1,드론 운용기업
DJ-096,2,한국교통안전공단 지정 전문교육기관
DJ-097,1,드론 운용기업
DJ-097,2,한국교통안전공단 지정 전문교육기관
DJ-098,1,드론 운용기업
DJ-098,2,한국교통안전공단 지정 전문교육기관
DJ-099,1,드론 운용기업
DJ-099,2,한국교통안전공단 지정 전문교육기관
DJ-100,1,드론 운용기업
DJ-100,2,한국교통안전공단 지정 전문교육기관
DJ-101,1,드론 운용기업
DJ-101,2,한국교통안전공단 지정 전문교육기관
DJ-102,1,드론 운용기업
DJ-102,2,한국교통안전공단 지정 전문교육기관
DJ-103,1,드론 운용기업
DJ-103,2,한국교통안전공단 지정 전문교육기관
DJ-104,1,드론 운용기업
DJ-104,2,한국교통안전공단 지정 전문교육기관
DJ-105,1,드론 운용기업
DJ-105,2,한국교통안전공단 지정 전문교육기관
DJ-106,1,드론 운용기업
DJ-106,2,한국교통안전공단 지정 전문교육기관
DJ-107,1,드론 운용기업
DJ-107,2,한국교통안전공단 지정 전문교육기관
DJ-108,1,드론 운용기업
DJ-108,2,한국교통안전공단 지정 전문교육기관
DJ-109,1,항공안전기술원 드론인증센터
DJ-109,2,(주)헬셀
DJ-109,3,DJI 공식 서비스센터
DJ-110,1,항공안전기술원 드론인증센터
DJ-110,2,(주)헬셀
DJ-110,3,DJI 공식 서비스센터
DJ-111,1,항공안전기술원 드론인증센터
DJ-111,2,(주)헬셀
DJ-111,3,DJI 공식 서비스센터
DJ-112,1,항공안전기술원 드론인증센터
DJ-112,2,(주)헬셀
DJ-112,3,DJI 공식 서비스센터
DJ-113,1,항공안전기술원 드론인증센터
DJ-113,2,(주)헬셀
DJ-113,3,DJI 공식 서비스센터
DJ-114,1,항공안전기술원 드론인증센터
DJ-114,2,(주)헬셀
DJ-114,3,DJI 공식 서비스센터
DJ-115,1,항공안전기술원 드론인증센터
DJ-115,2,(주)헬셀
DJ-115,3,DJI 공식 서비스센터
DJ-116,1,항공안전기술원 드론인증센터
DJ-116,2,(주)헬셀
DJ-116,3,DJI 공식 서비스센터
DJ-117,1,항공안전기술원 드론인증센터
DJ-117,2,(주)헬셀
DJ-117,3,DJI 공식 서비스센터
DJ-118,1,항공안전기술원 드론인증센터
DJ-118,2,(주)헬셀
DJ-118,3,DJI 공식 서비스센터
DJ-119,1,항공안전기술원 드론인증센터
DJ-119,2,(주)헬셀
DJ-119,3,DJI 공식 서비스센터
DJ-120,1,항공안전기술원 드론인증센터
DJ-120,2,(주)헬셀
DJ-120,3,DJI 공식 서비스센터
DJ-121,1,항공안전기술원
DJ-121,2,한국교통안전공단
DJ-121,3,드론 인증·시험기관
DJ-122,1,항공안전기술원
DJ-122,2,한국교통안전공단
DJ-122,3,드론 인증·시험기관
DJ-123,1,항공안전기술원
DJ-123,2,한국교통안전공단
DJ-123,3,드론 인증·시험기관
DJ-124,1,항공안전기술원
DJ-124,2,한국교통안전공단
DJ-124,3,드론 인증·시험기관
DJ-125,1,항공안전기술원
DJ-125,2,한국교통안전공단
DJ-125,3,드론 인증·시험기관
DJ-126,1,항공안전기술원
DJ-126,2,한국교통안전공단
DJ-126,3,드론 인증·시험기관
DJ-127,1,항공안전기술원
DJ-127,2,한국교통안전공단
DJ-127,3,드론 인증·시험기관
DJ-128,1,항공안전기술원
DJ-128,2,한국교통안전공단
DJ-128,3,드론 인증·시험기관
DJ-129,1,항공안전기술원
DJ-129,2,한국교통안전공단
DJ-129,3,드론 인증·시험기관
DJ-130,1,항공안전기술원
DJ-130,2,한국교통안전공단
DJ-130,3,드론 인증·시험기관
DJ-131,1,유비파이
DJ-131,2,방송·영상 제작사
DJ-131,3,드론쇼 운영사
DJ-132,1,유비파이
DJ-132,2,방송·영상 제작사
DJ-132,3,드론쇼 운영사
DJ-133,1,유비파이
DJ-133,2,방송·영상 제작사
DJ-133,3,드론쇼 운영사
DJ-134,1,유비파이
DJ-134,2,방송·영상 제작사
DJ-134,3,드론쇼 운영사
DJ-135,1,유비파이
DJ-135,2,방송·영상 제작사
DJ-135,3,드론쇼 운영사
DJ-136,1,유비파이
DJ-136,2,방송·영상 제작사
DJ-136,3,드론쇼 운영사
DJ-137,1,유비파이
DJ-137,2,방송·영상 제작사
DJ-137,3,드론쇼 운영사
DJ-138,1,유비파이
DJ-138,2,방송·영상 제작사
DJ-138,3,드론쇼 운영사
DJ-139,1,유비파이
DJ-139,2,방송·영상 제작사
DJ-139,3,드론쇼 운영사
DJ-140,1,유비파이
DJ-140,2,방송·영상 제작사
DJ-140,3,드론쇼 운영사
DJ-141,1,유비파이
DJ-141,2,방송·영상 제작사
DJ-141,3,드론쇼 운영사
DJ-142,1,농업드론 서비스사
DJ-142,2,농촌진흥청
DJ-142,3,산림청
DJ-142,4,환경부·지자체
DJ-143,1,농업드론 서비스사
DJ-143,2,농촌진흥청
DJ-143,3,산림청
DJ-143,4,환경부·지자체
DJ-144,1,농업드론 서비스사
DJ-144,2,농촌진흥청
DJ-144,3,산림청
DJ-144,4,환경부·지자체
DJ-145,1,농업드론 서비스사
DJ-145,2,농촌진흥청
DJ-145,3,산림청
DJ-145,4,환경부·지자체
DJ-146,1,농업드론 서비스사
DJ-146,2,농촌진흥청
DJ-146,3,산림청
DJ-146,4,환경부·지자체
DJ-147,1,농업드론 서비스사
DJ-147,2,농촌진흥청
DJ-147,3,산림청
DJ-147,4,환경부·지자체
DJ-148,1,농업드론 서비스사
DJ-148,2,농촌진흥청
DJ-148,3,산림청
DJ-148,4,환경부·지자체
DJ-149,1,농업드론 서비스사
DJ-149,2,농촌진흥청
DJ-149,3,산림청
DJ-149,4,환경부·지자체
DJ-150,1,농업드론 서비스사
DJ-150,2,농촌진흥청
DJ-150,3,산림청
DJ-150,4,환경부·지자체
DJ-151,1,농업드론 서비스사
DJ-151,2,농촌진흥청
DJ-151,3,산림청
DJ-151,4,환경부·지자체
DJ-152,1,농업드론 서비스사
DJ-152,2,농촌진흥청
DJ-152,3,산림청
DJ-152,4,환경부·지자체
DJ-153,1,농업드론 서비스사
DJ-153,2,농촌진흥청
DJ-153,3,산림청
DJ-153,4,환경부·지자체
DJ-154,1,유피이엔지
DJ-154,2,다원솔루텍
DJ-154,3,공간정보·안전점검 기업
DJ-155,1,유피이엔지
DJ-155,2,다원솔루텍
DJ-155,3,공간정보·안전점검 기업
DJ-156,1,유피이엔지
DJ-156,2,다원솔루텍
DJ-156,3,공간정보·안전점검 기업
DJ-157,1,유피이엔지
DJ-157,2,다원솔루텍
DJ-157,3,공간정보·안전점검 기업
DJ-158,1,유피이엔지
DJ-158,2,다원솔루텍
DJ-158,3,공간정보·안전점검 기업
DJ-159,1,유피이엔지
DJ-159,2,다원솔루텍
DJ-159,3,공간정보·안전점검 기업
DJ-160,1,유피이엔지
DJ-160,2,다원솔루텍
DJ-160,3,공간정보·안전점검 기업
DJ-161,1,유피이엔지
DJ-161,2,다원솔루텍
DJ-161,3,공간정보·안전점검 기업
DJ-162,1,유피이엔지
DJ-162,2,다원솔루텍
DJ-162,3,공간정보·안전점검 기업
DJ-163,1,유피이엔지
DJ-163,2,다원솔루텍
DJ-163,3,공간정보·안전점검 기업
DJ-164,1,유피이엔지
DJ-164,2,다원솔루텍
DJ-164,3,공간정보·안전점검 기업
DJ-165,1,유피이엔지
DJ-165,2,다원솔루텍
DJ-165,3,공간정보·안전점검 기업
DJ-166,1,유피이엔지
DJ-166,2,다원솔루텍
DJ-166,3,공간정보·안전점검 기업
DJ-167,1,유피이엔지
DJ-167,2,다원솔루텍
DJ-167,3,공간정보·안전점검 기업
DJ-168,1,유피이엔지
DJ-168,2,다원솔루텍
DJ-168,3,공간정보·안전점검 기업
DJ-169,1,유피이엔지
DJ-169,2,다원솔루텍
DJ-169,3,공간정보·안전점검 기업
DJ-170,1,소방청
DJ-170,2,해양경찰청
DJ-170,3,산림청
DJ-170,4,관세청
DJ-170,5,드론 물류기업
DJ-171,1,소방청
DJ-171,2,해양경찰청
DJ-171,3,산림청
DJ-171,4,관세청
DJ-171,5,드론 물류기업
DJ-172,1,소방청
DJ-172,2,해양경찰청
DJ-172,3,산림청
DJ-172,4,관세청
DJ-172,5,드론 물류기업
DJ-173,1,소방청
DJ-173,2,해양경찰청
DJ-173,3,산림청
DJ-173,4,관세청
DJ-173,5,드론 물류기업
DJ-174,1,소방청
DJ-174,2,해양경찰청
DJ-174,3,산림청
DJ-174,4,관세청
DJ-174,5,드론 물류기업
DJ-175,1,소방청
DJ-175,2,해양경찰청
DJ-175,3,산림청
DJ-175,4,관세청
DJ-175,5,드론 물류기업
DJ-176,1,소방청
DJ-176,2,해양경찰청
DJ-176,3,산림청
DJ-176,4,관세청
DJ-176,5,드론 물류기업
DJ-177,1,소방청
DJ-177,2,해양경찰청
DJ-177,3,산림청
DJ-177,4,관세청
DJ-177,5,드론 물류기업
DJ-178,1,소방청
DJ-178,2,해양경찰청
DJ-178,3,산림청
DJ-178,4,관세청
DJ-178,5,드론 물류기업
DJ-179,1,소방청
DJ-179,2,해양경찰청
DJ-179,3,산림청
DJ-179,4,관세청
DJ-179,5,드론 물류기업
DJ-180,1,소방청
DJ-180,2,해양경찰청
DJ-180,3,산림청
DJ-180,4,관세청
DJ-180,5,드론 물류기업
DJ-181,1,소방청
DJ-181,2,해양경찰청
DJ-181,3,산림청
DJ-181,4,관세청
DJ-181,5,드론 물류기업
DJ-182,1,소방청
DJ-182,2,해양경찰청
DJ-182,3,산림청
DJ-182,4,관세청
DJ-182,5,드론 물류기업
DJ-183,1,소방청
DJ-183,2,해양경찰청
DJ-183,3,산림청
DJ-183,4,관세청
DJ-183,5,드론 물류기업
DJ-184,1,소방청
DJ-184,2,해양경찰청
DJ-184,3,산림청
DJ-184,4,관세청
DJ-184,5,드론 물류기업
DJ-185,1,소방청
DJ-185,2,해양경찰청
DJ-185,3,산림청
DJ-185,4,관세청
DJ-185,5,드론 물류기업
DJ-186,1,소방청
DJ-186,2,해양경찰청
DJ-186,3,산림청
DJ-186,4,관세청
DJ-186,5,드론 물류기업
DJ-187,1,한국교통안전공단
DJ-187,2,지정 전문교육기관
DJ-187,3,대학·출연연
DJ-188,1,한국교통안전공단
DJ-188,2,지정 전문교육기관
DJ-188,3,대학·출연연
DJ-189,1,한국교통안전공단
DJ-189,2,지정 전문교육기관
DJ-189,3,대학·출연연
DJ-190,1,한국교통안전공단
DJ-190,2,지정 전문교육기관
DJ-190,3,대학·출연연
DJ-191,1,한국교통안전공단
DJ-191,2,지정 전문교육기관
DJ-191,3,대학·출연연
DJ-192,1,한국교통안전공단
DJ-192,2,지정 전문교육기관
DJ-192,3,대학·출연연
DJ-193,1,한국교통안전공단
DJ-193,2,지정 전문교육기관
DJ-193,3,대학·출연연
DJ-194,1,한국교통안전공단
DJ-194,2,지정 전문교육기관
DJ-194,3,대학·출연연
DJ-195,1,한국교통안전공단
DJ-195,2,지정 전문교육기관
DJ-195,3,대학·출연연
DJ-196,1,한국교통안전공단
DJ-196,2,지정 전문교육기관
DJ-196,3,대학·출연연
DJ-197,1,한국교통안전공단
DJ-197,2,지정 전문교육기관
DJ-197,3,대학·출연연
DJ-198,1,국토교통부
DJ-198,2,항공안전기술원
DJ-198,3,한국교통안전공단
DJ-198,4,지자체
DJ-199,1,국토교통부
DJ-199,2,항공안전기술원
DJ-199,3,한국교통안전공단
DJ-199,4,지자체
DJ-200,1,국토교통부
DJ-200,2,항공안전기술원
DJ-200,3,한국교통안전공단
DJ-200,4,지자체
DJ-201,1,국토교통부
DJ-201,2,항공안전기술원
DJ-201,3,한국교통안전공단
DJ-201,4,지자체
DJ-202,1,국토교통부
DJ-202,2,항공안전기술원
DJ-202,3,한국교통안전공단
DJ-202,4,지자체
DJ-203,1,국토교통부
DJ-203,2,항공안전기술원
DJ-203,3,한국교통안전공단
DJ-203,4,지자체
DJ-204,1,국토교통부
DJ-204,2,항공안전기술원
DJ-204,3,한국교통안전공단
DJ-204,4,지자체
DJ-205,1,국토교통부
DJ-205,2,항공안전기술원
DJ-205,3,한국교통안전공단
DJ-205,4,지자체
DJ-206,1,국토교통부
DJ-206,2,항공안전기술원
DJ-206,3,한국교통안전공단
DJ-206,4,지자체
DJ-207,1,국토교통부
DJ-207,2,항공안전기술원
DJ-207,3,한국교통안전공단
DJ-207,4,지자체
DJ-208,1,국토교통부
DJ-208,2,항공안전기술원
DJ-208,3,한국교통안전공단
DJ-208,4,지자체
DJ-209,1,국토교통부
DJ-209,2,항공안전기술원
DJ-209,3,한국교통안전공단
DJ-209,4,지자체
