record_id,evidence_id,company_id,evidence_type,evidence_strength,official_source,caveat,source_dataset,source_row,record_json
c4bf34642f0b278f3d99572c,EVD0001,CMP0049,방산원가관리체계 인증,공식 보조근거,Y,방산업체 지정 또는 드론 사업 참여를 의미하지 않음,company_defense_evidence,2,"{""evidence_id"":""EVD0001"",""company_id"":""CMP0049"",""company_name_normalized"":""대한항공"",""evidence_domain"":""방산"",""evidence_type"":""방산원가관리체계 인증"",""evidence_strength"":""공식 보조근거"",""evidence_detail"":""유효기간 2021-07-09~2026-07-08"",""official_source"":""Y"",""source_file"":""방위사업청_방산원가관리체계 인증업체 현황_20260506.csv"",""source_page"":"""",""as_of_date"":""2026-05-06"",""caveat"":""방산업체 지정 또는 드론 사업 참여를 의미하지 않음""}"
34ff017abc048bb5f31b9fa6,EVD0002,CMP0002,방산원가관리체계 인증,공식 보조근거,Y,방산업체 지정 또는 드론 사업 참여를 의미하지 않음,company_defense_evidence,3,"{""evidence_id"":""EVD0002"",""company_id"":""CMP0002"",""company_name_normalized"":""LIG넥스원"",""evidence_domain"":""방산"",""evidence_type"":""방산원가관리체계 인증"",""evidence_strength"":""공식 보조근거"",""evidence_detail"":""유효기간 2021-09-18~2026-09-17"",""official_source"":""Y"",""source_file"":""방위사업청_방산원가관리체계 인증업체 현황_20260506.csv"",""source_page"":"""",""as_of_date"":""2026-05-06"",""caveat"":""방산업체 지정 또는 드론 사업 참여를 의미하지 않음""}"
43cf1599b95514ee6b746613,EVD0003,CMP0283,방산원가관리체계 인증,공식 보조근거,Y,방산업체 지정 또는 드론 사업 참여를 의미하지 않음,company_defense_evidence,4,"{""evidence_id"":""EVD0003"",""company_id"":""CMP0283"",""company_name_normalized"":""한화시스템"",""evidence_domain"":""방산"",""evidence_type"":""방산원가관리체계 인증"",""evidence_strength"":""공식 보조근거"",""evidence_detail"":""유효기간 2021-09-18~2026-09-17"",""official_source"":""Y"",""source_file"":""방위사업청_방산원가관리체계 인증업체 현황_20260506.csv"",""source_page"":"""",""as_of_date"":""2026-05-06"",""caveat"":""방산업체 지정 또는 드론 사업 참여를 의미하지 않음""}"
c059afd42fd1c834fac787f8,EVD0004,CMP0004,방산원가관리체계 인증,공식 보조근거,Y,방산업체 지정 또는 드론 사업 참여를 의미하지 않음,company_defense_evidence,5,"{""evidence_id"":""EVD0004"",""company_id"":""CMP0004"",""company_name_normalized"":""STX엔진"",""evidence_domain"":""방산"",""evidence_type"":""방산원가관리체계 인증"",""evidence_strength"":""공식 보조근거"",""evidence_detail"":""유효기간 2022-02-28~2027-02-27"",""official_source"":""Y"",""source_file"":""방위사업청_방산원가관리체계 인증업체 현황_20260506.csv"",""source_page"":"""",""as_of_date"":""2026-05-06"",""caveat"":""방산업체 지정 또는 드론 사업 참여를 의미하지 않음""}"
20c056721d60083855cc2761,EVD0005,CMP0252,방산원가관리체계 인증,공식 보조근거,Y,방산업체 지정 또는 드론 사업 참여를 의미하지 않음,company_defense_evidence,6,"{""evidence_id"":""EVD0005"",""company_id"":""CMP0252"",""company_name_normalized"":""풍산"",""evidence_domain"":""방산"",""evidence_type"":""방산원가관리체계 인증"",""evidence_strength"":""공식 보조근거"",""evidence_detail"":""유효기간 2022-02-28~2027-02-27"",""official_source"":""Y"",""source_file"":""방위사업청_방산원가관리체계 인증업체 현황_20260506.csv"",""source_page"":"""",""as_of_date"":""2026-05-06"",""caveat"":""방산업체 지정 또는 드론 사업 참여를 의미하지 않음""}"
1677a33006dc0fa6a919853c,EVD0006,CMP0005,방산원가관리체계 인증,공식 보조근거,Y,방산업체 지정 또는 드론 사업 참여를 의미하지 않음,company_defense_evidence,7,"{""evidence_id"":""EVD0006"",""company_id"":""CMP0005"",""company_name_normalized"":""S&T모티브"",""evidence_domain"":""방산"",""evidence_type"":""방산원가관리체계 인증"",""evidence_strength"":""공식 보조근거"",""evidence_detail"":""유효기간 2022-06-21~2027-06-22"",""official_source"":""Y"",""source_file"":""방위사업청_방산원가관리체계 인증업체 현황_20260506.csv"",""source_page"":"""",""as_of_date"":""2026-05-06"",""caveat"":""방산업체 지정 또는 드론 사업 참여를 의미하지 않음""}"
b1704557123b8a4b084a6748,EVD0007,CMP0276,방산원가관리체계 인증,공식 보조근거,Y,방산업체 지정 또는 드론 사업 참여를 의미하지 않음,company_defense_evidence,8,"{""evidence_id"":""EVD0007"",""company_id"":""CMP0276"",""company_name_normalized"":""한국항공우주산업"",""evidence_domain"":""방산"",""evidence_type"":""방산원가관리체계 인증"",""evidence_strength"":""공식 보조근거"",""evidence_detail"":""유효기간 2022-09-13~2027-09-12"",""official_source"":""Y"",""source_file"":""방위사업청_방산원가관리체계 인증업체 현황_20260506.csv"",""source_page"":"""",""as_of_date"":""2026-05-06"",""caveat"":""방산업체 지정 또는 드론 사업 참여를 의미하지 않음""}"
42cd70c25a485b7b255c98bd,EVD0008,CMP0284,방산원가관리체계 인증,공식 보조근거,Y,방산업체 지정 또는 드론 사업 참여를 의미하지 않음,company_defense_evidence,9,"{""evidence_id"":""EVD0008"",""company_id"":""CMP0284"",""company_name_normalized"":""한화에어로스페이스"",""evidence_domain"":""방산"",""evidence_type"":""방산원가관리체계 인증"",""evidence_strength"":""공식 보조근거"",""evidence_detail"":""유효기간 2022-09-17~2027-09-16"",""official_source"":""Y"",""source_file"":""방위사업청_방산원가관리체계 인증업체 현황_20260506.csv"",""source_page"":"""",""as_of_date"":""2026-05-06"",""caveat"":""방산업체 지정 또는 드론 사업 참여를 의미하지 않음""}"
6d13b7acdf7d126ffe032087,EVD0009,CMP0291,방산원가관리체계 인증,공식 보조근거,Y,방산업체 지정 또는 드론 사업 참여를 의미하지 않음,company_defense_evidence,10,"{""evidence_id"":""EVD0009"",""company_id"":""CMP0291"",""company_name_normalized"":""현대로템"",""evidence_domain"":""방산"",""evidence_type"":""방산원가관리체계 인증"",""evidence_strength"":""공식 보조근거"",""evidence_detail"":""유효기간 2022-09-17~2027-09-16"",""official_source"":""Y"",""source_file"":""방위사업청_방산원가관리체계 인증업체 현황_20260506.csv"",""source_page"":"""",""as_of_date"":""2026-05-06"",""caveat"":""방산업체 지정 또는 드론 사업 참여를 의미하지 않음""}"
1507f426140b1c82f61fb42e,EVD0010,CMP0296,방산원가관리체계 인증,공식 보조근거,Y,방산업체 지정 또는 드론 사업 참여를 의미하지 않음,company_defense_evidence,11,"{""evidence_id"":""EVD0010"",""company_id"":""CMP0296"",""company_name_normalized"":""휴니드테크놀러지스"",""evidence_domain"":""방산"",""evidence_type"":""방산원가관리체계 인증"",""evidence_strength"":""공식 보조근거"",""evidence_detail"":""유효기간 2023-02-17~2028-02-16"",""official_source"":""Y"",""source_file"":""방위사업청_방산원가관리체계 인증업체 현황_20260506.csv"",""source_page"":"""",""as_of_date"":""2026-05-06"",""caveat"":""방산업체 지정 또는 드론 사업 참여를 의미하지 않음""}"
5cf2213d75764ccae240bb67,EVD0011,CMP0248,방산원가관리체계 인증,공식 보조근거,Y,방산업체 지정 또는 드론 사업 참여를 의미하지 않음,company_defense_evidence,12,"{""evidence_id"":""EVD0011"",""company_id"":""CMP0248"",""company_name_normalized"":""퍼스텍"",""evidence_domain"":""방산"",""evidence_type"":""방산원가관리체계 인증"",""evidence_strength"":""공식 보조근거"",""evidence_detail"":""유효기간 2023-02-17~2028-02-16"",""official_source"":""Y"",""source_file"":""방위사업청_방산원가관리체계 인증업체 현황_20260506.csv"",""source_page"":"""",""as_of_date"":""2026-05-06"",""caveat"":""방산업체 지정 또는 드론 사업 참여를 의미하지 않음""}"
367f0581d718ddbd5d95db41,EVD0012,CMP0234,방산원가관리체계 인증,공식 보조근거,Y,방산업체 지정 또는 드론 사업 참여를 의미하지 않음,company_defense_evidence,13,"{""evidence_id"":""EVD0012"",""company_id"":""CMP0234"",""company_name_normalized"":""코리아디펜스인더스트리"",""evidence_domain"":""방산"",""evidence_type"":""방산원가관리체계 인증"",""evidence_strength"":""공식 보조근거"",""evidence_detail"":""유효기간 2023-05-04~2028-05-03"",""official_source"":""Y"",""source_file"":""방위사업청_방산원가관리체계 인증업체 현황_20260506.csv"",""source_page"":"""",""as_of_date"":""2026-05-06"",""caveat"":""방산업체 지정 또는 드론 사업 참여를 의미하지 않음""}"
689f9355d48ab1871871c8af,EVD0013,CMP0180,방산원가관리체계 인증,공식 보조근거,Y,방산업체 지정 또는 드론 사업 참여를 의미하지 않음,company_defense_evidence,14,"{""evidence_id"":""EVD0013"",""company_id"":""CMP0180"",""company_name_normalized"":""에이치디현대중공업(주)"",""evidence_domain"":""방산"",""evidence_type"":""방산원가관리체계 인증"",""evidence_strength"":""공식 보조근거"",""evidence_detail"":""유효기간 2025-05-28~2030-05-28"",""official_source"":""Y"",""source_file"":""방위사업청_방산원가관리체계 인증업체 현황_20260506.csv"",""source_page"":"""",""as_of_date"":""2026-05-06"",""caveat"":""방산업체 지정 또는 드론 사업 참여를 의미하지 않음""}"
e382913f422d83a8e7f03f7d,EVD0014,CMP0037,방산혁신기업 프로젝트,직접,Y,보고서 수록 내용 기준이며 현재 사업 상태는 별도 확인 필요,company_defense_evidence,15,"{""evidence_id"":""EVD0014"",""company_id"":""CMP0037"",""company_name_normalized"":""니어스랩"",""evidence_domain"":""방산드론"",""evidence_type"":""방산혁신기업 프로젝트"",""evidence_strength"":""직접"",""evidence_detail"":""AI칩 기반 군집 비행제어 관련 기업 및 근거리 정찰용 군집 자율비행 드론 체계개발 방산혁신기업 프로젝트"",""official_source"":""Y"",""source_file"":""국방기술진흥연구소 - KRIT 이슈페이퍼 29호.pdf"",""source_page"":""10,14"",""as_of_date"":""2026-05-18"",""caveat"":""보고서 수록 내용 기준이며 현재 사업 상태는 별도 확인 필요""}"
14b3badff9a6024859c77ba6,EVD0015,CMP0242,방산혁신기업 프로젝트,직접,Y,보고서 수록 내용 기준이며 현재 사업 상태는 별도 확인 필요,company_defense_evidence,16,"{""evidence_id"":""EVD0015"",""company_id"":""CMP0242"",""company_name_normalized"":""파블로항공"",""evidence_domain"":""방산드론"",""evidence_type"":""방산혁신기업 프로젝트"",""evidence_strength"":""직접"",""evidence_detail"":""AI칩 기반 군집 비행제어 및 군집드론 전투 체계개발 방산혁신기업 프로젝트"",""official_source"":""Y"",""source_file"":""국방기술진흥연구소 - KRIT 이슈페이퍼 29호.pdf"",""source_page"":""10"",""as_of_date"":""2026-05-18"",""caveat"":""보고서 수록 내용 기준이며 현재 사업 상태는 별도 확인 필요""}"
50c43162147c4074763b0fd7,EVD0016,CMP0002,KRIT 관련기업 언급,보조,Y,보고서 수록 내용 기준이며 현재 사업 상태는 별도 확인 필요,company_defense_evidence,17,"{""evidence_id"":""EVD0016"",""company_id"":""CMP0002"",""company_name_normalized"":""LIG넥스원"",""evidence_domain"":""방산드론"",""evidence_type"":""KRIT 관련기업 언급"",""evidence_strength"":""보조"",""evidence_detail"":""AI칩 기반 군집 비행제어 컴퓨터·SW 관련 기업으로 표기"",""official_source"":""Y"",""source_file"":""국방기술진흥연구소 - KRIT 이슈페이퍼 29호.pdf"",""source_page"":""10"",""as_of_date"":""2026-05-18"",""caveat"":""보고서 수록 내용 기준이며 현재 사업 상태는 별도 확인 필요""}"
8cde56fd08191eb7639fb1a9,EVD0017,CMP0252,KRIT 관련기업 언급,보조,Y,보고서 수록 내용 기준이며 현재 사업 상태는 별도 확인 필요,company_defense_evidence,18,"{""evidence_id"":""EVD0017"",""company_id"":""CMP0252"",""company_name_normalized"":""풍산"",""evidence_domain"":""방산드론"",""evidence_type"":""KRIT 관련기업 언급"",""evidence_strength"":""보조"",""evidence_detail"":""저가형 군집 공격드론 소형 탄두 관련 기업으로 표기"",""official_source"":""Y"",""source_file"":""국방기술진흥연구소 - KRIT 이슈페이퍼 29호.pdf"",""source_page"":""10"",""as_of_date"":""2026-05-18"",""caveat"":""보고서 수록 내용 기준이며 현재 사업 상태는 별도 확인 필요""}"
2a1ff253d084e8e4b00ce411,EVD0018,CMP0085,국방기술개발 과제,직접,Y,보고서 수록 내용 기준이며 현재 사업 상태는 별도 확인 필요,company_defense_evidence,19,"{""evidence_id"":""EVD0018"",""company_id"":""CMP0085"",""company_name_normalized"":""딥엑스"",""evidence_domain"":""방산드론"",""evidence_type"":""국방기술개발 과제"",""evidence_strength"":""직접"",""evidence_detail"":""고효율 AI 반도체 기반 사물인식·추적지원 플랫폼 응용연구 수행기관"",""official_source"":""Y"",""source_file"":""국방기술진흥연구소 - KRIT 이슈페이퍼 29호.pdf"",""source_page"":""10"",""as_of_date"":""2026-05-18"",""caveat"":""보고서 수록 내용 기준이며 현재 사업 상태는 별도 확인 필요""}"
bbd63088678d9754da71a923,EVD0019,CMP0202,방산혁신기업 프로젝트,직접,Y,보고서 수록 내용 기준이며 현재 사업 상태는 별도 확인 필요,company_defense_evidence,20,"{""evidence_id"":""EVD0019"",""company_id"":""CMP0202"",""company_name_normalized"":""유비파이"",""evidence_domain"":""방산드론"",""evidence_type"":""방산혁신기업 프로젝트"",""evidence_strength"":""직접"",""evidence_detail"":""GNSS 음영·재밍 환경 영상복합항법 기반 자율·군집 드론 시스템 방산혁신기업 프로젝트"",""official_source"":""Y"",""source_file"":""국방기술진흥연구소 - KRIT 이슈페이퍼 29호.pdf"",""source_page"":""10"",""as_of_date"":""2026-05-18"",""caveat"":""보고서 수록 내용 기준이며 현재 사업 상태는 별도 확인 필요""}"
bb6c41fc4ca5b38b216a023b,EVD0020,CMP0182,드론·무인기 특허 출원인 순위,기술활동 보조근거,N,원본 검색식·국가 범위 미기재. 특허 건수는 방산 매출·채용을 의미하지 않음,company_defense_evidence,21,"{""evidence_id"":""EVD0020"",""company_id"":""CMP0182"",""company_name_normalized"":""에코산업"",""evidence_domain"":""드론기술"",""evidence_type"":""드론·무인기 특허 출원인 순위"",""evidence_strength"":""기술활동 보조근거"",""evidence_detail"":""출원인 순위 1위, 79건"",""official_source"":""N"",""source_file"":""드론 무인기_특허실용신안.xlsx"",""source_page"":"""",""as_of_date"":""2026 수집본"",""caveat"":""원본 검색식·국가 범위 미기재. 특허 건수는 방산 매출·채용을 의미하지 않음""}"
abfa0e5211b6b715341fd5e3,EVD0021,CMP0277,드론·무인기 특허 출원인 순위,기술활동 보조근거,N,원본 검색식·국가 범위 미기재. 특허 건수는 방산 매출·채용을 의미하지 않음,company_defense_evidence,22,"{""evidence_id"":""EVD0021"",""company_id"":""CMP0277"",""company_name_normalized"":""한국항공우주연구원"",""evidence_domain"":""드론기술"",""evidence_type"":""드론·무인기 특허 출원인 순위"",""evidence_strength"":""기술활동 보조근거"",""evidence_detail"":""출원인 순위 2위, 48건"",""official_source"":""N"",""source_file"":""드론 무인기_특허실용신안.xlsx"",""source_page"":"""",""as_of_date"":""2026 수집본"",""caveat"":""원본 검색식·국가 범위 미기재. 특허 건수는 방산 매출·채용을 의미하지 않음""}"
6bf7d851e9528e8db2f513f2,EVD0022,CMP0015,드론·무인기 특허 출원인 순위,기술활동 보조근거,N,원본 검색식·국가 범위 미기재. 특허 건수는 방산 매출·채용을 의미하지 않음,company_defense_evidence,23,"{""evidence_id"":""EVD0022"",""company_id"":""CMP0015"",""company_name_normalized"":""국방과학연구소"",""evidence_domain"":""드론기술"",""evidence_type"":""드론·무인기 특허 출원인 순위"",""evidence_strength"":""기술활동 보조근거"",""evidence_detail"":""출원인 순위 3위, 46건"",""official_source"":""N"",""source_file"":""드론 무인기_특허실용신안.xlsx"",""source_page"":"""",""as_of_date"":""2026 수집본"",""caveat"":""원본 검색식·국가 범위 미기재. 특허 건수는 방산 매출·채용을 의미하지 않음""}"
2411f8fffaf3cd8baac5d994,EVD0023,CMP0272,드론·무인기 특허 출원인 순위,기술활동 보조근거,N,원본 검색식·국가 범위 미기재. 특허 건수는 방산 매출·채용을 의미하지 않음,company_defense_evidence,24,"{""evidence_id"":""EVD0023"",""company_id"":""CMP0272"",""company_name_normalized"":""한국전자통신연구원"",""evidence_domain"":""드론기술"",""evidence_type"":""드론·무인기 특허 출원인 순위"",""evidence_strength"":""기술활동 보조근거"",""evidence_detail"":""출원인 순위 4위, 44건"",""official_source"":""N"",""source_file"":""드론 무인기_특허실용신안.xlsx"",""source_page"":"""",""as_of_date"":""2026 수집본"",""caveat"":""원본 검색식·국가 범위 미기재. 특허 건수는 방산 매출·채용을 의미하지 않음""}"
ec1f8bef87c39c465a3ba836,EVD0024,CMP0003,드론·무인기 특허 출원인 순위,기술활동 보조근거,N,원본 검색식·국가 범위 미기재. 특허 건수는 방산 매출·채용을 의미하지 않음,company_defense_evidence,25,"{""evidence_id"":""EVD0024"",""company_id"":""CMP0003"",""company_name_normalized"":""LIG디펜스앤에어로스페이스"",""evidence_domain"":""드론기술"",""evidence_type"":""드론·무인기 특허 출원인 순위"",""evidence_strength"":""기술활동 보조근거"",""evidence_detail"":""출원인 순위 5위, 33건"",""official_source"":""N"",""source_file"":""드론 무인기_특허실용신안.xlsx"",""source_page"":"""",""as_of_date"":""2026 수집본"",""caveat"":""원본 검색식·국가 범위 미기재. 특허 건수는 방산 매출·채용을 의미하지 않음""}"
7f9f8770d44fc2090ccc44b5,EVD0025,CMP0270,드론·무인기 특허 출원인 순위,기술활동 보조근거,N,원본 검색식·국가 범위 미기재. 특허 건수는 방산 매출·채용을 의미하지 않음,company_defense_evidence,26,"{""evidence_id"":""EVD0025"",""company_id"":""CMP0270"",""company_name_normalized"":""한국전력공사"",""evidence_domain"":""드론기술"",""evidence_type"":""드론·무인기 특허 출원인 순위"",""evidence_strength"":""기술활동 보조근거"",""evidence_detail"":""출원인 순위 6위, 29건"",""official_source"":""N"",""source_file"":""드론 무인기_특허실용신안.xlsx"",""source_page"":"""",""as_of_date"":""2026 수집본"",""caveat"":""원본 검색식·국가 범위 미기재. 특허 건수는 방산 매출·채용을 의미하지 않음""}"
188e157ab0706cff18296d18,EVD0026,CMP0264,드론·무인기 특허 출원인 순위,기술활동 보조근거,N,원본 검색식·국가 범위 미기재. 특허 건수는 방산 매출·채용을 의미하지 않음,company_defense_evidence,27,"{""evidence_id"":""EVD0026"",""company_id"":""CMP0264"",""company_name_normalized"":""한국과학기술연구원"",""evidence_domain"":""드론기술"",""evidence_type"":""드론·무인기 특허 출원인 순위"",""evidence_strength"":""기술활동 보조근거"",""evidence_detail"":""출원인 순위 7위, 18건"",""official_source"":""N"",""source_file"":""드론 무인기_특허실용신안.xlsx"",""source_page"":"""",""as_of_date"":""2026 수집본"",""caveat"":""원본 검색식·국가 범위 미기재. 특허 건수는 방산 매출·채용을 의미하지 않음""}"
30d265d251d5905b165dfed0,EVD0027,CMP0284,드론·무인기 특허 출원인 순위,기술활동 보조근거,N,원본 검색식·국가 범위 미기재. 특허 건수는 방산 매출·채용을 의미하지 않음,company_defense_evidence,28,"{""evidence_id"":""EVD0027"",""company_id"":""CMP0284"",""company_name_normalized"":""한화에어로스페이스"",""evidence_domain"":""드론기술"",""evidence_type"":""드론·무인기 특허 출원인 순위"",""evidence_strength"":""기술활동 보조근거"",""evidence_detail"":""출원인 순위 8위, 15건"",""official_source"":""N"",""source_file"":""드론 무인기_특허실용신안.xlsx"",""source_page"":"""",""as_of_date"":""2026 수집본"",""caveat"":""원본 검색식·국가 범위 미기재. 특허 건수는 방산 매출·채용을 의미하지 않음""}"
d3dfbd369a31613f99379819,EVD0028,CMP0282,드론·무인기 특허 출원인 순위,기술활동 보조근거,N,원본 검색식·국가 범위 미기재. 특허 건수는 방산 매출·채용을 의미하지 않음,company_defense_evidence,29,"{""evidence_id"":""EVD0028"",""company_id"":""CMP0282"",""company_name_normalized"":""한화"",""evidence_domain"":""드론기술"",""evidence_type"":""드론·무인기 특허 출원인 순위"",""evidence_strength"":""기술활동 보조근거"",""evidence_detail"":""출원인 순위 9위, 15건"",""official_source"":""N"",""source_file"":""드론 무인기_특허실용신안.xlsx"",""source_page"":"""",""as_of_date"":""2026 수집본"",""caveat"":""원본 검색식·국가 범위 미기재. 특허 건수는 방산 매출·채용을 의미하지 않음""}"
29c6be264cebf3998d90aaaf,EVD0029,CMP0283,드론·무인기 특허 출원인 순위,기술활동 보조근거,N,원본 검색식·국가 범위 미기재. 특허 건수는 방산 매출·채용을 의미하지 않음,company_defense_evidence,30,"{""evidence_id"":""EVD0029"",""company_id"":""CMP0283"",""company_name_normalized"":""한화시스템"",""evidence_domain"":""드론기술"",""evidence_type"":""드론·무인기 특허 출원인 순위"",""evidence_strength"":""기술활동 보조근거"",""evidence_detail"":""출원인 순위 10위, 14건"",""official_source"":""N"",""source_file"":""드론 무인기_특허실용신안.xlsx"",""source_page"":"""",""as_of_date"":""2026 수집본"",""caveat"":""원본 검색식·국가 범위 미기재. 특허 건수는 방산 매출·채용을 의미하지 않음""}"
324afba2550cffaaf506c385,EVD0030,CMP0265,드론·무인기 특허 출원인 순위,기술활동 보조근거,N,원본 검색식·국가 범위 미기재. 특허 건수는 방산 매출·채용을 의미하지 않음,company_defense_evidence,31,"{""evidence_id"":""EVD0030"",""company_id"":""CMP0265"",""company_name_normalized"":""한국과학기술원"",""evidence_domain"":""드론기술"",""evidence_type"":""드론·무인기 특허 출원인 순위"",""evidence_strength"":""기술활동 보조근거"",""evidence_detail"":""출원인 순위 11위, 14건"",""official_source"":""N"",""source_file"":""드론 무인기_특허실용신안.xlsx"",""source_page"":"""",""as_of_date"":""2026 수집본"",""caveat"":""원본 검색식·국가 범위 미기재. 특허 건수는 방산 매출·채용을 의미하지 않음""}"
88a849a439c50ff42dca2f61,EVD0031,CMP0275,드론·무인기 특허 출원인 순위,기술활동 보조근거,N,원본 검색식·국가 범위 미기재. 특허 건수는 방산 매출·채용을 의미하지 않음,company_defense_evidence,32,"{""evidence_id"":""EVD0031"",""company_id"":""CMP0275"",""company_name_normalized"":""한국항공대학교산학협력단"",""evidence_domain"":""드론기술"",""evidence_type"":""드론·무인기 특허 출원인 순위"",""evidence_strength"":""기술활동 보조근거"",""evidence_detail"":""출원인 순위 12위, 10건"",""official_source"":""N"",""source_file"":""드론 무인기_특허실용신안.xlsx"",""source_page"":"""",""as_of_date"":""2026 수집본"",""caveat"":""원본 검색식·국가 범위 미기재. 특허 건수는 방산 매출·채용을 의미하지 않음""}"
efa2de623afeb055a43177f6,EVD0032,CMP0026,드론·무인기 특허 출원인 순위,기술활동 보조근거,N,원본 검색식·국가 범위 미기재. 특허 건수는 방산 매출·채용을 의미하지 않음,company_defense_evidence,33,"{""evidence_id"":""EVD0032"",""company_id"":""CMP0026"",""company_name_normalized"":""나르마"",""evidence_domain"":""드론기술"",""evidence_type"":""드론·무인기 특허 출원인 순위"",""evidence_strength"":""기술활동 보조근거"",""evidence_detail"":""출원인 순위 13위, 9건"",""official_source"":""N"",""source_file"":""드론 무인기_특허실용신안.xlsx"",""source_page"":"""",""as_of_date"":""2026 수집본"",""caveat"":""원본 검색식·국가 범위 미기재. 특허 건수는 방산 매출·채용을 의미하지 않음""}"
15ca4af02e217dc7b2ac09fa,EVD0033,CMP0143,드론·무인기 특허 출원인 순위,기술활동 보조근거,N,원본 검색식·국가 범위 미기재. 특허 건수는 방산 매출·채용을 의미하지 않음,company_defense_evidence,34,"{""evidence_id"":""EVD0033"",""company_id"":""CMP0143"",""company_name_normalized"":""시너지"",""evidence_domain"":""드론기술"",""evidence_type"":""드론·무인기 특허 출원인 순위"",""evidence_strength"":""기술활동 보조근거"",""evidence_detail"":""출원인 순위 14위, 9건"",""official_source"":""N"",""source_file"":""드론 무인기_특허실용신안.xlsx"",""source_page"":"""",""as_of_date"":""2026 수집본"",""caveat"":""원본 검색식·국가 범위 미기재. 특허 건수는 방산 매출·채용을 의미하지 않음""}"
395ca33db69bc7e688a49d7b,EVD0034,CMP0217,드론·무인기 특허 출원인 순위,기술활동 보조근거,N,원본 검색식·국가 범위 미기재. 특허 건수는 방산 매출·채용을 의미하지 않음,company_defense_evidence,35,"{""evidence_id"":""EVD0034"",""company_id"":""CMP0217"",""company_name_normalized"":""인하대학교 산학협력단"",""evidence_domain"":""드론기술"",""evidence_type"":""드론·무인기 특허 출원인 순위"",""evidence_strength"":""기술활동 보조근거"",""evidence_detail"":""출원인 순위 15위, 9건"",""official_source"":""N"",""source_file"":""드론 무인기_특허실용신안.xlsx"",""source_page"":"""",""as_of_date"":""2026 수집본"",""caveat"":""원본 검색식·국가 범위 미기재. 특허 건수는 방산 매출·채용을 의미하지 않음""}"
a5dfe0be85a739f52ef88cec,EVD0035,CMP0271,드론·무인기 특허 출원인 순위,기술활동 보조근거,N,원본 검색식·국가 범위 미기재. 특허 건수는 방산 매출·채용을 의미하지 않음,company_defense_evidence,36,"{""evidence_id"":""EVD0035"",""company_id"":""CMP0271"",""company_name_normalized"":""한국전력기술"",""evidence_domain"":""드론기술"",""evidence_type"":""드론·무인기 특허 출원인 순위"",""evidence_strength"":""기술활동 보조근거"",""evidence_detail"":""출원인 순위 16위, 8건"",""official_source"":""N"",""source_file"":""드론 무인기_특허실용신안.xlsx"",""source_page"":"""",""as_of_date"":""2026 수집본"",""caveat"":""원본 검색식·국가 범위 미기재. 특허 건수는 방산 매출·채용을 의미하지 않음""}"
be90dadb5695b6538b22ed08,EVD0036,CMP0058,드론·무인기 특허 출원인 순위,기술활동 보조근거,N,원본 검색식·국가 범위 미기재. 특허 건수는 방산 매출·채용을 의미하지 않음,company_defense_evidence,37,"{""evidence_id"":""EVD0036"",""company_id"":""CMP0058"",""company_name_normalized"":""두시텍"",""evidence_domain"":""드론기술"",""evidence_type"":""드론·무인기 특허 출원인 순위"",""evidence_strength"":""기술활동 보조근거"",""evidence_detail"":""출원인 순위 17위, 8건"",""official_source"":""N"",""source_file"":""드론 무인기_특허실용신안.xlsx"",""source_page"":"""",""as_of_date"":""2026 수집본"",""caveat"":""원본 검색식·국가 범위 미기재. 특허 건수는 방산 매출·채용을 의미하지 않음""}"
35c27158d93052534dda2628,EVD0037,CMP0166,드론·무인기 특허 출원인 순위,기술활동 보조근거,N,원본 검색식·국가 범위 미기재. 특허 건수는 방산 매출·채용을 의미하지 않음,company_defense_evidence,38,"{""evidence_id"":""EVD0037"",""company_id"":""CMP0166"",""company_name_normalized"":""에스케이온"",""evidence_domain"":""드론기술"",""evidence_type"":""드론·무인기 특허 출원인 순위"",""evidence_strength"":""기술활동 보조근거"",""evidence_detail"":""출원인 순위 18위, 8건"",""official_source"":""N"",""source_file"":""드론 무인기_특허실용신안.xlsx"",""source_page"":"""",""as_of_date"":""2026 수집본"",""caveat"":""원본 검색식·국가 범위 미기재. 특허 건수는 방산 매출·채용을 의미하지 않음""}"
bca692f5d39c47b278f081d2,EVD0038,CMP0273,드론·무인기 특허 출원인 순위,기술활동 보조근거,N,원본 검색식·국가 범위 미기재. 특허 건수는 방산 매출·채용을 의미하지 않음,company_defense_evidence,39,"{""evidence_id"":""EVD0038"",""company_id"":""CMP0273"",""company_name_normalized"":""한국철도기술연구원"",""evidence_domain"":""드론기술"",""evidence_type"":""드론·무인기 특허 출원인 순위"",""evidence_strength"":""기술활동 보조근거"",""evidence_detail"":""출원인 순위 19위, 8건"",""official_source"":""N"",""source_file"":""드론 무인기_특허실용신안.xlsx"",""source_page"":"""",""as_of_date"":""2026 수집본"",""caveat"":""원본 검색식·국가 범위 미기재. 특허 건수는 방산 매출·채용을 의미하지 않음""}"
80d640b216820a0e32eb4613,EVD0039,CMP0021,드론·무인기 특허 출원인 순위,기술활동 보조근거,N,원본 검색식·국가 범위 미기재. 특허 건수는 방산 매출·채용을 의미하지 않음,company_defense_evidence,40,"{""evidence_id"":""EVD0039"",""company_id"":""CMP0021"",""company_name_normalized"":""기아"",""evidence_domain"":""드론기술"",""evidence_type"":""드론·무인기 특허 출원인 순위"",""evidence_strength"":""기술활동 보조근거"",""evidence_detail"":""출원인 순위 20위, 7건"",""official_source"":""N"",""source_file"":""드론 무인기_특허실용신안.xlsx"",""source_page"":"""",""as_of_date"":""2026 수집본"",""caveat"":""원본 검색식·국가 범위 미기재. 특허 건수는 방산 매출·채용을 의미하지 않음""}"
a132365f538f2167968848e1,EVD0040,CMP0292,드론·무인기 특허 출원인 순위,기술활동 보조근거,N,원본 검색식·국가 범위 미기재. 특허 건수는 방산 매출·채용을 의미하지 않음,company_defense_evidence,41,"{""evidence_id"":""EVD0040"",""company_id"":""CMP0292"",""company_name_normalized"":""현대자동차"",""evidence_domain"":""드론기술"",""evidence_type"":""드론·무인기 특허 출원인 순위"",""evidence_strength"":""기술활동 보조근거"",""evidence_detail"":""출원인 순위 21위, 7건"",""official_source"":""N"",""source_file"":""드론 무인기_특허실용신안.xlsx"",""source_page"":"""",""as_of_date"":""2026 수집본"",""caveat"":""원본 검색식·국가 범위 미기재. 특허 건수는 방산 매출·채용을 의미하지 않음""}"
c1f06dc6979ef199a40c0f86,EVD0041,CMP0083,드론·무인기 특허 출원인 순위,기술활동 보조근거,N,원본 검색식·국가 범위 미기재. 특허 건수는 방산 매출·채용을 의미하지 않음,company_defense_evidence,42,"{""evidence_id"":""EVD0041"",""company_id"":""CMP0083"",""company_name_normalized"":""디지털커브"",""evidence_domain"":""드론기술"",""evidence_type"":""드론·무인기 특허 출원인 순위"",""evidence_strength"":""기술활동 보조근거"",""evidence_detail"":""출원인 순위 22위, 7건"",""official_source"":""N"",""source_file"":""드론 무인기_특허실용신안.xlsx"",""source_page"":"""",""as_of_date"":""2026 수집본"",""caveat"":""원본 검색식·국가 범위 미기재. 특허 건수는 방산 매출·채용을 의미하지 않음""}"
5e9c88322bcf51509f699fef,EVD0042,CMP0117,드론·무인기 특허 출원인 순위,기술활동 보조근거,N,원본 검색식·국가 범위 미기재. 특허 건수는 방산 매출·채용을 의미하지 않음,company_defense_evidence,43,"{""evidence_id"":""EVD0042"",""company_id"":""CMP0117"",""company_name_normalized"":""삼정솔루션"",""evidence_domain"":""드론기술"",""evidence_type"":""드론·무인기 특허 출원인 순위"",""evidence_strength"":""기술활동 보조근거"",""evidence_detail"":""출원인 순위 23위, 7건"",""official_source"":""N"",""source_file"":""드론 무인기_특허실용신안.xlsx"",""source_page"":"""",""as_of_date"":""2026 수집본"",""caveat"":""원본 검색식·국가 범위 미기재. 특허 건수는 방산 매출·채용을 의미하지 않음""}"
0df7107544a2553bc804f5d2,EVD0043,CMP0176,드론·무인기 특허 출원인 순위,기술활동 보조근거,N,원본 검색식·국가 범위 미기재. 특허 건수는 방산 매출·채용을 의미하지 않음,company_defense_evidence,44,"{""evidence_id"":""EVD0043"",""company_id"":""CMP0176"",""company_name_normalized"":""에이엔에이치스트럭쳐"",""evidence_domain"":""드론기술"",""evidence_type"":""드론·무인기 특허 출원인 순위"",""evidence_strength"":""기술활동 보조근거"",""evidence_detail"":""출원인 순위 24위, 7건"",""official_source"":""N"",""source_file"":""드론 무인기_특허실용신안.xlsx"",""source_page"":"""",""as_of_date"":""2026 수집본"",""caveat"":""원본 검색식·국가 범위 미기재. 특허 건수는 방산 매출·채용을 의미하지 않음""}"
82cee941de4d3f006670ddbe,EVD0044,CMP0260,드론·무인기 특허 출원인 순위,기술활동 보조근거,N,원본 검색식·국가 범위 미기재. 특허 건수는 방산 매출·채용을 의미하지 않음,company_defense_evidence,45,"{""evidence_id"":""EVD0044"",""company_id"":""CMP0260"",""company_name_normalized"":""하늘숲엔지니어링"",""evidence_domain"":""드론기술"",""evidence_type"":""드론·무인기 특허 출원인 순위"",""evidence_strength"":""기술활동 보조근거"",""evidence_detail"":""출원인 순위 25위, 7건"",""official_source"":""N"",""source_file"":""드론 무인기_특허실용신안.xlsx"",""source_page"":"""",""as_of_date"":""2026 수집본"",""caveat"":""원본 검색식·국가 범위 미기재. 특허 건수는 방산 매출·채용을 의미하지 않음""}"
f791a293e37e4464febbac66,EVD0045,CMP0238,드론·무인기 특허 출원인 순위,기술활동 보조근거,N,원본 검색식·국가 범위 미기재. 특허 건수는 방산 매출·채용을 의미하지 않음,company_defense_evidence,46,"{""evidence_id"":""EVD0045"",""company_id"":""CMP0238"",""company_name_normalized"":""탑스커뮤니케이션"",""evidence_domain"":""드론기술"",""evidence_type"":""드론·무인기 특허 출원인 순위"",""evidence_strength"":""기술활동 보조근거"",""evidence_detail"":""출원인 순위 26위, 7건"",""official_source"":""N"",""source_file"":""드론 무인기_특허실용신안.xlsx"",""source_page"":"""",""as_of_date"":""2026 수집본"",""caveat"":""원본 검색식·국가 범위 미기재. 특허 건수는 방산 매출·채용을 의미하지 않음""}"
14b2b35ff8857bf3c4793031,EVD0046,CMP0008,드론·무인기 특허 출원인 순위,기술활동 보조근거,N,원본 검색식·국가 범위 미기재. 특허 건수는 방산 매출·채용을 의미하지 않음,company_defense_evidence,47,"{""evidence_id"":""EVD0046"",""company_id"":""CMP0008"",""company_name_normalized"":""건국대학교 산학협력단"",""evidence_domain"":""드론기술"",""evidence_type"":""드론·무인기 특허 출원인 순위"",""evidence_strength"":""기술활동 보조근거"",""evidence_detail"":""출원인 순위 27위, 7건"",""official_source"":""N"",""source_file"":""드론 무인기_특허실용신안.xlsx"",""source_page"":"""",""as_of_date"":""2026 수집본"",""caveat"":""원본 검색식·국가 범위 미기재. 특허 건수는 방산 매출·채용을 의미하지 않음""}"
6ab09d3f3b485205b5e40d66,EVD0047,CMP0211,드론·무인기 특허 출원인 순위,기술활동 보조근거,N,원본 검색식·국가 범위 미기재. 특허 건수는 방산 매출·채용을 의미하지 않음,company_defense_evidence,48,"{""evidence_id"":""EVD0047"",""company_id"":""CMP0211"",""company_name_normalized"":""이정용"",""evidence_domain"":""드론기술"",""evidence_type"":""드론·무인기 특허 출원인 순위"",""evidence_strength"":""기술활동 보조근거"",""evidence_detail"":""출원인 순위 28위, 7건"",""official_source"":""N"",""source_file"":""드론 무인기_특허실용신안.xlsx"",""source_page"":"""",""as_of_date"":""2026 수집본"",""caveat"":""원본 검색식·국가 범위 미기재. 특허 건수는 방산 매출·채용을 의미하지 않음""}"
e43d084773b973d5c8b086ac,EVD0048,CMP0048,드론·무인기 특허 출원인 순위,기술활동 보조근거,N,원본 검색식·국가 범위 미기재. 특허 건수는 방산 매출·채용을 의미하지 않음,company_defense_evidence,49,"{""evidence_id"":""EVD0048"",""company_id"":""CMP0048"",""company_name_normalized"":""대한민국(행정안전부 국립재난안전연구원장)"",""evidence_domain"":""드론기술"",""evidence_type"":""드론·무인기 특허 출원인 순위"",""evidence_strength"":""기술활동 보조근거"",""evidence_detail"":""출원인 순위 29위, 6건"",""official_source"":""N"",""source_file"":""드론 무인기_특허실용신안.xlsx"",""source_page"":"""",""as_of_date"":""2026 수집본"",""caveat"":""원본 검색식·국가 범위 미기재. 특허 건수는 방산 매출·채용을 의미하지 않음""}"
4476adc33f496b36f7957a74,EVD0049,CMP0251,드론·무인기 특허 출원인 순위,기술활동 보조근거,N,원본 검색식·국가 범위 미기재. 특허 건수는 방산 매출·채용을 의미하지 않음,company_defense_evidence,50,"{""evidence_id"":""EVD0049"",""company_id"":""CMP0251"",""company_name_normalized"":""포항공과대학교 산학협력단"",""evidence_domain"":""드론기술"",""evidence_type"":""드론·무인기 특허 출원인 순위"",""evidence_strength"":""기술활동 보조근거"",""evidence_detail"":""출원인 순위 30위, 6건"",""official_source"":""N"",""source_file"":""드론 무인기_특허실용신안.xlsx"",""source_page"":"""",""as_of_date"":""2026 수집본"",""caveat"":""원본 검색식·국가 범위 미기재. 특허 건수는 방산 매출·채용을 의미하지 않음""}"
ba250e127b4daa2d32a83b10,EVD0050,CMP0129,드론·무인기 특허 출원인 순위,기술활동 보조근거,N,원본 검색식·국가 범위 미기재. 특허 건수는 방산 매출·채용을 의미하지 않음,company_defense_evidence,51,"{""evidence_id"":""EVD0050"",""company_id"":""CMP0129"",""company_name_normalized"":""세종대학교산학협력단"",""evidence_domain"":""드론기술"",""evidence_type"":""드론·무인기 특허 출원인 순위"",""evidence_strength"":""기술활동 보조근거"",""evidence_detail"":""출원인 순위 31위, 6건"",""official_source"":""N"",""source_file"":""드론 무인기_특허실용신안.xlsx"",""source_page"":"""",""as_of_date"":""2026 수집본"",""caveat"":""원본 검색식·국가 범위 미기재. 특허 건수는 방산 매출·채용을 의미하지 않음""}"
649656dfdfe59fde48df5d85,EVD0051,CMP0043,드론·무인기 특허 출원인 순위,기술활동 보조근거,N,원본 검색식·국가 범위 미기재. 특허 건수는 방산 매출·채용을 의미하지 않음,company_defense_evidence,52,"{""evidence_id"":""EVD0051"",""company_id"":""CMP0043"",""company_name_normalized"":""대구경북과학기술원"",""evidence_domain"":""드론기술"",""evidence_type"":""드론·무인기 특허 출원인 순위"",""evidence_strength"":""기술활동 보조근거"",""evidence_detail"":""출원인 순위 32위, 6건"",""official_source"":""N"",""source_file"":""드론 무인기_특허실용신안.xlsx"",""source_page"":"""",""as_of_date"":""2026 수집본"",""caveat"":""원본 검색식·국가 범위 미기재. 특허 건수는 방산 매출·채용을 의미하지 않음""}"
199eefe452ee71853322b947,EVD0052,CMP0047,드론·무인기 특허 출원인 순위,기술활동 보조근거,N,원본 검색식·국가 범위 미기재. 특허 건수는 방산 매출·채용을 의미하지 않음,company_defense_evidence,53,"{""evidence_id"":""EVD0052"",""company_id"":""CMP0047"",""company_name_normalized"":""대한민국(방위사업청장)"",""evidence_domain"":""드론기술"",""evidence_type"":""드론·무인기 특허 출원인 순위"",""evidence_strength"":""기술활동 보조근거"",""evidence_detail"":""출원인 순위 33위, 6건"",""official_source"":""N"",""source_file"":""드론 무인기_특허실용신안.xlsx"",""source_page"":"""",""as_of_date"":""2026 수집본"",""caveat"":""원본 검색식·국가 범위 미기재. 특허 건수는 방산 매출·채용을 의미하지 않음""}"
6114924988881f585630dfa8,EVD0053,CMP0022,드론·무인기 특허 출원인 순위,기술활동 보조근거,N,원본 검색식·국가 범위 미기재. 특허 건수는 방산 매출·채용을 의미하지 않음,company_defense_evidence,54,"{""evidence_id"":""EVD0053"",""company_id"":""CMP0022"",""company_name_normalized"":""김명준"",""evidence_domain"":""드론기술"",""evidence_type"":""드론·무인기 특허 출원인 순위"",""evidence_strength"":""기술활동 보조근거"",""evidence_detail"":""출원인 순위 34위, 6건"",""official_source"":""N"",""source_file"":""드론 무인기_특허실용신안.xlsx"",""source_page"":"""",""as_of_date"":""2026 수집본"",""caveat"":""원본 검색식·국가 범위 미기재. 특허 건수는 방산 매출·채용을 의미하지 않음""}"
499db0a77ea3a493de13cc76,EVD0054,CMP0054,드론·무인기 특허 출원인 순위,기술활동 보조근거,N,원본 검색식·국가 범위 미기재. 특허 건수는 방산 매출·채용을 의미하지 않음,company_defense_evidence,55,"{""evidence_id"":""EVD0054"",""company_id"":""CMP0054"",""company_name_normalized"":""도레이첨단소재"",""evidence_domain"":""드론기술"",""evidence_type"":""드론·무인기 특허 출원인 순위"",""evidence_strength"":""기술활동 보조근거"",""evidence_detail"":""출원인 순위 35위, 5건"",""official_source"":""N"",""source_file"":""드론 무인기_특허실용신안.xlsx"",""source_page"":"""",""as_of_date"":""2026 수집본"",""caveat"":""원본 검색식·국가 범위 미기재. 특허 건수는 방산 매출·채용을 의미하지 않음""}"
c9fc10b9ebce7d063578452b,EVD0055,CMP0122,드론·무인기 특허 출원인 순위,기술활동 보조근거,N,원본 검색식·국가 범위 미기재. 특허 건수는 방산 매출·채용을 의미하지 않음,company_defense_evidence,56,"{""evidence_id"":""EVD0055"",""company_id"":""CMP0122"",""company_name_normalized"":""서울대학교산학협력단"",""evidence_domain"":""드론기술"",""evidence_type"":""드론·무인기 특허 출원인 순위"",""evidence_strength"":""기술활동 보조근거"",""evidence_detail"":""출원인 순위 36위, 5건"",""official_source"":""N"",""source_file"":""드론 무인기_특허실용신안.xlsx"",""source_page"":"""",""as_of_date"":""2026 수집본"",""caveat"":""원본 검색식·국가 범위 미기재. 특허 건수는 방산 매출·채용을 의미하지 않음""}"
59b4b96dd4d471a8f2432566,EVD0056,CMP0249,드론·무인기 특허 출원인 순위,기술활동 보조근거,N,원본 검색식·국가 범위 미기재. 특허 건수는 방산 매출·채용을 의미하지 않음,company_defense_evidence,57,"{""evidence_id"":""EVD0056"",""company_id"":""CMP0249"",""company_name_normalized"":""포앤텍"",""evidence_domain"":""드론기술"",""evidence_type"":""드론·무인기 특허 출원인 순위"",""evidence_strength"":""기술활동 보조근거"",""evidence_detail"":""출원인 순위 37위, 5건"",""official_source"":""N"",""source_file"":""드론 무인기_특허실용신안.xlsx"",""source_page"":"""",""as_of_date"":""2026 수집본"",""caveat"":""원본 검색식·국가 범위 미기재. 특허 건수는 방산 매출·채용을 의미하지 않음""}"
a94f7da5e7ea8e200ba216ae,EVD0057,CMP0148,드론·무인기 특허 출원인 순위,기술활동 보조근거,N,원본 검색식·국가 범위 미기재. 특허 건수는 방산 매출·채용을 의미하지 않음,company_defense_evidence,58,"{""evidence_id"":""EVD0057"",""company_id"":""CMP0148"",""company_name_normalized"":""아르고스다인"",""evidence_domain"":""드론기술"",""evidence_type"":""드론·무인기 특허 출원인 순위"",""evidence_strength"":""기술활동 보조근거"",""evidence_detail"":""출원인 순위 38위, 5건"",""official_source"":""N"",""source_file"":""드론 무인기_특허실용신안.xlsx"",""source_page"":"""",""as_of_date"":""2026 수집본"",""caveat"":""원본 검색식·국가 범위 미기재. 특허 건수는 방산 매출·채용을 의미하지 않음""}"
53f3ed67f86b8cb5d68d6698,EVD0058,CMP0113,드론·무인기 특허 출원인 순위,기술활동 보조근거,N,원본 검색식·국가 범위 미기재. 특허 건수는 방산 매출·채용을 의미하지 않음,company_defense_evidence,59,"{""evidence_id"":""EVD0058"",""company_id"":""CMP0113"",""company_name_normalized"":""뷰런테크놀로지"",""evidence_domain"":""드론기술"",""evidence_type"":""드론·무인기 특허 출원인 순위"",""evidence_strength"":""기술활동 보조근거"",""evidence_detail"":""출원인 순위 39위, 5건"",""official_source"":""N"",""source_file"":""드론 무인기_특허실용신안.xlsx"",""source_page"":"""",""as_of_date"":""2026 수집본"",""caveat"":""원본 검색식·국가 범위 미기재. 특허 건수는 방산 매출·채용을 의미하지 않음""}"
b3c19cdee3cb15cf00114bfb,EVD0059,CMP0163,드론·무인기 특허 출원인 순위,기술활동 보조근거,N,원본 검색식·국가 범위 미기재. 특허 건수는 방산 매출·채용을 의미하지 않음,company_defense_evidence,60,"{""evidence_id"":""EVD0059"",""company_id"":""CMP0163"",""company_name_normalized"":""에브리심"",""evidence_domain"":""드론기술"",""evidence_type"":""드론·무인기 특허 출원인 순위"",""evidence_strength"":""기술활동 보조근거"",""evidence_detail"":""출원인 순위 40위, 5건"",""official_source"":""N"",""source_file"":""드론 무인기_특허실용신안.xlsx"",""source_page"":"""",""as_of_date"":""2026 수집본"",""caveat"":""원본 검색식·국가 범위 미기재. 특허 건수는 방산 매출·채용을 의미하지 않음""}"
69b0f9d76427831105e758e1,EVD0060,CMP0011,드론·무인기 특허 출원인 순위,기술활동 보조근거,N,원본 검색식·국가 범위 미기재. 특허 건수는 방산 매출·채용을 의미하지 않음,company_defense_evidence,61,"{""evidence_id"":""EVD0060"",""company_id"":""CMP0011"",""company_name_normalized"":""경북대학교 산학협력단"",""evidence_domain"":""드론기술"",""evidence_type"":""드론·무인기 특허 출원인 순위"",""evidence_strength"":""기술활동 보조근거"",""evidence_detail"":""출원인 순위 41위, 5건"",""official_source"":""N"",""source_file"":""드론 무인기_특허실용신안.xlsx"",""source_page"":"""",""as_of_date"":""2026 수집본"",""caveat"":""원본 검색식·국가 범위 미기재. 특허 건수는 방산 매출·채용을 의미하지 않음""}"
2d19a2e3ef127ac9dedad945,EVD0061,CMP0012,드론·무인기 특허 출원인 순위,기술활동 보조근거,N,원본 검색식·국가 범위 미기재. 특허 건수는 방산 매출·채용을 의미하지 않음,company_defense_evidence,62,"{""evidence_id"":""EVD0061"",""company_id"":""CMP0012"",""company_name_normalized"":""경상국립대학교산학협력단"",""evidence_domain"":""드론기술"",""evidence_type"":""드론·무인기 특허 출원인 순위"",""evidence_strength"":""기술활동 보조근거"",""evidence_detail"":""출원인 순위 42위, 5건"",""official_source"":""N"",""source_file"":""드론 무인기_특허실용신안.xlsx"",""source_page"":"""",""as_of_date"":""2026 수집본"",""caveat"":""원본 검색식·국가 범위 미기재. 특허 건수는 방산 매출·채용을 의미하지 않음""}"
0bf09c31ba29741064118be5,EVD0062,CMP0156,드론·무인기 특허 출원인 순위,기술활동 보조근거,N,원본 검색식·국가 범위 미기재. 특허 건수는 방산 매출·채용을 의미하지 않음,company_defense_evidence,63,"{""evidence_id"":""EVD0062"",""company_id"":""CMP0156"",""company_name_normalized"":""아주대학교산학협력단"",""evidence_domain"":""드론기술"",""evidence_type"":""드론·무인기 특허 출원인 순위"",""evidence_strength"":""기술활동 보조근거"",""evidence_detail"":""출원인 순위 43위, 5건"",""official_source"":""N"",""source_file"":""드론 무인기_특허실용신안.xlsx"",""source_page"":"""",""as_of_date"":""2026 수집본"",""caveat"":""원본 검색식·국가 범위 미기재. 특허 건수는 방산 매출·채용을 의미하지 않음""}"
792192c87e434951b0f2fea9,EVD0063,CMP0158,드론·무인기 특허 출원인 순위,기술활동 보조근거,N,원본 검색식·국가 범위 미기재. 특허 건수는 방산 매출·채용을 의미하지 않음,company_defense_evidence,64,"{""evidence_id"":""EVD0063"",""company_id"":""CMP0158"",""company_name_normalized"":""안범주"",""evidence_domain"":""드론기술"",""evidence_type"":""드론·무인기 특허 출원인 순위"",""evidence_strength"":""기술활동 보조근거"",""evidence_detail"":""출원인 순위 44위, 5건"",""official_source"":""N"",""source_file"":""드론 무인기_특허실용신안.xlsx"",""source_page"":"""",""as_of_date"":""2026 수집본"",""caveat"":""원본 검색식·국가 범위 미기재. 특허 건수는 방산 매출·채용을 의미하지 않음""}"
06efc4b26bde0e1eed4b8e78,EVD0064,CMP0023,드론·무인기 특허 출원인 순위,기술활동 보조근거,N,원본 검색식·국가 범위 미기재. 특허 건수는 방산 매출·채용을 의미하지 않음,company_defense_evidence,65,"{""evidence_id"":""EVD0064"",""company_id"":""CMP0023"",""company_name_normalized"":""김태산"",""evidence_domain"":""드론기술"",""evidence_type"":""드론·무인기 특허 출원인 순위"",""evidence_strength"":""기술활동 보조근거"",""evidence_detail"":""출원인 순위 45위, 5건"",""official_source"":""N"",""source_file"":""드론 무인기_특허실용신안.xlsx"",""source_page"":"""",""as_of_date"":""2026 수집본"",""caveat"":""원본 검색식·국가 범위 미기재. 특허 건수는 방산 매출·채용을 의미하지 않음""}"
51d7f53dddc5654c66425286,EVD0065,CMP0189,드론·무인기 특허 출원인 순위,기술활동 보조근거,N,원본 검색식·국가 범위 미기재. 특허 건수는 방산 매출·채용을 의미하지 않음,company_defense_evidence,66,"{""evidence_id"":""EVD0065"",""company_id"":""CMP0189"",""company_name_normalized"":""엘지유플러스"",""evidence_domain"":""드론기술"",""evidence_type"":""드론·무인기 특허 출원인 순위"",""evidence_strength"":""기술활동 보조근거"",""evidence_detail"":""출원인 순위 46위, 4건"",""official_source"":""N"",""source_file"":""드론 무인기_특허실용신안.xlsx"",""source_page"":"""",""as_of_date"":""2026 수집본"",""caveat"":""원본 검색식·국가 범위 미기재. 특허 건수는 방산 매출·채용을 의미하지 않음""}"
521792ba69f4778aa18fa610,EVD0066,CMP0045,드론·무인기 특허 출원인 순위,기술활동 보조근거,N,원본 검색식·국가 범위 미기재. 특허 건수는 방산 매출·채용을 의미하지 않음,company_defense_evidence,67,"{""evidence_id"":""EVD0066"",""company_id"":""CMP0045"",""company_name_normalized"":""대우건설"",""evidence_domain"":""드론기술"",""evidence_type"":""드론·무인기 특허 출원인 순위"",""evidence_strength"":""기술활동 보조근거"",""evidence_detail"":""출원인 순위 47위, 4건"",""official_source"":""N"",""source_file"":""드론 무인기_특허실용신안.xlsx"",""source_page"":"""",""as_of_date"":""2026 수집본"",""caveat"":""원본 검색식·국가 범위 미기재. 특허 건수는 방산 매출·채용을 의미하지 않음""}"
fc0849301f0e128dacd30e3b,EVD0067,CMP0214,드론·무인기 특허 출원인 순위,기술활동 보조근거,N,원본 검색식·국가 범위 미기재. 특허 건수는 방산 매출·채용을 의미하지 않음,company_defense_evidence,68,"{""evidence_id"":""EVD0067"",""company_id"":""CMP0214"",""company_name_normalized"":""이투온"",""evidence_domain"":""드론기술"",""evidence_type"":""드론·무인기 특허 출원인 순위"",""evidence_strength"":""기술활동 보조근거"",""evidence_detail"":""출원인 순위 48위, 4건"",""official_source"":""N"",""source_file"":""드론 무인기_특허실용신안.xlsx"",""source_page"":"""",""as_of_date"":""2026 수집본"",""caveat"":""원본 검색식·국가 범위 미기재. 특허 건수는 방산 매출·채용을 의미하지 않음""}"
afb4a020b89d25d9788aa0b8,EVD0068,CMP0190,드론·무인기 특허 출원인 순위,기술활동 보조근거,N,원본 검색식·국가 범위 미기재. 특허 건수는 방산 매출·채용을 의미하지 않음,company_defense_evidence,69,"{""evidence_id"":""EVD0068"",""company_id"":""CMP0190"",""company_name_normalized"":""엘지전자"",""evidence_domain"":""드론기술"",""evidence_type"":""드론·무인기 특허 출원인 순위"",""evidence_strength"":""기술활동 보조근거"",""evidence_detail"":""출원인 순위 49위, 4건"",""official_source"":""N"",""source_file"":""드론 무인기_특허실용신안.xlsx"",""source_page"":"""",""as_of_date"":""2026 수집본"",""caveat"":""원본 검색식·국가 범위 미기재. 특허 건수는 방산 매출·채용을 의미하지 않음""}"
b8ae3c9c721d6aa33fa9a090,EVD0069,CMP0227,드론·무인기 특허 출원인 순위,기술활동 보조근거,N,원본 검색식·국가 범위 미기재. 특허 건수는 방산 매출·채용을 의미하지 않음,company_defense_evidence,70,"{""evidence_id"":""EVD0069"",""company_id"":""CMP0227"",""company_name_normalized"":""캠틱종합기술원"",""evidence_domain"":""드론기술"",""evidence_type"":""드론·무인기 특허 출원인 순위"",""evidence_strength"":""기술활동 보조근거"",""evidence_detail"":""출원인 순위 50위, 4건"",""official_source"":""N"",""source_file"":""드론 무인기_특허실용신안.xlsx"",""source_page"":"""",""as_of_date"":""2026 수집본"",""caveat"":""원본 검색식·국가 범위 미기재. 특허 건수는 방산 매출·채용을 의미하지 않음""}"
5f429fb39777f481bebea317,EVD0070,CMP0139,군집드론 사용사업체 등록,공식 드론운용 근거,Y,군집드론 등록은 방산기업·군 납품 근거가 아님,company_defense_evidence,71,"{""evidence_id"":""EVD0070"",""company_id"":""CMP0139"",""company_name_normalized"":""스카이엔터프라이즈"",""evidence_domain"":""드론운용"",""evidence_type"":""군집드론 사용사업체 등록"",""evidence_strength"":""공식 드론운용 근거"",""evidence_detail"":""기타(드론공연, 군집비행, 드론배송)"",""official_source"":""Y"",""source_file"":""한국교통안전공단_초경량비행장치사용사업체(군집드론) 등록 현황_20240823.csv"",""source_page"":"""",""as_of_date"":""2024-08-23"",""caveat"":""군집드론 등록은 방산기업·군 납품 근거가 아님""}"
6aa636ef8f85fc2cf67276bd,EVD0071,CMP0202,군집드론 사용사업체 등록,공식 드론운용 근거,Y,군집드론 등록은 방산기업·군 납품 근거가 아님,company_defense_evidence,72,"{""evidence_id"":""EVD0071"",""company_id"":""CMP0202"",""company_name_normalized"":""유비파이"",""evidence_domain"":""드론운용"",""evidence_type"":""군집드론 사용사업체 등록"",""evidence_strength"":""공식 드론운용 근거"",""evidence_detail"":""기타(군집비행, 드론공연)"",""official_source"":""Y"",""source_file"":""한국교통안전공단_초경량비행장치사용사업체(군집드론) 등록 현황_20240823.csv"",""source_page"":"""",""as_of_date"":""2024-08-23"",""caveat"":""군집드론 등록은 방산기업·군 납품 근거가 아님""}"
161fa69cedeaf2a73dd64b75,EVD0072,CMP0010,군집드론 사용사업체 등록,공식 드론운용 근거,Y,군집드론 등록은 방산기업·군 납품 근거가 아님,company_defense_evidence,73,"{""evidence_id"":""EVD0072"",""company_id"":""CMP0010"",""company_name_normalized"":""경북과학대 산학협력단"",""evidence_domain"":""드론운용"",""evidence_type"":""군집드론 사용사업체 등록"",""evidence_strength"":""공식 드론운용 근거"",""evidence_detail"":""조종교육, 교관양성, 항공촬영, 농업 방제 및 방역, 드론군집 및 공연"",""official_source"":""Y"",""source_file"":""한국교통안전공단_초경량비행장치사용사업체(군집드론) 등록 현황_20240823.csv"",""source_page"":"""",""as_of_date"":""2024-08-23"",""caveat"":""군집드론 등록은 방산기업·군 납품 근거가 아님""}"
1952267474733d98cd967c73,EVD0073,CMP0027,군집드론 사용사업체 등록,공식 드론운용 근거,Y,군집드론 등록은 방산기업·군 납품 근거가 아님,company_defense_evidence,74,"{""evidence_id"":""EVD0073"",""company_id"":""CMP0027"",""company_name_normalized"":""날다"",""evidence_domain"":""드론운용"",""evidence_type"":""군집드론 사용사업체 등록"",""evidence_strength"":""공식 드론운용 근거"",""evidence_detail"":""항공방제, 사진촬영, 측량 또는 탐사, 관측 또는 탐사, 조종교육, 드론배송, 기타(드론공연 )"",""official_source"":""Y"",""source_file"":""한국교통안전공단_초경량비행장치사용사업체(군집드론) 등록 현황_20240823.csv"",""source_page"":"""",""as_of_date"":""2024-08-23"",""caveat"":""군집드론 등록은 방산기업·군 납품 근거가 아님""}"
3de639e86754ee1026c73709,EVD0074,CMP0087,군집드론 사용사업체 등록,공식 드론운용 근거,Y,군집드론 등록은 방산기업·군 납품 근거가 아님,company_defense_evidence,75,"{""evidence_id"":""EVD0074"",""company_id"":""CMP0087"",""company_name_normalized"":""라온스랩"",""evidence_domain"":""드론운용"",""evidence_type"":""군집드론 사용사업체 등록"",""evidence_strength"":""공식 드론운용 근거"",""evidence_detail"":""드론 군집공연, 항공촬영, 관측, 탐사, 농업지원, 드론 도소매업"",""official_source"":""Y"",""source_file"":""한국교통안전공단_초경량비행장치사용사업체(군집드론) 등록 현황_20240823.csv"",""source_page"":"""",""as_of_date"":""2024-08-23"",""caveat"":""군집드론 등록은 방산기업·군 납품 근거가 아님""}"
29a00f1058c03c982ef59e49,EVD0075,CMP0138,군집드론 사용사업체 등록,공식 드론운용 근거,Y,군집드론 등록은 방산기업·군 납품 근거가 아님,company_defense_evidence,76,"{""evidence_id"":""EVD0075"",""company_id"":""CMP0138"",""company_name_normalized"":""스카이아트"",""evidence_domain"":""드론운용"",""evidence_type"":""군집드론 사용사업체 등록"",""evidence_strength"":""공식 드론운용 근거"",""evidence_detail"":""드론을 이용한 촬영과 다양한 퍼포먼스를 위한 군집 드론 쇼"",""official_source"":""Y"",""source_file"":""한국교통안전공단_초경량비행장치사용사업체(군집드론) 등록 현황_20240823.csv"",""source_page"":"""",""as_of_date"":""2024-08-23"",""caveat"":""군집드론 등록은 방산기업·군 납품 근거가 아님""}"
dfa13dfc2046b9ec26f531e5,EVD0076,CMP0157,군집드론 사용사업체 등록,공식 드론운용 근거,Y,군집드론 등록은 방산기업·군 납품 근거가 아님,company_defense_evidence,77,"{""evidence_id"":""EVD0076"",""company_id"":""CMP0157"",""company_name_normalized"":""안동드론클럽"",""evidence_domain"":""드론운용"",""evidence_type"":""군집드론 사용사업체 등록"",""evidence_strength"":""공식 드론운용 근거"",""evidence_detail"":""자격교육, 농업지원, 항공방제, 항공방역, 항공촬영, 항공측량, 항공관측, 항공광고, 드론쇼, 배송"",""official_source"":""Y"",""source_file"":""한국교통안전공단_초경량비행장치사용사업체(군집드론) 등록 현황_20240823.csv"",""source_page"":"""",""as_of_date"":""2024-08-23"",""caveat"":""군집드론 등록은 방산기업·군 납품 근거가 아님""}"
e8f0369d3907e8ee10dcc8ab,EVD0077,CMP0242,군집드론 사용사업체 등록,공식 드론운용 근거,Y,군집드론 등록은 방산기업·군 납품 근거가 아님,company_defense_evidence,78,"{""evidence_id"":""EVD0077"",""company_id"":""CMP0242"",""company_name_normalized"":""파블로항공"",""evidence_domain"":""드론운용"",""evidence_type"":""군집드론 사용사업체 등록"",""evidence_strength"":""공식 드론운용 근거"",""evidence_detail"":""물품배송, 공연, 조종교육, 비행시험"",""official_source"":""Y"",""source_file"":""한국교통안전공단_초경량비행장치사용사업체(군집드론) 등록 현황_20240823.csv"",""source_page"":"""",""as_of_date"":""2024-08-23"",""caveat"":""군집드론 등록은 방산기업·군 납품 근거가 아님""}"
24ef904334cb9a1a5a909862,EVD0078,CMP0035,군집드론 사용사업체 등록,공식 드론운용 근거,Y,군집드론 등록은 방산기업·군 납품 근거가 아님,company_defense_evidence,79,"{""evidence_id"":""EVD0078"",""company_id"":""CMP0035"",""company_name_normalized"":""농업회사법인 주식회사 케이제이"",""evidence_domain"":""드론운용"",""evidence_type"":""군집드론 사용사업체 등록"",""evidence_strength"":""공식 드론운용 근거"",""evidence_detail"":""조종교육, 교관양성, 항공촬영, 농업 방제 및 방역, 드론군집 및 공연"",""official_source"":""Y"",""source_file"":""한국교통안전공단_초경량비행장치사용사업체(군집드론) 등록 현황_20240823.csv"",""source_page"":"""",""as_of_date"":""2024-08-23"",""caveat"":""군집드론 등록은 방산기업·군 납품 근거가 아님""}"
9c52876ca8a0115fa39679e8,EVD0079,CMP0192,군집드론 사용사업체 등록,공식 드론운용 근거,Y,군집드론 등록은 방산기업·군 납품 근거가 아님,company_defense_evidence,80,"{""evidence_id"":""EVD0079"",""company_id"":""CMP0192"",""company_name_normalized"":""영월드론비행교육원"",""evidence_domain"":""드론운용"",""evidence_type"":""군집드론 사용사업체 등록"",""evidence_strength"":""공식 드론운용 근거"",""evidence_detail"":""드론아트쇼"",""official_source"":""Y"",""source_file"":""한국교통안전공단_초경량비행장치사용사업체(군집드론) 등록 현황_20240823.csv"",""source_page"":"""",""as_of_date"":""2024-08-23"",""caveat"":""군집드론 등록은 방산기업·군 납품 근거가 아님""}"
54287f6787ad311b58a207d0,EVD0080,CMP0072,군집드론 사용사업체 등록,공식 드론운용 근거,Y,군집드론 등록은 방산기업·군 납품 근거가 아님,company_defense_evidence,81,"{""evidence_id"":""EVD0080"",""company_id"":""CMP0072"",""company_name_normalized"":""드론코리아 아카데미"",""evidence_domain"":""드론운용"",""evidence_type"":""군집드론 사용사업체 등록"",""evidence_strength"":""공식 드론운용 근거"",""evidence_detail"":""조종교육, 항공방제, 항공촬영, 측량 또는 탐사, 드론공연"",""official_source"":""Y"",""source_file"":""한국교통안전공단_초경량비행장치사용사업체(군집드론) 등록 현황_20240823.csv"",""source_page"":"""",""as_of_date"":""2024-08-23"",""caveat"":""군집드론 등록은 방산기업·군 납품 근거가 아님""}"
3f76ca08445d020f79a61828,EVD0081,CMP0039,군집드론 사용사업체 등록,공식 드론운용 근거,Y,군집드론 등록은 방산기업·군 납품 근거가 아님,company_defense_evidence,82,"{""evidence_id"":""EVD0081"",""company_id"":""CMP0039"",""company_name_normalized"":""다온아이앤씨"",""evidence_domain"":""드론운용"",""evidence_type"":""군집드론 사용사업체 등록"",""evidence_strength"":""공식 드론운용 근거"",""evidence_detail"":""공연, 촬영"",""official_source"":""Y"",""source_file"":""한국교통안전공단_초경량비행장치사용사업체(군집드론) 등록 현황_20240823.csv"",""source_page"":"""",""as_of_date"":""2024-08-23"",""caveat"":""군집드론 등록은 방산기업·군 납품 근거가 아님""}"
32ada1bce8405d525ce27f9a,EVD0082,CMP0042,드론정보포털 안티드론 사업분야,탐색후보,Y,사업분야 태그만으로 방산업체 지정·군 납품을 판단하지 않음,company_defense_evidence,83,"{""evidence_id"":""EVD0082"",""company_id"":""CMP0042"",""company_name_normalized"":""담스테크"",""evidence_domain"":""방산인접"",""evidence_type"":""드론정보포털 안티드론 사업분야"",""evidence_strength"":""탐색후보"",""evidence_detail"":""안티드론 사업분야에 수록"",""official_source"":""Y"",""source_file"":""항공안전기술원_드론정보포털_기업명_사업분야_20240424 (1).csv"",""source_page"":"""",""as_of_date"":""2024-04-24"",""caveat"":""사업분야 태그만으로 방산업체 지정·군 납품을 판단하지 않음""}"
061c289f39c7381799b90456,EVD0083,CMP0050,드론정보포털 안티드론 사업분야,탐색후보,Y,사업분야 태그만으로 방산업체 지정·군 납품을 판단하지 않음,company_defense_evidence,84,"{""evidence_id"":""EVD0083"",""company_id"":""CMP0050"",""company_name_normalized"":""더대시"",""evidence_domain"":""방산인접"",""evidence_type"":""드론정보포털 안티드론 사업분야"",""evidence_strength"":""탐색후보"",""evidence_detail"":""안티드론 사업분야에 수록"",""official_source"":""Y"",""source_file"":""항공안전기술원_드론정보포털_기업명_사업분야_20240424 (1).csv"",""source_page"":"""",""as_of_date"":""2024-04-24"",""caveat"":""사업분야 태그만으로 방산업체 지정·군 납품을 판단하지 않음""}"
5c484745327ed5fe6f8576a0,EVD0084,CMP0059,드론정보포털 안티드론 사업분야,탐색후보,Y,사업분야 태그만으로 방산업체 지정·군 납품을 판단하지 않음,company_defense_evidence,85,"{""evidence_id"":""EVD0084"",""company_id"":""CMP0059"",""company_name_normalized"":""두타기술"",""evidence_domain"":""방산인접"",""evidence_type"":""드론정보포털 안티드론 사업분야"",""evidence_strength"":""탐색후보"",""evidence_detail"":""안티드론 사업분야에 수록"",""official_source"":""Y"",""source_file"":""항공안전기술원_드론정보포털_기업명_사업분야_20240424 (1).csv"",""source_page"":"""",""as_of_date"":""2024-04-24"",""caveat"":""사업분야 태그만으로 방산업체 지정·군 납품을 판단하지 않음""}"
43bb6d818e3dfc456f87a354,EVD0085,CMP0089,드론정보포털 안티드론 사업분야,탐색후보,Y,사업분야 태그만으로 방산업체 지정·군 납품을 판단하지 않음,company_defense_evidence,86,"{""evidence_id"":""EVD0085"",""company_id"":""CMP0089"",""company_name_normalized"":""루프"",""evidence_domain"":""방산인접"",""evidence_type"":""드론정보포털 안티드론 사업분야"",""evidence_strength"":""탐색후보"",""evidence_detail"":""안티드론 사업분야에 수록"",""official_source"":""Y"",""source_file"":""항공안전기술원_드론정보포털_기업명_사업분야_20240424 (1).csv"",""source_page"":"""",""as_of_date"":""2024-04-24"",""caveat"":""사업분야 태그만으로 방산업체 지정·군 납품을 판단하지 않음""}"
55620fecda9bff5ccc542675,EVD0086,CMP0116,드론정보포털 안티드론 사업분야,탐색후보,Y,사업분야 태그만으로 방산업체 지정·군 납품을 판단하지 않음,company_defense_evidence,87,"{""evidence_id"":""EVD0086"",""company_id"":""CMP0116"",""company_name_normalized"":""비스타컴"",""evidence_domain"":""방산인접"",""evidence_type"":""드론정보포털 안티드론 사업분야"",""evidence_strength"":""탐색후보"",""evidence_detail"":""안티드론 사업분야에 수록"",""official_source"":""Y"",""source_file"":""항공안전기술원_드론정보포털_기업명_사업분야_20240424 (1).csv"",""source_page"":"""",""as_of_date"":""2024-04-24"",""caveat"":""사업분야 태그만으로 방산업체 지정·군 납품을 판단하지 않음""}"
83d0fd0e1e640c53b8fb3dd4,EVD0087,CMP0117,드론정보포털 안티드론 사업분야,탐색후보,Y,사업분야 태그만으로 방산업체 지정·군 납품을 판단하지 않음,company_defense_evidence,88,"{""evidence_id"":""EVD0087"",""company_id"":""CMP0117"",""company_name_normalized"":""삼정솔루션"",""evidence_domain"":""방산인접"",""evidence_type"":""드론정보포털 안티드론 사업분야"",""evidence_strength"":""탐색후보"",""evidence_detail"":""안티드론 사업분야에 수록"",""official_source"":""Y"",""source_file"":""항공안전기술원_드론정보포털_기업명_사업분야_20240424 (1).csv"",""source_page"":"""",""as_of_date"":""2024-04-24"",""caveat"":""사업분야 태그만으로 방산업체 지정·군 납품을 판단하지 않음""}"
550ac060dea0325fdfbe0ed1,EVD0088,CMP0134,드론정보포털 안티드론 사업분야,탐색후보,Y,사업분야 태그만으로 방산업체 지정·군 납품을 판단하지 않음,company_defense_evidence,89,"{""evidence_id"":""EVD0088"",""company_id"":""CMP0134"",""company_name_normalized"":""순돌이드론"",""evidence_domain"":""방산인접"",""evidence_type"":""드론정보포털 안티드론 사업분야"",""evidence_strength"":""탐색후보"",""evidence_detail"":""안티드론 사업분야에 수록"",""official_source"":""Y"",""source_file"":""항공안전기술원_드론정보포털_기업명_사업분야_20240424 (1).csv"",""source_page"":"""",""as_of_date"":""2024-04-24"",""caveat"":""사업분야 태그만으로 방산업체 지정·군 납품을 판단하지 않음""}"
875749ca93f02425d99a1830,EVD0089,CMP0135,드론정보포털 안티드론 사업분야,탐색후보,Y,사업분야 태그만으로 방산업체 지정·군 납품을 판단하지 않음,company_defense_evidence,90,"{""evidence_id"":""EVD0089"",""company_id"":""CMP0135"",""company_name_normalized"":""숨비"",""evidence_domain"":""방산인접"",""evidence_type"":""드론정보포털 안티드론 사업분야"",""evidence_strength"":""탐색후보"",""evidence_detail"":""안티드론 사업분야에 수록"",""official_source"":""Y"",""source_file"":""항공안전기술원_드론정보포털_기업명_사업분야_20240424 (1).csv"",""source_page"":"""",""as_of_date"":""2024-04-24"",""caveat"":""사업분야 태그만으로 방산업체 지정·군 납품을 판단하지 않음""}"
691d47703581c14db5ed0e7a,EVD0090,CMP0149,드론정보포털 안티드론 사업분야,탐색후보,Y,사업분야 태그만으로 방산업체 지정·군 납품을 판단하지 않음,company_defense_evidence,91,"{""evidence_id"":""EVD0090"",""company_id"":""CMP0149"",""company_name_normalized"":""아소아"",""evidence_domain"":""방산인접"",""evidence_type"":""드론정보포털 안티드론 사업분야"",""evidence_strength"":""탐색후보"",""evidence_detail"":""안티드론 사업분야에 수록"",""official_source"":""Y"",""source_file"":""항공안전기술원_드론정보포털_기업명_사업분야_20240424 (1).csv"",""source_page"":"""",""as_of_date"":""2024-04-24"",""caveat"":""사업분야 태그만으로 방산업체 지정·군 납품을 판단하지 않음""}"
d7478541050f74bcdbd13291,EVD0091,CMP0165,드론정보포털 안티드론 사업분야,탐색후보,Y,사업분야 태그만으로 방산업체 지정·군 납품을 판단하지 않음,company_defense_evidence,92,"{""evidence_id"":""EVD0091"",""company_id"":""CMP0165"",""company_name_normalized"":""에스엠소프트"",""evidence_domain"":""방산인접"",""evidence_type"":""드론정보포털 안티드론 사업분야"",""evidence_strength"":""탐색후보"",""evidence_detail"":""안티드론 사업분야에 수록"",""official_source"":""Y"",""source_file"":""항공안전기술원_드론정보포털_기업명_사업분야_20240424 (1).csv"",""source_page"":"""",""as_of_date"":""2024-04-24"",""caveat"":""사업분야 태그만으로 방산업체 지정·군 납품을 판단하지 않음""}"
2ab2484ee69ef573ebff41c7,EVD0092,CMP0168,드론정보포털 안티드론 사업분야,탐색후보,Y,사업분야 태그만으로 방산업체 지정·군 납품을 판단하지 않음,company_defense_evidence,93,"{""evidence_id"":""EVD0092"",""company_id"":""CMP0168"",""company_name_normalized"":""에어로디제이컨설팅"",""evidence_domain"":""방산인접"",""evidence_type"":""드론정보포털 안티드론 사업분야"",""evidence_strength"":""탐색후보"",""evidence_detail"":""안티드론 사업분야에 수록"",""official_source"":""Y"",""source_file"":""항공안전기술원_드론정보포털_기업명_사업분야_20240424 (1).csv"",""source_page"":"""",""as_of_date"":""2024-04-24"",""caveat"":""사업분야 태그만으로 방산업체 지정·군 납품을 판단하지 않음""}"
02e5efda2280468e5072be47,EVD0093,CMP0174,드론정보포털 안티드론 사업분야,탐색후보,Y,사업분야 태그만으로 방산업체 지정·군 납품을 판단하지 않음,company_defense_evidence,94,"{""evidence_id"":""EVD0093"",""company_id"":""CMP0174"",""company_name_normalized"":""에이스드론"",""evidence_domain"":""방산인접"",""evidence_type"":""드론정보포털 안티드론 사업분야"",""evidence_strength"":""탐색후보"",""evidence_detail"":""안티드론 사업분야에 수록"",""official_source"":""Y"",""source_file"":""항공안전기술원_드론정보포털_기업명_사업분야_20240424 (1).csv"",""source_page"":"""",""as_of_date"":""2024-04-24"",""caveat"":""사업분야 태그만으로 방산업체 지정·군 납품을 판단하지 않음""}"
223e68d585a6e9d95fb08a2b,EVD0094,CMP0175,드론정보포털 안티드론 사업분야,탐색후보,Y,사업분야 태그만으로 방산업체 지정·군 납품을 판단하지 않음,company_defense_evidence,95,"{""evidence_id"":""EVD0094"",""company_id"":""CMP0175"",""company_name_normalized"":""에이알엑스"",""evidence_domain"":""방산인접"",""evidence_type"":""드론정보포털 안티드론 사업분야"",""evidence_strength"":""탐색후보"",""evidence_detail"":""안티드론 사업분야에 수록"",""official_source"":""Y"",""source_file"":""항공안전기술원_드론정보포털_기업명_사업분야_20240424 (1).csv"",""source_page"":"""",""as_of_date"":""2024-04-24"",""caveat"":""사업분야 태그만으로 방산업체 지정·군 납품을 판단하지 않음""}"
0edde303c6f34b2f8aba8f17,EVD0095,CMP0185,드론정보포털 안티드론 사업분야,탐색후보,Y,사업분야 태그만으로 방산업체 지정·군 납품을 판단하지 않음,company_defense_evidence,96,"{""evidence_id"":""EVD0095"",""company_id"":""CMP0185"",""company_name_normalized"":""엑슬리트엣지"",""evidence_domain"":""방산인접"",""evidence_type"":""드론정보포털 안티드론 사업분야"",""evidence_strength"":""탐색후보"",""evidence_detail"":""안티드론 사업분야에 수록"",""official_source"":""Y"",""source_file"":""항공안전기술원_드론정보포털_기업명_사업분야_20240424 (1).csv"",""source_page"":"""",""as_of_date"":""2024-04-24"",""caveat"":""사업분야 태그만으로 방산업체 지정·군 납품을 판단하지 않음""}"
65d1e932a42f343e04f91ab0,EVD0096,CMP0213,드론정보포털 안티드론 사업분야,탐색후보,Y,사업분야 태그만으로 방산업체 지정·군 납품을 판단하지 않음,company_defense_evidence,97,"{""evidence_id"":""EVD0096"",""company_id"":""CMP0213"",""company_name_normalized"":""이투비비"",""evidence_domain"":""방산인접"",""evidence_type"":""드론정보포털 안티드론 사업분야"",""evidence_strength"":""탐색후보"",""evidence_detail"":""안티드론 사업분야에 수록"",""official_source"":""Y"",""source_file"":""항공안전기술원_드론정보포털_기업명_사업분야_20240424 (1).csv"",""source_page"":"""",""as_of_date"":""2024-04-24"",""caveat"":""사업분야 태그만으로 방산업체 지정·군 납품을 판단하지 않음""}"
31074fe86d33bd3b2c014d15,EVD0097,CMP0219,드론정보포털 안티드론 사업분야,탐색후보,Y,사업분야 태그만으로 방산업체 지정·군 납품을 판단하지 않음,company_defense_evidence,98,"{""evidence_id"":""EVD0097"",""company_id"":""CMP0219"",""company_name_normalized"":""제이씨현시스템"",""evidence_domain"":""방산인접"",""evidence_type"":""드론정보포털 안티드론 사업분야"",""evidence_strength"":""탐색후보"",""evidence_detail"":""안티드론 사업분야에 수록"",""official_source"":""Y"",""source_file"":""항공안전기술원_드론정보포털_기업명_사업분야_20240424 (1).csv"",""source_page"":"""",""as_of_date"":""2024-04-24"",""caveat"":""사업분야 태그만으로 방산업체 지정·군 납품을 판단하지 않음""}"
9ce1d24aaec6c746f214c92b,EVD0098,CMP0220,드론정보포털 안티드론 사업분야,탐색후보,Y,사업분야 태그만으로 방산업체 지정·군 납품을 판단하지 않음,company_defense_evidence,99,"{""evidence_id"":""EVD0098"",""company_id"":""CMP0220"",""company_name_normalized"":""제이에스융합인재교육원"",""evidence_domain"":""방산인접"",""evidence_type"":""드론정보포털 안티드론 사업분야"",""evidence_strength"":""탐색후보"",""evidence_detail"":""안티드론 사업분야에 수록"",""official_source"":""Y"",""source_file"":""항공안전기술원_드론정보포털_기업명_사업분야_20240424 (1).csv"",""source_page"":"""",""as_of_date"":""2024-04-24"",""caveat"":""사업분야 태그만으로 방산업체 지정·군 납품을 판단하지 않음""}"
371bf7c6e7246aaea50c42e8,EVD0099,CMP0231,드론정보포털 안티드론 사업분야,탐색후보,Y,사업분야 태그만으로 방산업체 지정·군 납품을 판단하지 않음,company_defense_evidence,100,"{""evidence_id"":""EVD0099"",""company_id"":""CMP0231"",""company_name_normalized"":""케이프로시스템"",""evidence_domain"":""방산인접"",""evidence_type"":""드론정보포털 안티드론 사업분야"",""evidence_strength"":""탐색후보"",""evidence_detail"":""안티드론 사업분야에 수록"",""official_source"":""Y"",""source_file"":""항공안전기술원_드론정보포털_기업명_사업분야_20240424 (1).csv"",""source_page"":"""",""as_of_date"":""2024-04-24"",""caveat"":""사업분야 태그만으로 방산업체 지정·군 납품을 판단하지 않음""}"
cb456ff85e4cbd8442e865b5,EVD0100,CMP0243,드론정보포털 안티드론 사업분야,탐색후보,Y,사업분야 태그만으로 방산업체 지정·군 납품을 판단하지 않음,company_defense_evidence,101,"{""evidence_id"":""EVD0100"",""company_id"":""CMP0243"",""company_name_normalized"":""파이온시스템즈"",""evidence_domain"":""방산인접"",""evidence_type"":""드론정보포털 안티드론 사업분야"",""evidence_strength"":""탐색후보"",""evidence_detail"":""안티드론 사업분야에 수록"",""official_source"":""Y"",""source_file"":""항공안전기술원_드론정보포털_기업명_사업분야_20240424 (1).csv"",""source_page"":"""",""as_of_date"":""2024-04-24"",""caveat"":""사업분야 태그만으로 방산업체 지정·군 납품을 판단하지 않음""}"
e43ca330b583d561f7328b0d,EVD0101,CMP0245,드론정보포털 안티드론 사업분야,탐색후보,Y,사업분야 태그만으로 방산업체 지정·군 납품을 판단하지 않음,company_defense_evidence,102,"{""evidence_id"":""EVD0101"",""company_id"":""CMP0245"",""company_name_normalized"":""파인브이티"",""evidence_domain"":""방산인접"",""evidence_type"":""드론정보포털 안티드론 사업분야"",""evidence_strength"":""탐색후보"",""evidence_detail"":""안티드론 사업분야에 수록"",""official_source"":""Y"",""source_file"":""항공안전기술원_드론정보포털_기업명_사업분야_20240424 (1).csv"",""source_page"":"""",""as_of_date"":""2024-04-24"",""caveat"":""사업분야 태그만으로 방산업체 지정·군 납품을 판단하지 않음""}"
f370668e367d92c90ccbcdd3,EVD0102,CMP0254,드론정보포털 안티드론 사업분야,탐색후보,Y,사업분야 태그만으로 방산업체 지정·군 납품을 판단하지 않음,company_defense_evidence,103,"{""evidence_id"":""EVD0102"",""company_id"":""CMP0254"",""company_name_normalized"":""프리뉴"",""evidence_domain"":""방산인접"",""evidence_type"":""드론정보포털 안티드론 사업분야"",""evidence_strength"":""탐색후보"",""evidence_detail"":""안티드론 사업분야에 수록"",""official_source"":""Y"",""source_file"":""항공안전기술원_드론정보포털_기업명_사업분야_20240424 (1).csv"",""source_page"":"""",""as_of_date"":""2024-04-24"",""caveat"":""사업분야 태그만으로 방산업체 지정·군 납품을 판단하지 않음""}"
89139260afaf4f6b99a9c6db,EVD0103,CMP0257,드론정보포털 안티드론 사업분야,탐색후보,Y,사업분야 태그만으로 방산업체 지정·군 납품을 판단하지 않음,company_defense_evidence,104,"{""evidence_id"":""EVD0103"",""company_id"":""CMP0257"",""company_name_normalized"":""픽소니어"",""evidence_domain"":""방산인접"",""evidence_type"":""드론정보포털 안티드론 사업분야"",""evidence_strength"":""탐색후보"",""evidence_detail"":""안티드론 사업분야에 수록"",""official_source"":""Y"",""source_file"":""항공안전기술원_드론정보포털_기업명_사업분야_20240424 (1).csv"",""source_page"":"""",""as_of_date"":""2024-04-24"",""caveat"":""사업분야 태그만으로 방산업체 지정·군 납품을 판단하지 않음""}"
4f2d8b79a58b6a30676e74b7,EVD0104,CMP0258,드론정보포털 안티드론 사업분야,탐색후보,Y,사업분야 태그만으로 방산업체 지정·군 납품을 판단하지 않음,company_defense_evidence,105,"{""evidence_id"":""EVD0104"",""company_id"":""CMP0258"",""company_name_normalized"":""필라넷"",""evidence_domain"":""방산인접"",""evidence_type"":""드론정보포털 안티드론 사업분야"",""evidence_strength"":""탐색후보"",""evidence_detail"":""안티드론 사업분야에 수록"",""official_source"":""Y"",""source_file"":""항공안전기술원_드론정보포털_기업명_사업분야_20240424 (1).csv"",""source_page"":"""",""as_of_date"":""2024-04-24"",""caveat"":""사업분야 태그만으로 방산업체 지정·군 납품을 판단하지 않음""}"
a6036453e074409a7b624547,EVD0105,CMP0279,드론정보포털 안티드론 사업분야,탐색후보,Y,사업분야 태그만으로 방산업체 지정·군 납품을 판단하지 않음,company_defense_evidence,106,"{""evidence_id"":""EVD0105"",""company_id"":""CMP0279"",""company_name_normalized"":""한빛드론"",""evidence_domain"":""방산인접"",""evidence_type"":""드론정보포털 안티드론 사업분야"",""evidence_strength"":""탐색후보"",""evidence_detail"":""안티드론 사업분야에 수록"",""official_source"":""Y"",""source_file"":""항공안전기술원_드론정보포털_기업명_사업분야_20240424 (1).csv"",""source_page"":"""",""as_of_date"":""2024-04-24"",""caveat"":""사업분야 태그만으로 방산업체 지정·군 납품을 판단하지 않음""}"
fe18e632338111c299341525,EVD0106,CMP0286,드론정보포털 안티드론 사업분야,탐색후보,Y,사업분야 태그만으로 방산업체 지정·군 납품을 판단하지 않음,company_defense_evidence,107,"{""evidence_id"":""EVD0106"",""company_id"":""CMP0286"",""company_name_normalized"":""해오름드론항공"",""evidence_domain"":""방산인접"",""evidence_type"":""드론정보포털 안티드론 사업분야"",""evidence_strength"":""탐색후보"",""evidence_detail"":""안티드론 사업분야에 수록"",""official_source"":""Y"",""source_file"":""항공안전기술원_드론정보포털_기업명_사업분야_20240424 (1).csv"",""source_page"":"""",""as_of_date"":""2024-04-24"",""caveat"":""사업분야 태그만으로 방산업체 지정·군 납품을 판단하지 않음""}"
