evidence_id,company_id,company_name_normalized,evidence_domain,evidence_type,evidence_strength,evidence_detail,official_source,source_file,source_page,as_of_date,caveat
EVD0001,CMP0049,대한항공,방산,방산원가관리체계 인증,공식 보조근거,유효기간 2021-07-09~2026-07-08,Y,방위사업청_방산원가관리체계 인증업체 현황_20260506.csv,,2026-05-06,방산업체 지정 또는 드론 사업 참여를 의미하지 않음
EVD0002,CMP0002,LIG넥스원,방산,방산원가관리체계 인증,공식 보조근거,유효기간 2021-09-18~2026-09-17,Y,방위사업청_방산원가관리체계 인증업체 현황_20260506.csv,,2026-05-06,방산업체 지정 또는 드론 사업 참여를 의미하지 않음
EVD0003,CMP0283,한화시스템,방산,방산원가관리체계 인증,공식 보조근거,유효기간 2021-09-18~2026-09-17,Y,방위사업청_방산원가관리체계 인증업체 현황_20260506.csv,,2026-05-06,방산업체 지정 또는 드론 사업 참여를 의미하지 않음
EVD0004,CMP0004,STX엔진,방산,방산원가관리체계 인증,공식 보조근거,유효기간 2022-02-28~2027-02-27,Y,방위사업청_방산원가관리체계 인증업체 현황_20260506.csv,,2026-05-06,방산업체 지정 또는 드론 사업 참여를 의미하지 않음
EVD0005,CMP0252,풍산,방산,방산원가관리체계 인증,공식 보조근거,유효기간 2022-02-28~2027-02-27,Y,방위사업청_방산원가관리체계 인증업체 현황_20260506.csv,,2026-05-06,방산업체 지정 또는 드론 사업 참여를 의미하지 않음
EVD0006,CMP0005,S&T모티브,방산,방산원가관리체계 인증,공식 보조근거,유효기간 2022-06-21~2027-06-22,Y,방위사업청_방산원가관리체계 인증업체 현황_20260506.csv,,2026-05-06,방산업체 지정 또는 드론 사업 참여를 의미하지 않음
EVD0007,CMP0276,한국항공우주산업,방산,방산원가관리체계 인증,공식 보조근거,유효기간 2022-09-13~2027-09-12,Y,방위사업청_방산원가관리체계 인증업체 현황_20260506.csv,,2026-05-06,방산업체 지정 또는 드론 사업 참여를 의미하지 않음
EVD0008,CMP0284,한화에어로스페이스,방산,방산원가관리체계 인증,공식 보조근거,유효기간 2022-09-17~2027-09-16,Y,방위사업청_방산원가관리체계 인증업체 현황_20260506.csv,,2026-05-06,방산업체 지정 또는 드론 사업 참여를 의미하지 않음
EVD0009,CMP0291,현대로템,방산,방산원가관리체계 인증,공식 보조근거,유효기간 2022-09-17~2027-09-16,Y,방위사업청_방산원가관리체계 인증업체 현황_20260506.csv,,2026-05-06,방산업체 지정 또는 드론 사업 참여를 의미하지 않음
EVD0010,CMP0296,휴니드테크놀러지스,방산,방산원가관리체계 인증,공식 보조근거,유효기간 2023-02-17~2028-02-16,Y,방위사업청_방산원가관리체계 인증업체 현황_20260506.csv,,2026-05-06,방산업체 지정 또는 드론 사업 참여를 의미하지 않음
EVD0011,CMP0248,퍼스텍,방산,방산원가관리체계 인증,공식 보조근거,유효기간 2023-02-17~2028-02-16,Y,방위사업청_방산원가관리체계 인증업체 현황_20260506.csv,,2026-05-06,방산업체 지정 또는 드론 사업 참여를 의미하지 않음
EVD0012,CMP0234,코리아디펜스인더스트리,방산,방산원가관리체계 인증,공식 보조근거,유효기간 2023-05-04~2028-05-03,Y,방위사업청_방산원가관리체계 인증업체 현황_20260506.csv,,2026-05-06,방산업체 지정 또는 드론 사업 참여를 의미하지 않음
EVD0013,CMP0180,에이치디현대중공업(주),방산,방산원가관리체계 인증,공식 보조근거,유효기간 2025-05-28~2030-05-28,Y,방위사업청_방산원가관리체계 인증업체 현황_20260506.csv,,2026-05-06,방산업체 지정 또는 드론 사업 참여를 의미하지 않음
EVD0014,CMP0037,니어스랩,방산드론,방산혁신기업 프로젝트,직접,AI칩 기반 군집 비행제어 관련 기업 및 근거리 정찰용 군집 자율비행 드론 체계개발 방산혁신기업 프로젝트,Y,국방기술진흥연구소 - KRIT 이슈페이퍼 29호.pdf,"10,14",2026-05-18,보고서 수록 내용 기준이며 현재 사업 상태는 별도 확인 필요
EVD0015,CMP0242,파블로항공,방산드론,방산혁신기업 프로젝트,직접,AI칩 기반 군집 비행제어 및 군집드론 전투 체계개발 방산혁신기업 프로젝트,Y,국방기술진흥연구소 - KRIT 이슈페이퍼 29호.pdf,10,2026-05-18,보고서 수록 내용 기준이며 현재 사업 상태는 별도 확인 필요
EVD0016,CMP0002,LIG넥스원,방산드론,KRIT 관련기업 언급,보조,AI칩 기반 군집 비행제어 컴퓨터·SW 관련 기업으로 표기,Y,국방기술진흥연구소 - KRIT 이슈페이퍼 29호.pdf,10,2026-05-18,보고서 수록 내용 기준이며 현재 사업 상태는 별도 확인 필요
EVD0017,CMP0252,풍산,방산드론,KRIT 관련기업 언급,보조,저가형 군집 공격드론 소형 탄두 관련 기업으로 표기,Y,국방기술진흥연구소 - KRIT 이슈페이퍼 29호.pdf,10,2026-05-18,보고서 수록 내용 기준이며 현재 사업 상태는 별도 확인 필요
EVD0018,CMP0085,딥엑스,방산드론,국방기술개발 과제,직접,고효율 AI 반도체 기반 사물인식·추적지원 플랫폼 응용연구 수행기관,Y,국방기술진흥연구소 - KRIT 이슈페이퍼 29호.pdf,10,2026-05-18,보고서 수록 내용 기준이며 현재 사업 상태는 별도 확인 필요
EVD0019,CMP0202,유비파이,방산드론,방산혁신기업 프로젝트,직접,GNSS 음영·재밍 환경 영상복합항법 기반 자율·군집 드론 시스템 방산혁신기업 프로젝트,Y,국방기술진흥연구소 - KRIT 이슈페이퍼 29호.pdf,10,2026-05-18,보고서 수록 내용 기준이며 현재 사업 상태는 별도 확인 필요
EVD0020,CMP0182,에코산업,드론기술,드론·무인기 특허 출원인 순위,기술활동 보조근거,"출원인 순위 1위, 79건",N,드론 무인기_특허실용신안.xlsx,,2026 수집본,원본 검색식·국가 범위 미기재. 특허 건수는 방산 매출·채용을 의미하지 않음
EVD0021,CMP0277,한국항공우주연구원,드론기술,드론·무인기 특허 출원인 순위,기술활동 보조근거,"출원인 순위 2위, 48건",N,드론 무인기_특허실용신안.xlsx,,2026 수집본,원본 검색식·국가 범위 미기재. 특허 건수는 방산 매출·채용을 의미하지 않음
EVD0022,CMP0015,국방과학연구소,드론기술,드론·무인기 특허 출원인 순위,기술활동 보조근거,"출원인 순위 3위, 46건",N,드론 무인기_특허실용신안.xlsx,,2026 수집본,원본 검색식·국가 범위 미기재. 특허 건수는 방산 매출·채용을 의미하지 않음
EVD0023,CMP0272,한국전자통신연구원,드론기술,드론·무인기 특허 출원인 순위,기술활동 보조근거,"출원인 순위 4위, 44건",N,드론 무인기_특허실용신안.xlsx,,2026 수집본,원본 검색식·국가 범위 미기재. 특허 건수는 방산 매출·채용을 의미하지 않음
EVD0024,CMP0003,LIG디펜스앤에어로스페이스,드론기술,드론·무인기 특허 출원인 순위,기술활동 보조근거,"출원인 순위 5위, 33건",N,드론 무인기_특허실용신안.xlsx,,2026 수집본,원본 검색식·국가 범위 미기재. 특허 건수는 방산 매출·채용을 의미하지 않음
EVD0025,CMP0270,한국전력공사,드론기술,드론·무인기 특허 출원인 순위,기술활동 보조근거,"출원인 순위 6위, 29건",N,드론 무인기_특허실용신안.xlsx,,2026 수집본,원본 검색식·국가 범위 미기재. 특허 건수는 방산 매출·채용을 의미하지 않음
EVD0026,CMP0264,한국과학기술연구원,드론기술,드론·무인기 특허 출원인 순위,기술활동 보조근거,"출원인 순위 7위, 18건",N,드론 무인기_특허실용신안.xlsx,,2026 수집본,원본 검색식·국가 범위 미기재. 특허 건수는 방산 매출·채용을 의미하지 않음
EVD0027,CMP0284,한화에어로스페이스,드론기술,드론·무인기 특허 출원인 순위,기술활동 보조근거,"출원인 순위 8위, 15건",N,드론 무인기_특허실용신안.xlsx,,2026 수집본,원본 검색식·국가 범위 미기재. 특허 건수는 방산 매출·채용을 의미하지 않음
EVD0028,CMP0282,한화,드론기술,드론·무인기 특허 출원인 순위,기술활동 보조근거,"출원인 순위 9위, 15건",N,드론 무인기_특허실용신안.xlsx,,2026 수집본,원본 검색식·국가 범위 미기재. 특허 건수는 방산 매출·채용을 의미하지 않음
EVD0029,CMP0283,한화시스템,드론기술,드론·무인기 특허 출원인 순위,기술활동 보조근거,"출원인 순위 10위, 14건",N,드론 무인기_특허실용신안.xlsx,,2026 수집본,원본 검색식·국가 범위 미기재. 특허 건수는 방산 매출·채용을 의미하지 않음
EVD0030,CMP0265,한국과학기술원,드론기술,드론·무인기 특허 출원인 순위,기술활동 보조근거,"출원인 순위 11위, 14건",N,드론 무인기_특허실용신안.xlsx,,2026 수집본,원본 검색식·국가 범위 미기재. 특허 건수는 방산 매출·채용을 의미하지 않음
EVD0031,CMP0275,한국항공대학교산학협력단,드론기술,드론·무인기 특허 출원인 순위,기술활동 보조근거,"출원인 순위 12위, 10건",N,드론 무인기_특허실용신안.xlsx,,2026 수집본,원본 검색식·국가 범위 미기재. 특허 건수는 방산 매출·채용을 의미하지 않음
EVD0032,CMP0026,나르마,드론기술,드론·무인기 특허 출원인 순위,기술활동 보조근거,"출원인 순위 13위, 9건",N,드론 무인기_특허실용신안.xlsx,,2026 수집본,원본 검색식·국가 범위 미기재. 특허 건수는 방산 매출·채용을 의미하지 않음
EVD0033,CMP0143,시너지,드론기술,드론·무인기 특허 출원인 순위,기술활동 보조근거,"출원인 순위 14위, 9건",N,드론 무인기_특허실용신안.xlsx,,2026 수집본,원본 검색식·국가 범위 미기재. 특허 건수는 방산 매출·채용을 의미하지 않음
EVD0034,CMP0217,인하대학교 산학협력단,드론기술,드론·무인기 특허 출원인 순위,기술활동 보조근거,"출원인 순위 15위, 9건",N,드론 무인기_특허실용신안.xlsx,,2026 수집본,원본 검색식·국가 범위 미기재. 특허 건수는 방산 매출·채용을 의미하지 않음
EVD0035,CMP0271,한국전력기술,드론기술,드론·무인기 특허 출원인 순위,기술활동 보조근거,"출원인 순위 16위, 8건",N,드론 무인기_특허실용신안.xlsx,,2026 수집본,원본 검색식·국가 범위 미기재. 특허 건수는 방산 매출·채용을 의미하지 않음
EVD0036,CMP0058,두시텍,드론기술,드론·무인기 특허 출원인 순위,기술활동 보조근거,"출원인 순위 17위, 8건",N,드론 무인기_특허실용신안.xlsx,,2026 수집본,원본 검색식·국가 범위 미기재. 특허 건수는 방산 매출·채용을 의미하지 않음
EVD0037,CMP0166,에스케이온,드론기술,드론·무인기 특허 출원인 순위,기술활동 보조근거,"출원인 순위 18위, 8건",N,드론 무인기_특허실용신안.xlsx,,2026 수집본,원본 검색식·국가 범위 미기재. 특허 건수는 방산 매출·채용을 의미하지 않음
EVD0038,CMP0273,한국철도기술연구원,드론기술,드론·무인기 특허 출원인 순위,기술활동 보조근거,"출원인 순위 19위, 8건",N,드론 무인기_특허실용신안.xlsx,,2026 수집본,원본 검색식·국가 범위 미기재. 특허 건수는 방산 매출·채용을 의미하지 않음
EVD0039,CMP0021,기아,드론기술,드론·무인기 특허 출원인 순위,기술활동 보조근거,"출원인 순위 20위, 7건",N,드론 무인기_특허실용신안.xlsx,,2026 수집본,원본 검색식·국가 범위 미기재. 특허 건수는 방산 매출·채용을 의미하지 않음
EVD0040,CMP0292,현대자동차,드론기술,드론·무인기 특허 출원인 순위,기술활동 보조근거,"출원인 순위 21위, 7건",N,드론 무인기_특허실용신안.xlsx,,2026 수집본,원본 검색식·국가 범위 미기재. 특허 건수는 방산 매출·채용을 의미하지 않음
EVD0041,CMP0083,디지털커브,드론기술,드론·무인기 특허 출원인 순위,기술활동 보조근거,"출원인 순위 22위, 7건",N,드론 무인기_특허실용신안.xlsx,,2026 수집본,원본 검색식·국가 범위 미기재. 특허 건수는 방산 매출·채용을 의미하지 않음
EVD0042,CMP0117,삼정솔루션,드론기술,드론·무인기 특허 출원인 순위,기술활동 보조근거,"출원인 순위 23위, 7건",N,드론 무인기_특허실용신안.xlsx,,2026 수집본,원본 검색식·국가 범위 미기재. 특허 건수는 방산 매출·채용을 의미하지 않음
EVD0043,CMP0176,에이엔에이치스트럭쳐,드론기술,드론·무인기 특허 출원인 순위,기술활동 보조근거,"출원인 순위 24위, 7건",N,드론 무인기_특허실용신안.xlsx,,2026 수집본,원본 검색식·국가 범위 미기재. 특허 건수는 방산 매출·채용을 의미하지 않음
EVD0044,CMP0260,하늘숲엔지니어링,드론기술,드론·무인기 특허 출원인 순위,기술활동 보조근거,"출원인 순위 25위, 7건",N,드론 무인기_특허실용신안.xlsx,,2026 수집본,원본 검색식·국가 범위 미기재. 특허 건수는 방산 매출·채용을 의미하지 않음
EVD0045,CMP0238,탑스커뮤니케이션,드론기술,드론·무인기 특허 출원인 순위,기술활동 보조근거,"출원인 순위 26위, 7건",N,드론 무인기_특허실용신안.xlsx,,2026 수집본,원본 검색식·국가 범위 미기재. 특허 건수는 방산 매출·채용을 의미하지 않음
EVD0046,CMP0008,건국대학교 산학협력단,드론기술,드론·무인기 특허 출원인 순위,기술활동 보조근거,"출원인 순위 27위, 7건",N,드론 무인기_특허실용신안.xlsx,,2026 수집본,원본 검색식·국가 범위 미기재. 특허 건수는 방산 매출·채용을 의미하지 않음
EVD0047,CMP0211,이정용,드론기술,드론·무인기 특허 출원인 순위,기술활동 보조근거,"출원인 순위 28위, 7건",N,드론 무인기_특허실용신안.xlsx,,2026 수집본,원본 검색식·국가 범위 미기재. 특허 건수는 방산 매출·채용을 의미하지 않음
EVD0048,CMP0048,대한민국(행정안전부 국립재난안전연구원장),드론기술,드론·무인기 특허 출원인 순위,기술활동 보조근거,"출원인 순위 29위, 6건",N,드론 무인기_특허실용신안.xlsx,,2026 수집본,원본 검색식·국가 범위 미기재. 특허 건수는 방산 매출·채용을 의미하지 않음
EVD0049,CMP0251,포항공과대학교 산학협력단,드론기술,드론·무인기 특허 출원인 순위,기술활동 보조근거,"출원인 순위 30위, 6건",N,드론 무인기_특허실용신안.xlsx,,2026 수집본,원본 검색식·국가 범위 미기재. 특허 건수는 방산 매출·채용을 의미하지 않음
EVD0050,CMP0129,세종대학교산학협력단,드론기술,드론·무인기 특허 출원인 순위,기술활동 보조근거,"출원인 순위 31위, 6건",N,드론 무인기_특허실용신안.xlsx,,2026 수집본,원본 검색식·국가 범위 미기재. 특허 건수는 방산 매출·채용을 의미하지 않음
EVD0051,CMP0043,대구경북과학기술원,드론기술,드론·무인기 특허 출원인 순위,기술활동 보조근거,"출원인 순위 32위, 6건",N,드론 무인기_특허실용신안.xlsx,,2026 수집본,원본 검색식·국가 범위 미기재. 특허 건수는 방산 매출·채용을 의미하지 않음
EVD0052,CMP0047,대한민국(방위사업청장),드론기술,드론·무인기 특허 출원인 순위,기술활동 보조근거,"출원인 순위 33위, 6건",N,드론 무인기_특허실용신안.xlsx,,2026 수집본,원본 검색식·국가 범위 미기재. 특허 건수는 방산 매출·채용을 의미하지 않음
EVD0053,CMP0022,김명준,드론기술,드론·무인기 특허 출원인 순위,기술활동 보조근거,"출원인 순위 34위, 6건",N,드론 무인기_특허실용신안.xlsx,,2026 수집본,원본 검색식·국가 범위 미기재. 특허 건수는 방산 매출·채용을 의미하지 않음
EVD0054,CMP0054,도레이첨단소재,드론기술,드론·무인기 특허 출원인 순위,기술활동 보조근거,"출원인 순위 35위, 5건",N,드론 무인기_특허실용신안.xlsx,,2026 수집본,원본 검색식·국가 범위 미기재. 특허 건수는 방산 매출·채용을 의미하지 않음
EVD0055,CMP0122,서울대학교산학협력단,드론기술,드론·무인기 특허 출원인 순위,기술활동 보조근거,"출원인 순위 36위, 5건",N,드론 무인기_특허실용신안.xlsx,,2026 수집본,원본 검색식·국가 범위 미기재. 특허 건수는 방산 매출·채용을 의미하지 않음
EVD0056,CMP0249,포앤텍,드론기술,드론·무인기 특허 출원인 순위,기술활동 보조근거,"출원인 순위 37위, 5건",N,드론 무인기_특허실용신안.xlsx,,2026 수집본,원본 검색식·국가 범위 미기재. 특허 건수는 방산 매출·채용을 의미하지 않음
EVD0057,CMP0148,아르고스다인,드론기술,드론·무인기 특허 출원인 순위,기술활동 보조근거,"출원인 순위 38위, 5건",N,드론 무인기_특허실용신안.xlsx,,2026 수집본,원본 검색식·국가 범위 미기재. 특허 건수는 방산 매출·채용을 의미하지 않음
EVD0058,CMP0113,뷰런테크놀로지,드론기술,드론·무인기 특허 출원인 순위,기술활동 보조근거,"출원인 순위 39위, 5건",N,드론 무인기_특허실용신안.xlsx,,2026 수집본,원본 검색식·국가 범위 미기재. 특허 건수는 방산 매출·채용을 의미하지 않음
EVD0059,CMP0163,에브리심,드론기술,드론·무인기 특허 출원인 순위,기술활동 보조근거,"출원인 순위 40위, 5건",N,드론 무인기_특허실용신안.xlsx,,2026 수집본,원본 검색식·국가 범위 미기재. 특허 건수는 방산 매출·채용을 의미하지 않음
EVD0060,CMP0011,경북대학교 산학협력단,드론기술,드론·무인기 특허 출원인 순위,기술활동 보조근거,"출원인 순위 41위, 5건",N,드론 무인기_특허실용신안.xlsx,,2026 수집본,원본 검색식·국가 범위 미기재. 특허 건수는 방산 매출·채용을 의미하지 않음
EVD0061,CMP0012,경상국립대학교산학협력단,드론기술,드론·무인기 특허 출원인 순위,기술활동 보조근거,"출원인 순위 42위, 5건",N,드론 무인기_특허실용신안.xlsx,,2026 수집본,원본 검색식·국가 범위 미기재. 특허 건수는 방산 매출·채용을 의미하지 않음
EVD0062,CMP0156,아주대학교산학협력단,드론기술,드론·무인기 특허 출원인 순위,기술활동 보조근거,"출원인 순위 43위, 5건",N,드론 무인기_특허실용신안.xlsx,,2026 수집본,원본 검색식·국가 범위 미기재. 특허 건수는 방산 매출·채용을 의미하지 않음
EVD0063,CMP0158,안범주,드론기술,드론·무인기 특허 출원인 순위,기술활동 보조근거,"출원인 순위 44위, 5건",N,드론 무인기_특허실용신안.xlsx,,2026 수집본,원본 검색식·국가 범위 미기재. 특허 건수는 방산 매출·채용을 의미하지 않음
EVD0064,CMP0023,김태산,드론기술,드론·무인기 특허 출원인 순위,기술활동 보조근거,"출원인 순위 45위, 5건",N,드론 무인기_특허실용신안.xlsx,,2026 수집본,원본 검색식·국가 범위 미기재. 특허 건수는 방산 매출·채용을 의미하지 않음
EVD0065,CMP0189,엘지유플러스,드론기술,드론·무인기 특허 출원인 순위,기술활동 보조근거,"출원인 순위 46위, 4건",N,드론 무인기_특허실용신안.xlsx,,2026 수집본,원본 검색식·국가 범위 미기재. 특허 건수는 방산 매출·채용을 의미하지 않음
EVD0066,CMP0045,대우건설,드론기술,드론·무인기 특허 출원인 순위,기술활동 보조근거,"출원인 순위 47위, 4건",N,드론 무인기_특허실용신안.xlsx,,2026 수집본,원본 검색식·국가 범위 미기재. 특허 건수는 방산 매출·채용을 의미하지 않음
EVD0067,CMP0214,이투온,드론기술,드론·무인기 특허 출원인 순위,기술활동 보조근거,"출원인 순위 48위, 4건",N,드론 무인기_특허실용신안.xlsx,,2026 수집본,원본 검색식·국가 범위 미기재. 특허 건수는 방산 매출·채용을 의미하지 않음
EVD0068,CMP0190,엘지전자,드론기술,드론·무인기 특허 출원인 순위,기술활동 보조근거,"출원인 순위 49위, 4건",N,드론 무인기_특허실용신안.xlsx,,2026 수집본,원본 검색식·국가 범위 미기재. 특허 건수는 방산 매출·채용을 의미하지 않음
EVD0069,CMP0227,캠틱종합기술원,드론기술,드론·무인기 특허 출원인 순위,기술활동 보조근거,"출원인 순위 50위, 4건",N,드론 무인기_특허실용신안.xlsx,,2026 수집본,원본 검색식·국가 범위 미기재. 특허 건수는 방산 매출·채용을 의미하지 않음
EVD0070,CMP0139,스카이엔터프라이즈,드론운용,군집드론 사용사업체 등록,공식 드론운용 근거,"기타(드론공연, 군집비행, 드론배송)",Y,한국교통안전공단_초경량비행장치사용사업체(군집드론) 등록 현황_20240823.csv,,2024-08-23,군집드론 등록은 방산기업·군 납품 근거가 아님
EVD0071,CMP0202,유비파이,드론운용,군집드론 사용사업체 등록,공식 드론운용 근거,"기타(군집비행, 드론공연)",Y,한국교통안전공단_초경량비행장치사용사업체(군집드론) 등록 현황_20240823.csv,,2024-08-23,군집드론 등록은 방산기업·군 납품 근거가 아님
EVD0072,CMP0010,경북과학대 산학협력단,드론운용,군집드론 사용사업체 등록,공식 드론운용 근거,"조종교육, 교관양성, 항공촬영, 농업 방제 및 방역, 드론군집 및 공연",Y,한국교통안전공단_초경량비행장치사용사업체(군집드론) 등록 현황_20240823.csv,,2024-08-23,군집드론 등록은 방산기업·군 납품 근거가 아님
EVD0073,CMP0027,날다,드론운용,군집드론 사용사업체 등록,공식 드론운용 근거,"항공방제, 사진촬영, 측량 또는 탐사, 관측 또는 탐사, 조종교육, 드론배송, 기타(드론공연 )",Y,한국교통안전공단_초경량비행장치사용사업체(군집드론) 등록 현황_20240823.csv,,2024-08-23,군집드론 등록은 방산기업·군 납품 근거가 아님
EVD0074,CMP0087,라온스랩,드론운용,군집드론 사용사업체 등록,공식 드론운용 근거,"드론 군집공연, 항공촬영, 관측, 탐사, 농업지원, 드론 도소매업",Y,한국교통안전공단_초경량비행장치사용사업체(군집드론) 등록 현황_20240823.csv,,2024-08-23,군집드론 등록은 방산기업·군 납품 근거가 아님
EVD0075,CMP0138,스카이아트,드론운용,군집드론 사용사업체 등록,공식 드론운용 근거,드론을 이용한 촬영과 다양한 퍼포먼스를 위한 군집 드론 쇼,Y,한국교통안전공단_초경량비행장치사용사업체(군집드론) 등록 현황_20240823.csv,,2024-08-23,군집드론 등록은 방산기업·군 납품 근거가 아님
EVD0076,CMP0157,안동드론클럽,드론운용,군집드론 사용사업체 등록,공식 드론운용 근거,"자격교육, 농업지원, 항공방제, 항공방역, 항공촬영, 항공측량, 항공관측, 항공광고, 드론쇼, 배송",Y,한국교통안전공단_초경량비행장치사용사업체(군집드론) 등록 현황_20240823.csv,,2024-08-23,군집드론 등록은 방산기업·군 납품 근거가 아님
EVD0077,CMP0242,파블로항공,드론운용,군집드론 사용사업체 등록,공식 드론운용 근거,"물품배송, 공연, 조종교육, 비행시험",Y,한국교통안전공단_초경량비행장치사용사업체(군집드론) 등록 현황_20240823.csv,,2024-08-23,군집드론 등록은 방산기업·군 납품 근거가 아님
EVD0078,CMP0035,농업회사법인 주식회사 케이제이,드론운용,군집드론 사용사업체 등록,공식 드론운용 근거,"조종교육, 교관양성, 항공촬영, 농업 방제 및 방역, 드론군집 및 공연",Y,한국교통안전공단_초경량비행장치사용사업체(군집드론) 등록 현황_20240823.csv,,2024-08-23,군집드론 등록은 방산기업·군 납품 근거가 아님
EVD0079,CMP0192,영월드론비행교육원,드론운용,군집드론 사용사업체 등록,공식 드론운용 근거,드론아트쇼,Y,한국교통안전공단_초경량비행장치사용사업체(군집드론) 등록 현황_20240823.csv,,2024-08-23,군집드론 등록은 방산기업·군 납품 근거가 아님
EVD0080,CMP0072,드론코리아 아카데미,드론운용,군집드론 사용사업체 등록,공식 드론운용 근거,"조종교육, 항공방제, 항공촬영, 측량 또는 탐사, 드론공연",Y,한국교통안전공단_초경량비행장치사용사업체(군집드론) 등록 현황_20240823.csv,,2024-08-23,군집드론 등록은 방산기업·군 납품 근거가 아님
EVD0081,CMP0039,다온아이앤씨,드론운용,군집드론 사용사업체 등록,공식 드론운용 근거,"공연, 촬영",Y,한국교통안전공단_초경량비행장치사용사업체(군집드론) 등록 현황_20240823.csv,,2024-08-23,군집드론 등록은 방산기업·군 납품 근거가 아님
EVD0082,CMP0042,담스테크,방산인접,드론정보포털 안티드론 사업분야,탐색후보,안티드론 사업분야에 수록,Y,항공안전기술원_드론정보포털_기업명_사업분야_20240424 (1).csv,,2024-04-24,사업분야 태그만으로 방산업체 지정·군 납품을 판단하지 않음
EVD0083,CMP0050,더대시,방산인접,드론정보포털 안티드론 사업분야,탐색후보,안티드론 사업분야에 수록,Y,항공안전기술원_드론정보포털_기업명_사업분야_20240424 (1).csv,,2024-04-24,사업분야 태그만으로 방산업체 지정·군 납품을 판단하지 않음
EVD0084,CMP0059,두타기술,방산인접,드론정보포털 안티드론 사업분야,탐색후보,안티드론 사업분야에 수록,Y,항공안전기술원_드론정보포털_기업명_사업분야_20240424 (1).csv,,2024-04-24,사업분야 태그만으로 방산업체 지정·군 납품을 판단하지 않음
EVD0085,CMP0089,루프,방산인접,드론정보포털 안티드론 사업분야,탐색후보,안티드론 사업분야에 수록,Y,항공안전기술원_드론정보포털_기업명_사업분야_20240424 (1).csv,,2024-04-24,사업분야 태그만으로 방산업체 지정·군 납품을 판단하지 않음
EVD0086,CMP0116,비스타컴,방산인접,드론정보포털 안티드론 사업분야,탐색후보,안티드론 사업분야에 수록,Y,항공안전기술원_드론정보포털_기업명_사업분야_20240424 (1).csv,,2024-04-24,사업분야 태그만으로 방산업체 지정·군 납품을 판단하지 않음
EVD0087,CMP0117,삼정솔루션,방산인접,드론정보포털 안티드론 사업분야,탐색후보,안티드론 사업분야에 수록,Y,항공안전기술원_드론정보포털_기업명_사업분야_20240424 (1).csv,,2024-04-24,사업분야 태그만으로 방산업체 지정·군 납품을 판단하지 않음
EVD0088,CMP0134,순돌이드론,방산인접,드론정보포털 안티드론 사업분야,탐색후보,안티드론 사업분야에 수록,Y,항공안전기술원_드론정보포털_기업명_사업분야_20240424 (1).csv,,2024-04-24,사업분야 태그만으로 방산업체 지정·군 납품을 판단하지 않음
EVD0089,CMP0135,숨비,방산인접,드론정보포털 안티드론 사업분야,탐색후보,안티드론 사업분야에 수록,Y,항공안전기술원_드론정보포털_기업명_사업분야_20240424 (1).csv,,2024-04-24,사업분야 태그만으로 방산업체 지정·군 납품을 판단하지 않음
EVD0090,CMP0149,아소아,방산인접,드론정보포털 안티드론 사업분야,탐색후보,안티드론 사업분야에 수록,Y,항공안전기술원_드론정보포털_기업명_사업분야_20240424 (1).csv,,2024-04-24,사업분야 태그만으로 방산업체 지정·군 납품을 판단하지 않음
EVD0091,CMP0165,에스엠소프트,방산인접,드론정보포털 안티드론 사업분야,탐색후보,안티드론 사업분야에 수록,Y,항공안전기술원_드론정보포털_기업명_사업분야_20240424 (1).csv,,2024-04-24,사업분야 태그만으로 방산업체 지정·군 납품을 판단하지 않음
EVD0092,CMP0168,에어로디제이컨설팅,방산인접,드론정보포털 안티드론 사업분야,탐색후보,안티드론 사업분야에 수록,Y,항공안전기술원_드론정보포털_기업명_사업분야_20240424 (1).csv,,2024-04-24,사업분야 태그만으로 방산업체 지정·군 납품을 판단하지 않음
EVD0093,CMP0174,에이스드론,방산인접,드론정보포털 안티드론 사업분야,탐색후보,안티드론 사업분야에 수록,Y,항공안전기술원_드론정보포털_기업명_사업분야_20240424 (1).csv,,2024-04-24,사업분야 태그만으로 방산업체 지정·군 납품을 판단하지 않음
EVD0094,CMP0175,에이알엑스,방산인접,드론정보포털 안티드론 사업분야,탐색후보,안티드론 사업분야에 수록,Y,항공안전기술원_드론정보포털_기업명_사업분야_20240424 (1).csv,,2024-04-24,사업분야 태그만으로 방산업체 지정·군 납품을 판단하지 않음
EVD0095,CMP0185,엑슬리트엣지,방산인접,드론정보포털 안티드론 사업분야,탐색후보,안티드론 사업분야에 수록,Y,항공안전기술원_드론정보포털_기업명_사업분야_20240424 (1).csv,,2024-04-24,사업분야 태그만으로 방산업체 지정·군 납품을 판단하지 않음
EVD0096,CMP0213,이투비비,방산인접,드론정보포털 안티드론 사업분야,탐색후보,안티드론 사업분야에 수록,Y,항공안전기술원_드론정보포털_기업명_사업분야_20240424 (1).csv,,2024-04-24,사업분야 태그만으로 방산업체 지정·군 납품을 판단하지 않음
EVD0097,CMP0219,제이씨현시스템,방산인접,드론정보포털 안티드론 사업분야,탐색후보,안티드론 사업분야에 수록,Y,항공안전기술원_드론정보포털_기업명_사업분야_20240424 (1).csv,,2024-04-24,사업분야 태그만으로 방산업체 지정·군 납품을 판단하지 않음
EVD0098,CMP0220,제이에스융합인재교육원,방산인접,드론정보포털 안티드론 사업분야,탐색후보,안티드론 사업분야에 수록,Y,항공안전기술원_드론정보포털_기업명_사업분야_20240424 (1).csv,,2024-04-24,사업분야 태그만으로 방산업체 지정·군 납품을 판단하지 않음
EVD0099,CMP0231,케이프로시스템,방산인접,드론정보포털 안티드론 사업분야,탐색후보,안티드론 사업분야에 수록,Y,항공안전기술원_드론정보포털_기업명_사업분야_20240424 (1).csv,,2024-04-24,사업분야 태그만으로 방산업체 지정·군 납품을 판단하지 않음
EVD0100,CMP0243,파이온시스템즈,방산인접,드론정보포털 안티드론 사업분야,탐색후보,안티드론 사업분야에 수록,Y,항공안전기술원_드론정보포털_기업명_사업분야_20240424 (1).csv,,2024-04-24,사업분야 태그만으로 방산업체 지정·군 납품을 판단하지 않음
EVD0101,CMP0245,파인브이티,방산인접,드론정보포털 안티드론 사업분야,탐색후보,안티드론 사업분야에 수록,Y,항공안전기술원_드론정보포털_기업명_사업분야_20240424 (1).csv,,2024-04-24,사업분야 태그만으로 방산업체 지정·군 납품을 판단하지 않음
EVD0102,CMP0254,프리뉴,방산인접,드론정보포털 안티드론 사업분야,탐색후보,안티드론 사업분야에 수록,Y,항공안전기술원_드론정보포털_기업명_사업분야_20240424 (1).csv,,2024-04-24,사업분야 태그만으로 방산업체 지정·군 납품을 판단하지 않음
EVD0103,CMP0257,픽소니어,방산인접,드론정보포털 안티드론 사업분야,탐색후보,안티드론 사업분야에 수록,Y,항공안전기술원_드론정보포털_기업명_사업분야_20240424 (1).csv,,2024-04-24,사업분야 태그만으로 방산업체 지정·군 납품을 판단하지 않음
EVD0104,CMP0258,필라넷,방산인접,드론정보포털 안티드론 사업분야,탐색후보,안티드론 사업분야에 수록,Y,항공안전기술원_드론정보포털_기업명_사업분야_20240424 (1).csv,,2024-04-24,사업분야 태그만으로 방산업체 지정·군 납품을 판단하지 않음
EVD0105,CMP0279,한빛드론,방산인접,드론정보포털 안티드론 사업분야,탐색후보,안티드론 사업분야에 수록,Y,항공안전기술원_드론정보포털_기업명_사업분야_20240424 (1).csv,,2024-04-24,사업분야 태그만으로 방산업체 지정·군 납품을 판단하지 않음
EVD0106,CMP0286,해오름드론항공,방산인접,드론정보포털 안티드론 사업분야,탐색후보,안티드론 사업분야에 수록,Y,항공안전기술원_드론정보포털_기업명_사업분야_20240424 (1).csv,,2024-04-24,사업분야 태그만으로 방산업체 지정·군 납품을 판단하지 않음
