technology_id,technology_category,keywords,defense_use_case,source_status,source_file,source_page,record_type,quality_note
DT01,AI 영상인식·표적 탐지·추적,"객체식별, 사물인식, 표적추적, 영상분석, Edge AI",군집 공격드론·요격드론의 인식과 추적,국방기술개발 과제 진행,국방기술진흥연구소 - KRIT 이슈페이퍼 29호.pdf,"10,14",원문 기반 큐레이션,기술 성숙도·계획 시점은 해당 보고서 작성 당시 평가이며 현재 완료 실적이 아님
DT02,자율비행·군집비행,"군집항법, 군집제어, 협력비행, 경로계획",군집 공격·정찰·요격,"상용 부품·SW 존재, 국방 고도화 과제 진행",국방기술진흥연구소 - KRIT 이슈페이퍼 29호.pdf,"10,13-14",원문 기반 큐레이션,기술 성숙도·계획 시점은 해당 보고서 작성 당시 평가이며 현재 완료 실적이 아님
DT03,항법·위치추정·항재밍,"GNSS, GPS, 영상복합항법, 센서융합, 재밍 탐지·대응",GNSS 음영·재밍 환경의 자율 운용,방산혁신기업 프로젝트 및 로드맵,국방기술진흥연구소 - KRIT 이슈페이퍼 29호.pdf,"10,12,14",원문 기반 큐레이션,기술 성숙도·계획 시점은 해당 보고서 작성 당시 평가이며 현재 완료 실적이 아님
DT04,비행제어·임무컴퓨터·실시간 OS,"FCS, 비행제어컴퓨터, 임무컴퓨터, 분산컴퓨팅, 실시간 OS, GPGPU",자율운항·임무 처리·군집 데이터 처리,단기 기술개발 제안,미래국방_2030 기술전략.pdf,"143-144,284-286",원문 기반 큐레이션,기술 성숙도·계획 시점은 해당 보고서 작성 당시 평가이며 현재 완료 실적이 아님
DT05,EO/IR·SAR·LiDAR 센서,"EO/IR, SAR, LiDAR, 표적획득, 정찰센서",감시·정찰·표적 식별,국방 드론 임무장비 pWBS 및 기술로드맵,미래국방_2030 기술전략.pdf,"142-144,286",원문 기반 큐레이션,기술 성숙도·계획 시점은 해당 보고서 작성 당시 평가이며 현재 완료 실적이 아님
DT06,데이터링크·통신·네트워크,"항공 데이터링크, 지상 데이터링크, RF, SDR, 메시네트워크, 암호통신",드론-지상 통신과 지휘통제 연동,국방 드론 pWBS,미래국방_2030 기술전략.pdf,143-144,원문 기반 큐레이션,기술 성숙도·계획 시점은 해당 보고서 작성 당시 평가이며 현재 완료 실적이 아님
DT07,지상통제·임무통제·지휘통제,"GCS, 비행통제, 임무통제, 영상분석장치, C2",원격 운용·임무 계획·상황 인식,국방 드론 pWBS,미래국방_2030 기술전략.pdf,143-144,원문 기반 큐레이션,기술 성숙도·계획 시점은 해당 보고서 작성 당시 평가이며 현재 완료 실적이 아님
DT08,동력원·배터리·연료전지,"하이브리드, 연료전지, 엔진, 전지, 파워팩",장기체공·고출력 임무,단기·중기 기술개발 제안,미래국방_2030 기술전략.pdf,"24,152-153,247",원문 기반 큐레이션,기술 성숙도·계획 시점은 해당 보고서 작성 당시 평가이며 현재 완료 실적이 아님
DT09,기체·복합재·제조,"복합재, 구조설계, 3D 프린팅, 자가손상탐지, 형상변형",경량화·내구성·대량생산,기술로드맵,미래국방_2030 기술전략.pdf,"24,242",원문 기반 큐레이션,기술 성숙도·계획 시점은 해당 보고서 작성 당시 평가이며 현재 완료 실적이 아님
DT10,안티드론·전자전·재밍·스푸핑,"C-UAS, 재밍, 스푸핑, 탐지·식별, 전자전",적 드론 탐지·무력화,"현재 재밍 중심, 항재밍 드론 대응 한계 지적",국방기술진흥연구소 - KRIT 이슈페이퍼 29호.pdf,11-12,원문 기반 큐레이션,기술 성숙도·계획 시점은 해당 보고서 작성 당시 평가이며 현재 완료 실적이 아님
DT11,요격·고출력 레이저·전자기파,"요격드론, 하드킬, 고출력 레이저, HPM, 전자기펄스",군집 공격드론의 경제적 방어,"직충돌형·진공소자형 과제 진행, 반도체형 공백 지적",국방기술진흥연구소 - KRIT 이슈페이퍼 29호.pdf,"11,13-15",원문 기반 큐레이션,기술 성숙도·계획 시점은 해당 보고서 작성 당시 평가이며 현재 완료 실적이 아님
DT12,AI 지휘결심·상황인식,"AI 지휘결심, 전장상황 분석, 의사결정지원, 데이터융합",지능형 지휘통제·결심,정책·전략 제안,국방기술진흥연구소 - KRIT 이슈페이퍼 29호.pdf,"4-5,15-17",원문 기반 큐레이션,기술 성숙도·계획 시점은 해당 보고서 작성 당시 평가이며 현재 완료 실적이 아님
