record_id,technology_id,technology_category,record_type,quality_note,source_dataset,source_row,record_json
8453eef1570dc93294879317,DT01,AI 영상인식·표적 탐지·추적,원문 기반 큐레이션,기술 성숙도·계획 시점은 해당 보고서 작성 당시 평가이며 현재 완료 실적이 아님,defense_technology_master,2,"{""technology_id"":""DT01"",""technology_category"":""AI 영상인식·표적 탐지·추적"",""keywords"":""객체식별, 사물인식, 표적추적, 영상분석, Edge AI"",""defense_use_case"":""군집 공격드론·요격드론의 인식과 추적"",""source_status"":""국방기술개발 과제 진행"",""source_file"":""국방기술진흥연구소 - KRIT 이슈페이퍼 29호.pdf"",""source_page"":""10,14"",""record_type"":""원문 기반 큐레이션"",""quality_note"":""기술 성숙도·계획 시점은 해당 보고서 작성 당시 평가이며 현재 완료 실적이 아님""}"
4364935c501932014c4ac0e3,DT02,자율비행·군집비행,원문 기반 큐레이션,기술 성숙도·계획 시점은 해당 보고서 작성 당시 평가이며 현재 완료 실적이 아님,defense_technology_master,3,"{""technology_id"":""DT02"",""technology_category"":""자율비행·군집비행"",""keywords"":""군집항법, 군집제어, 협력비행, 경로계획"",""defense_use_case"":""군집 공격·정찰·요격"",""source_status"":""상용 부품·SW 존재, 국방 고도화 과제 진행"",""source_file"":""국방기술진흥연구소 - KRIT 이슈페이퍼 29호.pdf"",""source_page"":""10,13-14"",""record_type"":""원문 기반 큐레이션"",""quality_note"":""기술 성숙도·계획 시점은 해당 보고서 작성 당시 평가이며 현재 완료 실적이 아님""}"
ac644d6eba09de510d77335c,DT03,항법·위치추정·항재밍,원문 기반 큐레이션,기술 성숙도·계획 시점은 해당 보고서 작성 당시 평가이며 현재 완료 실적이 아님,defense_technology_master,4,"{""technology_id"":""DT03"",""technology_category"":""항법·위치추정·항재밍"",""keywords"":""GNSS, GPS, 영상복합항법, 센서융합, 재밍 탐지·대응"",""defense_use_case"":""GNSS 음영·재밍 환경의 자율 운용"",""source_status"":""방산혁신기업 프로젝트 및 로드맵"",""source_file"":""국방기술진흥연구소 - KRIT 이슈페이퍼 29호.pdf"",""source_page"":""10,12,14"",""record_type"":""원문 기반 큐레이션"",""quality_note"":""기술 성숙도·계획 시점은 해당 보고서 작성 당시 평가이며 현재 완료 실적이 아님""}"
320f73bf4cba9ddfc4b2e53b,DT04,비행제어·임무컴퓨터·실시간 OS,원문 기반 큐레이션,기술 성숙도·계획 시점은 해당 보고서 작성 당시 평가이며 현재 완료 실적이 아님,defense_technology_master,5,"{""technology_id"":""DT04"",""technology_category"":""비행제어·임무컴퓨터·실시간 OS"",""keywords"":""FCS, 비행제어컴퓨터, 임무컴퓨터, 분산컴퓨팅, 실시간 OS, GPGPU"",""defense_use_case"":""자율운항·임무 처리·군집 데이터 처리"",""source_status"":""단기 기술개발 제안"",""source_file"":""미래국방_2030 기술전략.pdf"",""source_page"":""143-144,284-286"",""record_type"":""원문 기반 큐레이션"",""quality_note"":""기술 성숙도·계획 시점은 해당 보고서 작성 당시 평가이며 현재 완료 실적이 아님""}"
d413c58671d51483479c6ecf,DT05,EO/IR·SAR·LiDAR 센서,원문 기반 큐레이션,기술 성숙도·계획 시점은 해당 보고서 작성 당시 평가이며 현재 완료 실적이 아님,defense_technology_master,6,"{""technology_id"":""DT05"",""technology_category"":""EO/IR·SAR·LiDAR 센서"",""keywords"":""EO/IR, SAR, LiDAR, 표적획득, 정찰센서"",""defense_use_case"":""감시·정찰·표적 식별"",""source_status"":""국방 드론 임무장비 pWBS 및 기술로드맵"",""source_file"":""미래국방_2030 기술전략.pdf"",""source_page"":""142-144,286"",""record_type"":""원문 기반 큐레이션"",""quality_note"":""기술 성숙도·계획 시점은 해당 보고서 작성 당시 평가이며 현재 완료 실적이 아님""}"
7ceebb52792e4a0c1e9c0bb3,DT06,데이터링크·통신·네트워크,원문 기반 큐레이션,기술 성숙도·계획 시점은 해당 보고서 작성 당시 평가이며 현재 완료 실적이 아님,defense_technology_master,7,"{""technology_id"":""DT06"",""technology_category"":""데이터링크·통신·네트워크"",""keywords"":""항공 데이터링크, 지상 데이터링크, RF, SDR, 메시네트워크, 암호통신"",""defense_use_case"":""드론-지상 통신과 지휘통제 연동"",""source_status"":""국방 드론 pWBS"",""source_file"":""미래국방_2030 기술전략.pdf"",""source_page"":""143-144"",""record_type"":""원문 기반 큐레이션"",""quality_note"":""기술 성숙도·계획 시점은 해당 보고서 작성 당시 평가이며 현재 완료 실적이 아님""}"
f416c6147662498172479d24,DT07,지상통제·임무통제·지휘통제,원문 기반 큐레이션,기술 성숙도·계획 시점은 해당 보고서 작성 당시 평가이며 현재 완료 실적이 아님,defense_technology_master,8,"{""technology_id"":""DT07"",""technology_category"":""지상통제·임무통제·지휘통제"",""keywords"":""GCS, 비행통제, 임무통제, 영상분석장치, C2"",""defense_use_case"":""원격 운용·임무 계획·상황 인식"",""source_status"":""국방 드론 pWBS"",""source_file"":""미래국방_2030 기술전략.pdf"",""source_page"":""143-144"",""record_type"":""원문 기반 큐레이션"",""quality_note"":""기술 성숙도·계획 시점은 해당 보고서 작성 당시 평가이며 현재 완료 실적이 아님""}"
9c3f5b24c17c051b8af5b940,DT08,동력원·배터리·연료전지,원문 기반 큐레이션,기술 성숙도·계획 시점은 해당 보고서 작성 당시 평가이며 현재 완료 실적이 아님,defense_technology_master,9,"{""technology_id"":""DT08"",""technology_category"":""동력원·배터리·연료전지"",""keywords"":""하이브리드, 연료전지, 엔진, 전지, 파워팩"",""defense_use_case"":""장기체공·고출력 임무"",""source_status"":""단기·중기 기술개발 제안"",""source_file"":""미래국방_2030 기술전략.pdf"",""source_page"":""24,152-153,247"",""record_type"":""원문 기반 큐레이션"",""quality_note"":""기술 성숙도·계획 시점은 해당 보고서 작성 당시 평가이며 현재 완료 실적이 아님""}"
4182d7a6f7f74f3744e05452,DT09,기체·복합재·제조,원문 기반 큐레이션,기술 성숙도·계획 시점은 해당 보고서 작성 당시 평가이며 현재 완료 실적이 아님,defense_technology_master,10,"{""technology_id"":""DT09"",""technology_category"":""기체·복합재·제조"",""keywords"":""복합재, 구조설계, 3D 프린팅, 자가손상탐지, 형상변형"",""defense_use_case"":""경량화·내구성·대량생산"",""source_status"":""기술로드맵"",""source_file"":""미래국방_2030 기술전략.pdf"",""source_page"":""24,242"",""record_type"":""원문 기반 큐레이션"",""quality_note"":""기술 성숙도·계획 시점은 해당 보고서 작성 당시 평가이며 현재 완료 실적이 아님""}"
4441d1232d9f598d9780a1cb,DT10,안티드론·전자전·재밍·스푸핑,원문 기반 큐레이션,기술 성숙도·계획 시점은 해당 보고서 작성 당시 평가이며 현재 완료 실적이 아님,defense_technology_master,11,"{""technology_id"":""DT10"",""technology_category"":""안티드론·전자전·재밍·스푸핑"",""keywords"":""C-UAS, 재밍, 스푸핑, 탐지·식별, 전자전"",""defense_use_case"":""적 드론 탐지·무력화"",""source_status"":""현재 재밍 중심, 항재밍 드론 대응 한계 지적"",""source_file"":""국방기술진흥연구소 - KRIT 이슈페이퍼 29호.pdf"",""source_page"":""11-12"",""record_type"":""원문 기반 큐레이션"",""quality_note"":""기술 성숙도·계획 시점은 해당 보고서 작성 당시 평가이며 현재 완료 실적이 아님""}"
6cfb5d163f5ac7a29734c982,DT11,요격·고출력 레이저·전자기파,원문 기반 큐레이션,기술 성숙도·계획 시점은 해당 보고서 작성 당시 평가이며 현재 완료 실적이 아님,defense_technology_master,12,"{""technology_id"":""DT11"",""technology_category"":""요격·고출력 레이저·전자기파"",""keywords"":""요격드론, 하드킬, 고출력 레이저, HPM, 전자기펄스"",""defense_use_case"":""군집 공격드론의 경제적 방어"",""source_status"":""직충돌형·진공소자형 과제 진행, 반도체형 공백 지적"",""source_file"":""국방기술진흥연구소 - KRIT 이슈페이퍼 29호.pdf"",""source_page"":""11,13-15"",""record_type"":""원문 기반 큐레이션"",""quality_note"":""기술 성숙도·계획 시점은 해당 보고서 작성 당시 평가이며 현재 완료 실적이 아님""}"
30cf19d3ba05b169802472a2,DT12,AI 지휘결심·상황인식,원문 기반 큐레이션,기술 성숙도·계획 시점은 해당 보고서 작성 당시 평가이며 현재 완료 실적이 아님,defense_technology_master,13,"{""technology_id"":""DT12"",""technology_category"":""AI 지휘결심·상황인식"",""keywords"":""AI 지휘결심, 전장상황 분석, 의사결정지원, 데이터융합"",""defense_use_case"":""지능형 지휘통제·결심"",""source_status"":""정책·전략 제안"",""source_file"":""국방기술진흥연구소 - KRIT 이슈페이퍼 29호.pdf"",""source_page"":""4-5,15-17"",""record_type"":""원문 기반 큐레이션"",""quality_note"":""기술 성숙도·계획 시점은 해당 보고서 작성 당시 평가이며 현재 완료 실적이 아님""}"
