company_name_raw,company_name_normalized,business_categories_raw,company_id,source_file,as_of_date,coverage_note
(사)한국드론활용협회,한국드론활용협회,감시.정찰.수색/인프라관리/통합솔루션,CMP0267,항공안전기술원_드론정보포털_기업명_사업분야_20240424 (1).csv,2024-04-24,드론정보포털 수록 240개사 디렉터리이며 국내 전체 드론 사업체가 아님
(유)서해항공방제,서해항공방제,방역/방제/살포/방송·공연/임무장비,CMP0124,항공안전기술원_드론정보포털_기업명_사업분야_20240424 (1).csv,2024-04-24,드론정보포털 수록 240개사 디렉터리이며 국내 전체 드론 사업체가 아님
(주) 규림,규림,방역/방제/살포/취미·교육/기타,CMP0019,항공안전기술원_드론정보포털_기업명_사업분야_20240424 (1).csv,2024-04-24,드론정보포털 수록 240개사 디렉터리이며 국내 전체 드론 사업체가 아님
(주) 테이슨,테이슨,감시.정찰.수색/인프라관리/통합솔루션/앱,CMP0240,항공안전기술원_드론정보포털_기업명_사업분야_20240424 (1).csv,2024-04-24,드론정보포털 수록 240개사 디렉터리이며 국내 전체 드론 사업체가 아님
(주) 한컴아카데미,한컴아카데미,감시.정찰.수색/인프라관리/물류·운송·구조/공간정보/특수촬영/방역/방제/살포/환경측량/다목적 H/W/방송·공연/취미·교육/드론스테이션/임무장비/모듈/지상통제장비/통합솔루션/앱,CMP0281,항공안전기술원_드론정보포털_기업명_사업분야_20240424 (1).csv,2024-04-24,드론정보포털 수록 240개사 디렉터리이며 국내 전체 드론 사업체가 아님
(주)가이온,가이온,감시.정찰.수색/인프라관리/물류·운송·구조/공간정보/특수촬영/방역/방제/살포/다목적 H/W/임무장비/모듈/지상통제장비/통합솔루션,CMP0006,항공안전기술원_드론정보포털_기업명_사업분야_20240424 (1).csv,2024-04-24,드론정보포털 수록 240개사 디렉터리이며 국내 전체 드론 사업체가 아님
(주)군집텍,군집텍,감시.정찰.수색/인프라관리/물류·운송·구조/공간정보/특수촬영/방역/방제/살포/환경측량/다목적 H/W/방송·공연/취미·교육/드론스테이션/임무장비/지상통제장비/통합솔루션,CMP0018,항공안전기술원_드론정보포털_기업명_사업분야_20240424 (1).csv,2024-04-24,드론정보포털 수록 240개사 디렉터리이며 국내 전체 드론 사업체가 아님
(주)다츠,다츠,지상통제장비/통합솔루션/감시.정찰.수색/인프라관리/물류·운송·구조/다목적 H/W/임무장비,CMP0040,항공안전기술원_드론정보포털_기업명_사업분야_20240424 (1).csv,2024-04-24,드론정보포털 수록 240개사 디렉터리이며 국내 전체 드론 사업체가 아님
(주)드론아카데미,드론아카데미,감시.정찰.수색/인프라관리/물류·운송·구조/공간정보/특수촬영/방송·공연/취미·교육/임무장비,CMP0069,항공안전기술원_드론정보포털_기업명_사업분야_20240424 (1).csv,2024-04-24,드론정보포털 수록 240개사 디렉터리이며 국내 전체 드론 사업체가 아님
(주)디알원,디알원,방역/방제/살포/다목적 H/W/임무장비,CMP0080,항공안전기술원_드론정보포털_기업명_사업분야_20240424 (1).csv,2024-04-24,드론정보포털 수록 240개사 디렉터리이며 국내 전체 드론 사업체가 아님
(주)띄움스토리,띄움스토리,감시.정찰.수색/인프라관리/물류·운송·구조/공간정보/특수촬영/방역/방제/살포/방송·공연/취미·교육,CMP0086,항공안전기술원_드론정보포털_기업명_사업분야_20240424 (1).csv,2024-04-24,드론정보포털 수록 240개사 디렉터리이며 국내 전체 드론 사업체가 아님
(주)리얼테크,리얼테크,공간정보/특수촬영/취미·교육/임무장비,CMP0091,항공안전기술원_드론정보포털_기업명_사업분야_20240424 (1).csv,2024-04-24,드론정보포털 수록 240개사 디렉터리이며 국내 전체 드론 사업체가 아님
(주)모빌리티원,모빌리티원,감시.정찰.수색/인프라관리/물류·운송·구조/방역/방제/살포/환경측량/드론스테이션/임무장비/지상통제장비/통합솔루션/앱,CMP0099,항공안전기술원_드론정보포털_기업명_사업분야_20240424 (1).csv,2024-04-24,드론정보포털 수록 240개사 디렉터리이며 국내 전체 드론 사업체가 아님
(주)보라스카이,보라스카이,감시.정찰.수색/인프라관리/물류·운송·구조/공간정보/특수촬영/환경측량/다목적 H/W/모듈/통합솔루션,CMP0108,항공안전기술원_드론정보포털_기업명_사업분야_20240424 (1).csv,2024-04-24,드론정보포털 수록 240개사 디렉터리이며 국내 전체 드론 사업체가 아님
(주)보헤미안오에스,보헤미안오에스,감시.정찰.수색/인프라관리/물류·운송·구조/통합솔루션/앱/기타,CMP0109,항공안전기술원_드론정보포털_기업명_사업분야_20240424 (1).csv,2024-04-24,드론정보포털 수록 240개사 디렉터리이며 국내 전체 드론 사업체가 아님
(주)볼로랜드,볼로랜드,감시.정찰.수색/인프라관리/물류·운송·구조/공간정보/특수촬영/다목적 H/W/드론스테이션/임무장비/모듈/지상통제장비/통합솔루션,CMP0110,항공안전기술원_드론정보포털_기업명_사업분야_20240424 (1).csv,2024-04-24,드론정보포털 수록 240개사 디렉터리이며 국내 전체 드론 사업체가 아님
(주)솔더,솔더,감시.정찰.수색/인프라관리/물류·운송·구조/방역/방제/살포/다목적 H/W/임무장비,CMP0130,항공안전기술원_드론정보포털_기업명_사업분야_20240424 (1).csv,2024-04-24,드론정보포털 수록 240개사 디렉터리이며 국내 전체 드론 사업체가 아님
(주)솔빛,솔빛,감시.정찰.수색/인프라관리/물류·운송·구조/방역/방제/살포/임무장비,CMP0132,항공안전기술원_드론정보포털_기업명_사업분야_20240424 (1).csv,2024-04-24,드론정보포털 수록 240개사 디렉터리이며 국내 전체 드론 사업체가 아님
(주)스마티,스마티,감시.정찰.수색/인프라관리/물류·운송·구조/드론스테이션/모듈,CMP0136,항공안전기술원_드론정보포털_기업명_사업분야_20240424 (1).csv,2024-04-24,드론정보포털 수록 240개사 디렉터리이며 국내 전체 드론 사업체가 아님
(주)아이엔,아이엔,물류·운송·구조/방역/방제/살포/환경측량/취미·교육/드론스테이션,CMP0153,항공안전기술원_드론정보포털_기업명_사업분야_20240424 (1).csv,2024-04-24,드론정보포털 수록 240개사 디렉터리이며 국내 전체 드론 사업체가 아님
(주)에스엠소프트,에스엠소프트,감시.정찰.수색/인프라관리/물류·운송·구조/공간정보/특수촬영/방역/방제/살포/환경측량/다목적 H/W/취미·교육/드론스테이션/안티드론/임무장비/모듈/지상통제장비/통합솔루션/앱,CMP0165,항공안전기술원_드론정보포털_기업명_사업분야_20240424 (1).csv,2024-04-24,드론정보포털 수록 240개사 디렉터리이며 국내 전체 드론 사업체가 아님
(주)에어로디제이컨설팅,에어로디제이컨설팅,감시.정찰.수색/인프라관리/물류·운송·구조/다목적 H/W/안티드론/지상통제장비/기타,CMP0168,항공안전기술원_드론정보포털_기업명_사업분야_20240424 (1).csv,2024-04-24,드론정보포털 수록 240개사 디렉터리이며 국내 전체 드론 사업체가 아님
(주)이노스카이,이노스카이,기타,CMP0208,항공안전기술원_드론정보포털_기업명_사업분야_20240424 (1).csv,2024-04-24,드론정보포털 수록 240개사 디렉터리이며 국내 전체 드론 사업체가 아님
(주)이투비비,이투비비,안티드론,CMP0213,항공안전기술원_드론정보포털_기업명_사업분야_20240424 (1).csv,2024-04-24,드론정보포털 수록 240개사 디렉터리이며 국내 전체 드론 사업체가 아님
(주)인투스카이,인투스카이,감시.정찰.수색/인프라관리/물류·운송·구조/공간정보/특수촬영/방역/방제/살포/다목적 H/W/취미·교육/임무장비/모듈/지상통제장비/통합솔루션/앱,CMP0216,항공안전기술원_드론정보포털_기업명_사업분야_20240424 (1).csv,2024-04-24,드론정보포털 수록 240개사 디렉터리이며 국내 전체 드론 사업체가 아님
(주)제이와이시스템,제이와이시스템,감시.정찰.수색/인프라관리/공간정보/특수촬영/환경측량/임무장비,CMP0221,항공안전기술원_드론정보포털_기업명_사업분야_20240424 (1).csv,2024-04-24,드론정보포털 수록 240개사 디렉터리이며 국내 전체 드론 사업체가 아님
(주)코세코,코세코,감시.정찰.수색/인프라관리/공간정보/특수촬영/환경측량/드론스테이션/임무장비/통합솔루션/기타,CMP0235,항공안전기술원_드론정보포털_기업명_사업분야_20240424 (1).csv,2024-04-24,드론정보포털 수록 240개사 디렉터리이며 국내 전체 드론 사업체가 아님
(주)플라이존드론교육원,플라이존드론교육원,취미·교육,CMP0255,항공안전기술원_드론정보포털_기업명_사업분야_20240424 (1).csv,2024-04-24,드론정보포털 수록 240개사 디렉터리이며 국내 전체 드론 사업체가 아님
(주)픽소니어,픽소니어,감시.정찰.수색/인프라관리/공간정보/특수촬영/환경측량/드론스테이션/안티드론/임무장비/지상통제장비/통합솔루션,CMP0257,항공안전기술원_드론정보포털_기업명_사업분야_20240424 (1).csv,2024-04-24,드론정보포털 수록 240개사 디렉터리이며 국내 전체 드론 사업체가 아님
(주)한국드론센터,한국드론센터,감시.정찰.수색/인프라관리/물류·운송·구조/공간정보/특수촬영/방역/방제/살포/환경측량/다목적 H/W/취미·교육,CMP0266,항공안전기술원_드론정보포털_기업명_사업분야_20240424 (1).csv,2024-04-24,드론정보포털 수록 240개사 디렉터리이며 국내 전체 드론 사업체가 아님
(주)한국헬리콥터,한국헬리콥터,감시.정찰.수색/인프라관리/물류·운송·구조/방역/방제/살포/다목적 H/W/임무장비/지상통제장비/통합솔루션/앱,CMP0278,항공안전기술원_드론정보포털_기업명_사업분야_20240424 (1).csv,2024-04-24,드론정보포털 수록 240개사 디렉터리이며 국내 전체 드론 사업체가 아님
(주)해오름드론항공,해오름드론항공,감시.정찰.수색/인프라관리/물류·운송·구조/공간정보/특수촬영/방역/방제/살포/환경측량/다목적 H/W/방송·공연/취미·교육/드론스테이션/안티드론/임무장비/모듈/지상통제장비/통합솔루션/앱/기타,CMP0286,항공안전기술원_드론정보포털_기업명_사업분야_20240424 (1).csv,2024-04-24,드론정보포털 수록 240개사 디렉터리이며 국내 전체 드론 사업체가 아님
(협)한국드론진흥원,(협)한국드론진흥원,감시.정찰.수색/인프라관리/공간정보/특수촬영/방역/방제/살포/방송·공연/취미·교육/임무장비,CMP0293,항공안전기술원_드론정보포털_기업명_사업분야_20240424 (1).csv,2024-04-24,드론정보포털 수록 240개사 디렉터리이며 국내 전체 드론 사업체가 아님
4S Mapper,4S Mapper,공간정보/특수촬영/환경측량/다목적 H/W/모듈/지상통제장비/통합솔루션,CMP0001,항공안전기술원_드론정보포털_기업명_사업분야_20240424 (1).csv,2024-04-24,드론정보포털 수록 240개사 디렉터리이며 국내 전체 드론 사업체가 아님
LIG넥스원,LIG넥스원,감시.정찰.수색/인프라관리,CMP0002,항공안전기술원_드론정보포털_기업명_사업분야_20240424 (1).csv,2024-04-24,드론정보포털 수록 240개사 디렉터리이며 국내 전체 드론 사업체가 아님
강남무인항공,강남무인항공,방역/방제/살포/취미·교육/기타,CMP0007,항공안전기술원_드론정보포털_기업명_사업분야_20240424 (1).csv,2024-04-24,드론정보포털 수록 240개사 디렉터리이며 국내 전체 드론 사업체가 아님
건국대학교 산학협력단,건국대학교 산학협력단,앱/기타,CMP0008,항공안전기술원_드론정보포털_기업명_사업분야_20240424 (1).csv,2024-04-24,드론정보포털 수록 240개사 디렉터리이며 국내 전체 드론 사업체가 아님
고양드론앵커센터,고양드론앵커센터,취미·교육/기타,CMP0013,항공안전기술원_드론정보포털_기업명_사업분야_20240424 (1).csv,2024-04-24,드론정보포털 수록 240개사 디렉터리이며 국내 전체 드론 사업체가 아님
공간정보,공간정보,감시.정찰.수색/인프라관리/물류·운송·구조,CMP0014,항공안전기술원_드론정보포털_기업명_사업분야_20240424 (1).csv,2024-04-24,드론정보포털 수록 240개사 디렉터리이며 국내 전체 드론 사업체가 아님
국제드론표준산업협회,국제드론표준산업협회,감시.정찰.수색/인프라관리/물류·운송·구조/취미·교육/통합솔루션/기타,CMP0016,항공안전기술원_드론정보포털_기업명_사업분야_20240424 (1).csv,2024-04-24,드론정보포털 수록 240개사 디렉터리이며 국내 전체 드론 사업체가 아님
국토드론센터,국토드론센터,감시.정찰.수색/인프라관리/물류·운송·구조/공간정보/특수촬영/방역/방제/살포/방송·공연/취미·교육,CMP0017,항공안전기술원_드론정보포털_기업명_사업분야_20240424 (1).csv,2024-04-24,드론정보포털 수록 240개사 디렉터리이며 국내 전체 드론 사업체가 아님
그리폰다이나믹스,그리폰다이나믹스,감시.정찰.수색/인프라관리/물류·운송·구조/공간정보/특수촬영/환경측량,CMP0020,항공안전기술원_드론정보포털_기업명_사업분야_20240424 (1).csv,2024-04-24,드론정보포털 수록 240개사 디렉터리이며 국내 전체 드론 사업체가 아님
나라항공기술,나라항공기술,방역/방제/살포,CMP0024,항공안전기술원_드론정보포털_기업명_사업분야_20240424 (1).csv,2024-04-24,드론정보포털 수록 240개사 디렉터리이며 국내 전체 드론 사업체가 아님
나래기술,나래기술,드론스테이션/다목적 H/W/취미·교육/임무장비/모듈/지상통제장비/통합솔루션/기타,CMP0025,항공안전기술원_드론정보포털_기업명_사업분야_20240424 (1).csv,2024-04-24,드론정보포털 수록 240개사 디렉터리이며 국내 전체 드론 사업체가 아님
나르마,나르마,물류·운송·구조,CMP0026,항공안전기술원_드론정보포털_기업명_사업분야_20240424 (1).csv,2024-04-24,드론정보포털 수록 240개사 디렉터리이며 국내 전체 드론 사업체가 아님
남양주드론항공센터,남양주드론항공센터,방역/방제/살포/취미·교육,CMP0028,항공안전기술원_드론정보포털_기업명_사업분야_20240424 (1).csv,2024-04-24,드론정보포털 수록 240개사 디렉터리이며 국내 전체 드론 사업체가 아님
네스앤텍,네스앤텍,감시.정찰.수색/인프라관리/드론스테이션/임무장비/모듈/통합솔루션,CMP0029,항공안전기술원_드론정보포털_기업명_사업분야_20240424 (1).csv,2024-04-24,드론정보포털 수록 240개사 디렉터리이며 국내 전체 드론 사업체가 아님
네오와인,네오와인,모듈,CMP0030,항공안전기술원_드론정보포털_기업명_사업분야_20240424 (1).csv,2024-04-24,드론정보포털 수록 240개사 디렉터리이며 국내 전체 드론 사업체가 아님
네온테크,네온테크,감시.정찰.수색/인프라관리/물류·운송·구조/공간정보/특수촬영,CMP0031,항공안전기술원_드론정보포털_기업명_사업분야_20240424 (1).csv,2024-04-24,드론정보포털 수록 240개사 디렉터리이며 국내 전체 드론 사업체가 아님
넥스컴스,넥스컴스,감시.정찰.수색/인프라관리,CMP0032,항공안전기술원_드론정보포털_기업명_사업분야_20240424 (1).csv,2024-04-24,드론정보포털 수록 240개사 디렉터리이며 국내 전체 드론 사업체가 아님
노타,노타,감시.정찰.수색/인프라관리/통합솔루션,CMP0033,항공안전기술원_드론정보포털_기업명_사업분야_20240424 (1).csv,2024-04-24,드론정보포털 수록 240개사 디렉터리이며 국내 전체 드론 사업체가 아님
농업회사법인 주식회사 금산,농업회사법인 주식회사 금산,감시.정찰.수색/인프라관리/물류·운송·구조/공간정보/특수촬영/방역/방제/살포/환경측량/다목적 H/W/드론스테이션/임무장비/지상통제장비/통합솔루션/앱,CMP0034,항공안전기술원_드론정보포털_기업명_사업분야_20240424 (1).csv,2024-04-24,드론정보포털 수록 240개사 디렉터리이며 국내 전체 드론 사업체가 아님
니어스랩,니어스랩,감시.정찰.수색/인프라관리,CMP0037,항공안전기술원_드론정보포털_기업명_사업분야_20240424 (1).csv,2024-04-24,드론정보포털 수록 240개사 디렉터리이며 국내 전체 드론 사업체가 아님
다산항공드론교육원,다산항공드론교육원,기타/감시.정찰.수색/인프라관리/공간정보/특수촬영/방역/방제/살포/방송·공연/취미·교육,CMP0038,항공안전기술원_드론정보포털_기업명_사업분야_20240424 (1).csv,2024-04-24,드론정보포털 수록 240개사 디렉터리이며 국내 전체 드론 사업체가 아님
단트넷,단트넷,감시.정찰.수색/인프라관리/취미·교육,CMP0041,항공안전기술원_드론정보포털_기업명_사업분야_20240424 (1).csv,2024-04-24,드론정보포털 수록 240개사 디렉터리이며 국내 전체 드론 사업체가 아님
대영드론솔루션(주),대영드론솔루션(주),공간정보/특수촬영/취미·교육/임무장비/통합솔루션,CMP0044,항공안전기술원_드론정보포털_기업명_사업분야_20240424 (1).csv,2024-04-24,드론정보포털 수록 240개사 디렉터리이며 국내 전체 드론 사업체가 아님
대한항공,대한항공,감시.정찰.수색/인프라관리,CMP0049,항공안전기술원_드론정보포털_기업명_사업분야_20240424 (1).csv,2024-04-24,드론정보포털 수록 240개사 디렉터리이며 국내 전체 드론 사업체가 아님
더 드론,더 드론,감시.정찰.수색/인프라관리/물류·운송·구조/공간정보/특수촬영/방역/방제/살포/환경측량/방송·공연/취미·교육,CMP0051,항공안전기술원_드론정보포털_기업명_사업분야_20240424 (1).csv,2024-04-24,드론정보포털 수록 240개사 디렉터리이며 국내 전체 드론 사업체가 아님
더피치,더피치,다목적 H/W/모듈/통합솔루션/앱,CMP0052,항공안전기술원_드론정보포털_기업명_사업분야_20240424 (1).csv,2024-04-24,드론정보포털 수록 240개사 디렉터리이며 국내 전체 드론 사업체가 아님
동부엔지니어링(주),동부엔지니어링(주),환경측량/공간정보/특수촬영,CMP0055,항공안전기술원_드론정보포털_기업명_사업분야_20240424 (1).csv,2024-04-24,드론정보포털 수록 240개사 디렉터리이며 국내 전체 드론 사업체가 아님
두드론,두드론,드론스테이션,CMP0056,항공안전기술원_드론정보포털_기업명_사업분야_20240424 (1).csv,2024-04-24,드론정보포털 수록 240개사 디렉터리이며 국내 전체 드론 사업체가 아님
두산모빌리티이노베이션,두산모빌리티이노베이션,감시.정찰.수색/인프라관리/물류·운송·구조,CMP0057,항공안전기술원_드론정보포털_기업명_사업분야_20240424 (1).csv,2024-04-24,드론정보포털 수록 240개사 디렉터리이며 국내 전체 드론 사업체가 아님
두시텍,두시텍,감시.정찰.수색/인프라관리/공간정보/특수촬영,CMP0058,항공안전기술원_드론정보포털_기업명_사업분야_20240424 (1).csv,2024-04-24,드론정보포털 수록 240개사 디렉터리이며 국내 전체 드론 사업체가 아님
두타기술,두타기술,안티드론,CMP0059,항공안전기술원_드론정보포털_기업명_사업분야_20240424 (1).csv,2024-04-24,드론정보포털 수록 240개사 디렉터리이며 국내 전체 드론 사업체가 아님
드론- 디디에이(DRONE DDA),드론- 디디에이(DRONE DDA),취미·교육/공간정보/특수촬영/방역/방제/살포/환경측량/임무장비,CMP0062,항공안전기술원_드론정보포털_기업명_사업분야_20240424 (1).csv,2024-04-24,드론정보포털 수록 240개사 디렉터리이며 국내 전체 드론 사업체가 아님
드론매거진,드론매거진,방송·공연/기타,CMP0063,항공안전기술원_드론정보포털_기업명_사업분야_20240424 (1).csv,2024-04-24,드론정보포털 수록 240개사 디렉터리이며 국내 전체 드론 사업체가 아님
드론메이커,드론메이커,앱/기타,CMP0064,항공안전기술원_드론정보포털_기업명_사업분야_20240424 (1).csv,2024-04-24,드론정보포털 수록 240개사 디렉터리이며 국내 전체 드론 사업체가 아님
드론메이커스항공(주),드론메이커스항공(주),감시.정찰.수색/인프라관리/물류·운송·구조/공간정보/특수촬영/환경측량/다목적 H/W/방송·공연/취미·교육/드론스테이션/임무장비/모듈,CMP0065,항공안전기술원_드론정보포털_기업명_사업분야_20240424 (1).csv,2024-04-24,드론정보포털 수록 240개사 디렉터리이며 국내 전체 드론 사업체가 아님
드론미디어,드론미디어,방송·공연,CMP0066,항공안전기술원_드론정보포털_기업명_사업분야_20240424 (1).csv,2024-04-24,드론정보포털 수록 240개사 디렉터리이며 국내 전체 드론 사업체가 아님
드론버스,드론버스,물류·운송·구조,CMP0067,항공안전기술원_드론정보포털_기업명_사업분야_20240424 (1).csv,2024-04-24,드론정보포털 수록 240개사 디렉터리이며 국내 전체 드론 사업체가 아님
드론스퀘어,드론스퀘어,감시.정찰.수색/인프라관리/물류·운송·구조/공간정보/특수촬영/환경측량/다목적 H/W/취미·교육/드론스테이션/모듈/통합솔루션,CMP0068,항공안전기술원_드론정보포털_기업명_사업분야_20240424 (1).csv,2024-04-24,드론정보포털 수록 240개사 디렉터리이며 국내 전체 드론 사업체가 아님
드론안전기술,드론안전기술,감시.정찰.수색/인프라관리/공간정보/특수촬영/방역/방제/살포/환경측량,CMP0070,항공안전기술원_드론정보포털_기업명_사업분야_20240424 (1).csv,2024-04-24,드론정보포털 수록 240개사 디렉터리이며 국내 전체 드론 사업체가 아님
드론월드,드론월드,통합솔루션/감시.정찰.수색/인프라관리/물류·운송·구조/공간정보/특수촬영/방역/방제/살포/취미·교육/임무장비,CMP0071,항공안전기술원_드론정보포털_기업명_사업분야_20240424 (1).csv,2024-04-24,드론정보포털 수록 240개사 디렉터리이며 국내 전체 드론 사업체가 아님
드론테크,드론테크,감시.정찰.수색/인프라관리/물류·운송·구조/공간정보/특수촬영/다목적 H/W/방송·공연/취미·교육/임무장비/감시.정찰.수색/인프라관리/물류·운송·구조/방역/방제/살포/다목적 H/W/취미·교육/임무장비/모듈,CMP0073,항공안전기술원_드론정보포털_기업명_사업분야_20240424 (1).csv,2024-04-24,드론정보포털 수록 240개사 디렉터리이며 국내 전체 드론 사업체가 아님
드론핏,드론핏,감시.정찰.수색/인프라관리/취미·교육/통합솔루션/앱/기타,CMP0075,항공안전기술원_드론정보포털_기업명_사업분야_20240424 (1).csv,2024-04-24,드론정보포털 수록 240개사 디렉터리이며 국내 전체 드론 사업체가 아님
드림플라잉,드림플라잉,취미·교육,CMP0076,항공안전기술원_드론정보포털_기업명_사업분야_20240424 (1).csv,2024-04-24,드론정보포털 수록 240개사 디렉터리이며 국내 전체 드론 사업체가 아님
디브레인,디브레인,감시.정찰.수색/인프라관리,CMP0077,항공안전기술원_드론정보포털_기업명_사업분야_20240424 (1).csv,2024-04-24,드론정보포털 수록 240개사 디렉터리이며 국내 전체 드론 사업체가 아님
디스이즈엔지니어링,디스이즈엔지니어링,감시.정찰.수색/인프라관리/취미·교육,CMP0078,항공안전기술원_드론정보포털_기업명_사업분야_20240424 (1).csv,2024-04-24,드론정보포털 수록 240개사 디렉터리이며 국내 전체 드론 사업체가 아님
디알메이커시스템,디알메이커시스템,다목적 H/W/취미·교육,CMP0079,항공안전기술원_드론정보포털_기업명_사업분야_20240424 (1).csv,2024-04-24,드론정보포털 수록 240개사 디렉터리이며 국내 전체 드론 사업체가 아님
디에이브이윙스,디에이브이윙스,감시.정찰.수색/인프라관리/물류·운송·구조/공간정보/특수촬영/방역/방제/살포/임무장비,CMP0082,항공안전기술원_드론정보포털_기업명_사업분야_20240424 (1).csv,2024-04-24,드론정보포털 수록 240개사 디렉터리이며 국내 전체 드론 사업체가 아님
딥블루익스플로러,딥블루익스플로러,감시.정찰.수색/인프라관리/공간정보/특수촬영/환경측량/방송·공연/임무장비/통합솔루션/앱/기타,CMP0084,항공안전기술원_드론정보포털_기업명_사업분야_20240424 (1).csv,2024-04-24,드론정보포털 수록 240개사 디렉터리이며 국내 전체 드론 사업체가 아님
마이크로드론코리아,마이크로드론코리아,감시.정찰.수색/인프라관리,CMP0093,항공안전기술원_드론정보포털_기업명_사업분야_20240424 (1).csv,2024-04-24,드론정보포털 수록 240개사 디렉터리이며 국내 전체 드론 사업체가 아님
만물공작소,만물공작소,감시.정찰.수색/인프라관리/방역/방제/살포/드론스테이션,CMP0094,항공안전기술원_드론정보포털_기업명_사업분야_20240424 (1).csv,2024-04-24,드론정보포털 수록 240개사 디렉터리이며 국내 전체 드론 사업체가 아님
메타로보틱스,메타로보틱스,방역/방제/살포,CMP0096,항공안전기술원_드론정보포털_기업명_사업분야_20240424 (1).csv,2024-04-24,드론정보포털 수록 240개사 디렉터리이며 국내 전체 드론 사업체가 아님
메타파스,메타파스,감시.정찰.수색/인프라관리/드론스테이션/모듈,CMP0097,항공안전기술원_드론정보포털_기업명_사업분야_20240424 (1).csv,2024-04-24,드론정보포털 수록 240개사 디렉터리이며 국내 전체 드론 사업체가 아님
모디랩스,모디랩스,감시.정찰.수색/인프라관리/물류·운송·구조/공간정보/특수촬영/방역/방제/살포/모듈,CMP0098,항공안전기술원_드론정보포털_기업명_사업분야_20240424 (1).csv,2024-04-24,드론정보포털 수록 240개사 디렉터리이며 국내 전체 드론 사업체가 아님
모터이엔지(주),모터이엔지(주),모듈/기타,CMP0100,항공안전기술원_드론정보포털_기업명_사업분야_20240424 (1).csv,2024-04-24,드론정보포털 수록 240개사 디렉터리이며 국내 전체 드론 사업체가 아님
몬스터드론,몬스터드론,취미·교육,CMP0101,항공안전기술원_드론정보포털_기업명_사업분야_20240424 (1).csv,2024-04-24,드론정보포털 수록 240개사 디렉터리이며 국내 전체 드론 사업체가 아님
무지개연구소,무지개연구소,모듈/통합솔루션,CMP0102,항공안전기술원_드론정보포털_기업명_사업분야_20240424 (1).csv,2024-04-24,드론정보포털 수록 240개사 디렉터리이며 국내 전체 드론 사업체가 아님
베셀,베셀,감시.정찰.수색/인프라관리/물류·운송·구조/공간정보/특수촬영/방역/방제/살포/환경측량,CMP0105,항공안전기술원_드론정보포털_기업명_사업분야_20240424 (1).csv,2024-04-24,드론정보포털 수록 240개사 디렉터리이며 국내 전체 드론 사업체가 아님
베이리스,베이리스,감시.정찰.수색/인프라관리/물류·운송·구조/환경측량/드론스테이션/지상통제장비/통합솔루션/앱,CMP0106,항공안전기술원_드론정보포털_기업명_사업분야_20240424 (1).csv,2024-04-24,드론정보포털 수록 240개사 디렉터리이며 국내 전체 드론 사업체가 아님
부산드론교육센터,부산드론교육센터,취미·교육,CMP0111,항공안전기술원_드론정보포털_기업명_사업분야_20240424 (1).csv,2024-04-24,드론정보포털 수록 240개사 디렉터리이며 국내 전체 드론 사업체가 아님
부산직업능력교육원,부산직업능력교육원,취미·교육,CMP0112,항공안전기술원_드론정보포털_기업명_사업분야_20240424 (1).csv,2024-04-24,드론정보포털 수록 240개사 디렉터리이며 국내 전체 드론 사업체가 아님
비스타컴,비스타컴,안티드론/통합솔루션,CMP0116,항공안전기술원_드론정보포털_기업명_사업분야_20240424 (1).csv,2024-04-24,드론정보포털 수록 240개사 디렉터리이며 국내 전체 드론 사업체가 아님
사단법인 대한드론진흥협회,대한드론진흥협회,취미·교육/기타,CMP0046,항공안전기술원_드론정보포털_기업명_사업분야_20240424 (1).csv,2024-04-24,드론정보포털 수록 240개사 디렉터리이며 국내 전체 드론 사업체가 아님
삼정솔루션,삼정솔루션,안티드론,CMP0117,항공안전기술원_드론정보포털_기업명_사업분야_20240424 (1).csv,2024-04-24,드론정보포털 수록 240개사 디렉터리이며 국내 전체 드론 사업체가 아님
새론에스엔아이,새론에스엔아이,임무장비/모듈,CMP0118,항공안전기술원_드론정보포털_기업명_사업분야_20240424 (1).csv,2024-04-24,드론정보포털 수록 240개사 디렉터리이며 국내 전체 드론 사업체가 아님
샘코,샘코,감시.정찰.수색/인프라관리/공간정보/특수촬영,CMP0119,항공안전기술원_드론정보포털_기업명_사업분야_20240424 (1).csv,2024-04-24,드론정보포털 수록 240개사 디렉터리이며 국내 전체 드론 사업체가 아님
서넙드론,서넙드론,취미·교육,CMP0120,항공안전기술원_드론정보포털_기업명_사업분야_20240424 (1).csv,2024-04-24,드론정보포털 수록 240개사 디렉터리이며 국내 전체 드론 사업체가 아님
서우,서우,방역/방제/살포/기타,CMP0121,항공안전기술원_드론정보포털_기업명_사업분야_20240424 (1).csv,2024-04-24,드론정보포털 수록 240개사 디렉터리이며 국내 전체 드론 사업체가 아님
서원무인기술,서원무인기술,감시.정찰.수색/인프라관리,CMP0123,항공안전기술원_드론정보포털_기업명_사업분야_20240424 (1).csv,2024-04-24,드론정보포털 수록 240개사 디렉터리이며 국내 전체 드론 사업체가 아님
성문드론아카데미,성문드론아카데미,취미·교육/임무장비/감시.정찰.수색/인프라관리/물류·운송·구조/방역/방제/살포,CMP0125,항공안전기술원_드론정보포털_기업명_사업분야_20240424 (1).csv,2024-04-24,드론정보포털 수록 240개사 디렉터리이며 국내 전체 드론 사업체가 아님
성우엔지니어링,성우엔지니어링,물류·운송·구조/방역/방제/살포/취미·교육/감시.정찰.수색/인프라관리,CMP0126,항공안전기술원_드론정보포털_기업명_사업분야_20240424 (1).csv,2024-04-24,드론정보포털 수록 240개사 디렉터리이며 국내 전체 드론 사업체가 아님
세이에어,세이에어,감시.정찰.수색/인프라관리/방송·공연,CMP0127,항공안전기술원_드론정보포털_기업명_사업분야_20240424 (1).csv,2024-04-24,드론정보포털 수록 240개사 디렉터리이며 국내 전체 드론 사업체가 아님
세이프어스드론,세이프어스드론,감시.정찰.수색/인프라관리/물류·운송·구조/방역/방제/살포/환경측량,CMP0128,항공안전기술원_드론정보포털_기업명_사업분야_20240424 (1).csv,2024-04-24,드론정보포털 수록 240개사 디렉터리이며 국내 전체 드론 사업체가 아님
솔더드론스쿨,솔더드론스쿨,방역/방제/살포/다목적 H/W/방송·공연/취미·교육,CMP0131,항공안전기술원_드론정보포털_기업명_사업분야_20240424 (1).csv,2024-04-24,드론정보포털 수록 240개사 디렉터리이며 국내 전체 드론 사업체가 아님
수성알씨(수성RC),수성알씨(수성RC),감시.정찰.수색/인프라관리/방송·공연/취미·교육/임무장비,CMP0133,항공안전기술원_드론정보포털_기업명_사업분야_20240424 (1).csv,2024-04-24,드론정보포털 수록 240개사 디렉터리이며 국내 전체 드론 사업체가 아님
순돌이드론,순돌이드론,감시.정찰.수색/인프라관리/물류·운송·구조/공간정보/특수촬영/방역/방제/살포/환경측량/다목적 H/W/취미·교육/드론스테이션/안티드론/임무장비/지상통제장비/통합솔루션,CMP0134,항공안전기술원_드론정보포털_기업명_사업분야_20240424 (1).csv,2024-04-24,드론정보포털 수록 240개사 디렉터리이며 국내 전체 드론 사업체가 아님
숨비,숨비,물류·운송·구조/다목적 H/W/안티드론/모듈/통합솔루션/앱,CMP0135,항공안전기술원_드론정보포털_기업명_사업분야_20240424 (1).csv,2024-04-24,드론정보포털 수록 240개사 디렉터리이며 국내 전체 드론 사업체가 아님
스카이시스,스카이시스,감시.정찰.수색/인프라관리,CMP0137,항공안전기술원_드론정보포털_기업명_사업분야_20240424 (1).csv,2024-04-24,드론정보포털 수록 240개사 디렉터리이며 국내 전체 드론 사업체가 아님
스카이텍,스카이텍,감시.정찰.수색/인프라관리/모듈,CMP0140,항공안전기술원_드론정보포털_기업명_사업분야_20240424 (1).csv,2024-04-24,드론정보포털 수록 240개사 디렉터리이며 국내 전체 드론 사업체가 아님
스타맨,스타맨,모듈/기타,CMP0141,항공안전기술원_드론정보포털_기업명_사업분야_20240424 (1).csv,2024-04-24,드론정보포털 수록 240개사 디렉터리이며 국내 전체 드론 사업체가 아님
스타팅드론교육원,스타팅드론교육원,방역/방제/살포/취미·교육/기타,CMP0142,항공안전기술원_드론정보포털_기업명_사업분야_20240424 (1).csv,2024-04-24,드론정보포털 수록 240개사 디렉터리이며 국내 전체 드론 사업체가 아님
시스테크,시스테크,감시.정찰.수색/인프라관리/공간정보/특수촬영,CMP0144,항공안전기술원_드론정보포털_기업명_사업분야_20240424 (1).csv,2024-04-24,드론정보포털 수록 240개사 디렉터리이며 국내 전체 드론 사업체가 아님
써드아이로보틱스,써드아이로보틱스,감시.정찰.수색/인프라관리/공간정보/특수촬영/환경측량,CMP0145,항공안전기술원_드론정보포털_기업명_사업분야_20240424 (1).csv,2024-04-24,드론정보포털 수록 240개사 디렉터리이며 국내 전체 드론 사업체가 아님
아르고스다인,아르고스다인,드론스테이션/임무장비/모듈/지상통제장비/통합솔루션/공간정보/특수촬영/방역/방제/살포/환경측량/감시.정찰.수색/인프라관리,CMP0148,항공안전기술원_드론정보포털_기업명_사업분야_20240424 (1).csv,2024-04-24,드론정보포털 수록 240개사 디렉터리이며 국내 전체 드론 사업체가 아님
아와소프트,아와소프트,감시.정찰.수색/인프라관리/통합솔루션,CMP0150,항공안전기술원_드론정보포털_기업명_사업분야_20240424 (1).csv,2024-04-24,드론정보포털 수록 240개사 디렉터리이며 국내 전체 드론 사업체가 아님
아이디에스코리아,아이디에스코리아,감시.정찰.수색/인프라관리/물류·운송·구조/공간정보/특수촬영/방역/방제/살포/임무장비,CMP0151,항공안전기술원_드론정보포털_기업명_사업분야_20240424 (1).csv,2024-04-24,드론정보포털 수록 240개사 디렉터리이며 국내 전체 드론 사업체가 아님
아이지아이에스,아이지아이에스,통합솔루션/앱,CMP0154,항공안전기술원_드론정보포털_기업명_사업분야_20240424 (1).csv,2024-04-24,드론정보포털 수록 240개사 디렉터리이며 국내 전체 드론 사업체가 아님
아이팝,아이팝,감시.정찰.수색/인프라관리/방역/방제/살포/다목적 H/W/드론스테이션/통합솔루션,CMP0155,항공안전기술원_드론정보포털_기업명_사업분야_20240424 (1).csv,2024-04-24,드론정보포털 수록 240개사 디렉터리이며 국내 전체 드론 사업체가 아님
알씨뱅크,알씨뱅크,감시.정찰.수색/인프라관리/물류·운송·구조/취미·교육/임무장비/모듈/통합솔루션,CMP0159,항공안전기술원_드론정보포털_기업명_사업분야_20240424 (1).csv,2024-04-24,드론정보포털 수록 240개사 디렉터리이며 국내 전체 드론 사업체가 아님
억세스위,억세스위,감시.정찰.수색/인프라관리/물류·운송·구조/공간정보/특수촬영/방역/방제/살포/환경측량,CMP0160,항공안전기술원_드론정보포털_기업명_사업분야_20240424 (1).csv,2024-04-24,드론정보포털 수록 240개사 디렉터리이며 국내 전체 드론 사업체가 아님
에보션,에보션,임무장비/통합솔루션/기타,CMP0162,항공안전기술원_드론정보포털_기업명_사업분야_20240424 (1).csv,2024-04-24,드론정보포털 수록 240개사 디렉터리이며 국내 전체 드론 사업체가 아님
에스아이에스,에스아이에스,감시.정찰.수색/인프라관리/물류·운송·구조/공간정보/특수촬영/방역/방제/살포/환경측량/다목적 H/W/임무장비,CMP0164,항공안전기술원_드론정보포털_기업명_사업분야_20240424 (1).csv,2024-04-24,드론정보포털 수록 240개사 디렉터리이며 국내 전체 드론 사업체가 아님
에스큐엔지니어링(주),에스큐엔지니어링(주),감시.정찰.수색/인프라관리/공간정보/특수촬영/환경측량/취미·교육/임무장비/기타,CMP0167,항공안전기술원_드론정보포털_기업명_사업분야_20240424 (1).csv,2024-04-24,드론정보포털 수록 240개사 디렉터리이며 국내 전체 드론 사업체가 아님
에어온,에어온,물류·운송·구조/드론스테이션,CMP0170,항공안전기술원_드론정보포털_기업명_사업분야_20240424 (1).csv,2024-04-24,드론정보포털 수록 240개사 디렉터리이며 국내 전체 드론 사업체가 아님
에이미파이 주식회사,에이미파이,감시.정찰.수색/인프라관리/환경측량/방송·공연/임무장비/모듈/지상통제장비/통합솔루션/앱,CMP0173,항공안전기술원_드론정보포털_기업명_사업분야_20240424 (1).csv,2024-04-24,드론정보포털 수록 240개사 디렉터리이며 국내 전체 드론 사업체가 아님
에이엔에이치스트럭쳐,에이엔에이치스트럭쳐,감시.정찰.수색/인프라관리/환경측량,CMP0176,항공안전기술원_드론정보포털_기업명_사업분야_20240424 (1).csv,2024-04-24,드론정보포털 수록 240개사 디렉터리이며 국내 전체 드론 사업체가 아님
에이엠시스템,에이엠시스템,물류·운송·구조/공간정보/특수촬영,CMP0178,항공안전기술원_드론정보포털_기업명_사업분야_20240424 (1).csv,2024-04-24,드론정보포털 수록 240개사 디렉터리이며 국내 전체 드론 사업체가 아님
에이치에스지,에이치에스지,모듈,CMP0181,항공안전기술원_드론정보포털_기업명_사업분야_20240424 (1).csv,2024-04-24,드론정보포털 수록 240개사 디렉터리이며 국내 전체 드론 사업체가 아님
엑스드론,엑스드론,감시.정찰.수색/인프라관리/물류·운송·구조/공간정보/특수촬영/다목적 H/W/임무장비/통합솔루션,CMP0184,항공안전기술원_드론정보포털_기업명_사업분야_20240424 (1).csv,2024-04-24,드론정보포털 수록 240개사 디렉터리이며 국내 전체 드론 사업체가 아님
엑슬리트엣지,엑슬리트엣지,안티드론,CMP0185,항공안전기술원_드론정보포털_기업명_사업분야_20240424 (1).csv,2024-04-24,드론정보포털 수록 240개사 디렉터리이며 국내 전체 드론 사업체가 아님
엔디티엔지니어링(주),엔디티엔지니어링(주),감시.정찰.수색/인프라관리,CMP0186,항공안전기술원_드론정보포털_기업명_사업분야_20240424 (1).csv,2024-04-24,드론정보포털 수록 240개사 디렉터리이며 국내 전체 드론 사업체가 아님
엔텍로직,엔텍로직,임무장비,CMP0188,항공안전기술원_드론정보포털_기업명_사업분야_20240424 (1).csv,2024-04-24,드론정보포털 수록 240개사 디렉터리이며 국내 전체 드론 사업체가 아님
영인모빌리티 주식회사,영인모빌리티,통합솔루션/지상통제장비/취미·교육/드론스테이션/임무장비/감시.정찰.수색/인프라관리/공간정보/특수촬영/환경측량/다목적 H/W,CMP0193,항공안전기술원_드론정보포털_기업명_사업분야_20240424 (1).csv,2024-04-24,드론정보포털 수록 240개사 디렉터리이며 국내 전체 드론 사업체가 아님
온누리무인항공,온누리무인항공,감시.정찰.수색/인프라관리/방역/방제/살포,CMP0194,항공안전기술원_드론정보포털_기업명_사업분야_20240424 (1).csv,2024-04-24,드론정보포털 수록 240개사 디렉터리이며 국내 전체 드론 사업체가 아님
올뉴텍,올뉴텍,감시.정찰.수색/인프라관리/물류·운송·구조/공간정보/특수촬영/임무장비,CMP0195,항공안전기술원_드론정보포털_기업명_사업분야_20240424 (1).csv,2024-04-24,드론정보포털 수록 240개사 디렉터리이며 국내 전체 드론 사업체가 아님
와우미래기술,와우미래기술,감시.정찰.수색/인프라관리/공간정보/특수촬영/방역/방제/살포/취미·교육,CMP0196,항공안전기술원_드론정보포털_기업명_사업분야_20240424 (1).csv,2024-04-24,드론정보포털 수록 240개사 디렉터리이며 국내 전체 드론 사업체가 아님
웨이브랩스,웨이브랩스,모듈,CMP0198,항공안전기술원_드론정보포털_기업명_사업분야_20240424 (1).csv,2024-04-24,드론정보포털 수록 240개사 디렉터리이며 국내 전체 드론 사업체가 아님
위즈윙,위즈윙,감시.정찰.수색/인프라관리/물류·운송·구조/공간정보/특수촬영/방역/방제/살포/환경측량/다목적 H/W/취미·교육/임무장비/지상통제장비/통합솔루션,CMP0199,항공안전기술원_드론정보포털_기업명_사업분야_20240424 (1).csv,2024-04-24,드론정보포털 수록 240개사 디렉터리이며 국내 전체 드론 사업체가 아님
윈스젠,윈스젠,앱/공간정보/특수촬영/방역/방제/살포/모듈/지상통제장비/통합솔루션,CMP0200,항공안전기술원_드론정보포털_기업명_사업분야_20240424 (1).csv,2024-04-24,드론정보포털 수록 240개사 디렉터리이며 국내 전체 드론 사업체가 아님
유맥에어,유맥에어,감시.정찰.수색/인프라관리/공간정보/특수촬영/방역/방제/살포/취미·교육,CMP0201,항공안전기술원_드론정보포털_기업명_사업분야_20240424 (1).csv,2024-04-24,드론정보포털 수록 240개사 디렉터리이며 국내 전체 드론 사업체가 아님
유비파이,유비파이,다목적 H/W/방송·공연,CMP0202,항공안전기술원_드론정보포털_기업명_사업분야_20240424 (1).csv,2024-04-24,드론정보포털 수록 240개사 디렉터리이며 국내 전체 드론 사업체가 아님
유시스,유시스,감시.정찰.수색/인프라관리/방역/방제/살포/환경측량/드론스테이션/통합솔루션,CMP0203,항공안전기술원_드론정보포털_기업명_사업분야_20240424 (1).csv,2024-04-24,드론정보포털 수록 240개사 디렉터리이며 국내 전체 드론 사업체가 아님
유콘시스템,유콘시스템,감시.정찰.수색/인프라관리/공간정보/특수촬영/환경측량,CMP0205,항공안전기술원_드론정보포털_기업명_사업분야_20240424 (1).csv,2024-04-24,드론정보포털 수록 240개사 디렉터리이며 국내 전체 드론 사업체가 아님
이노뎁,이노뎁,공간정보/특수촬영/통합솔루션,CMP0206,항공안전기술원_드론정보포털_기업명_사업분야_20240424 (1).csv,2024-04-24,드론정보포털 수록 240개사 디렉터리이며 국내 전체 드론 사업체가 아님
이노드,이노드,감시.정찰.수색/인프라관리/방역/방제/살포/모듈/앱,CMP0207,항공안전기술원_드론정보포털_기업명_사업분야_20240424 (1).csv,2024-04-24,드론정보포털 수록 240개사 디렉터리이며 국내 전체 드론 사업체가 아님
이노팸,이노팸,감시.정찰.수색/인프라관리/환경측량,CMP0209,항공안전기술원_드론정보포털_기업명_사업분야_20240424 (1).csv,2024-04-24,드론정보포털 수록 240개사 디렉터리이며 국내 전체 드론 사업체가 아님
이지시스템,이지시스템,물류·운송·구조,CMP0212,항공안전기술원_드론정보포털_기업명_사업분야_20240424 (1).csv,2024-04-24,드론정보포털 수록 240개사 디렉터리이며 국내 전체 드론 사업체가 아님
인스페이스,인스페이스,공간정보/특수촬영/드론스테이션/지상통제장비,CMP0215,항공안전기술원_드론정보포털_기업명_사업분야_20240424 (1).csv,2024-04-24,드론정보포털 수록 240개사 디렉터리이며 국내 전체 드론 사업체가 아님
자이언트드론,자이언트드론,감시.정찰.수색/인프라관리/물류·운송·구조/공간정보/특수촬영/방역/방제/살포/취미·교육/임무장비,CMP0218,항공안전기술원_드론정보포털_기업명_사업분야_20240424 (1).csv,2024-04-24,드론정보포털 수록 240개사 디렉터리이며 국내 전체 드론 사업체가 아님
제이씨현시스템,제이씨현시스템,감시.정찰.수색/인프라관리/물류·운송·구조/방역/방제/살포/환경측량/다목적 H/W/취미·교육/드론스테이션/안티드론/임무장비/모듈/지상통제장비/통합솔루션/앱/감시.정찰.수색/인프라관리/물류·운송·구조,CMP0219,항공안전기술원_드론정보포털_기업명_사업분야_20240424 (1).csv,2024-04-24,드론정보포털 수록 240개사 디렉터리이며 국내 전체 드론 사업체가 아님
제이에스융합인재교육원주식회사,제이에스융합인재교육원,감시.정찰.수색/인프라관리/물류·운송·구조/공간정보/특수촬영/방역/방제/살포/환경측량/다목적 H/W/방송·공연/취미·교육/드론스테이션/안티드론/임무장비/모듈/지상통제장비/통합솔루션/앱,CMP0220,항공안전기술원_드론정보포털_기업명_사업분야_20240424 (1).csv,2024-04-24,드론정보포털 수록 240개사 디렉터리이며 국내 전체 드론 사업체가 아님
조은에듀테크,조은에듀테크,취미·교육,CMP0222,항공안전기술원_드론정보포털_기업명_사업분야_20240424 (1).csv,2024-04-24,드론정보포털 수록 240개사 디렉터리이며 국내 전체 드론 사업체가 아님
주)제주도드론,주)제주도드론,감시.정찰.수색/인프라관리/물류·운송·구조/공간정보/특수촬영/방역/방제/살포/취미·교육/임무장비/기타,CMP0223,항공안전기술원_드론정보포털_기업명_사업분야_20240424 (1).csv,2024-04-24,드론정보포털 수록 240개사 디렉터리이며 국내 전체 드론 사업체가 아님
주식회사 경기항공,경기항공,감시.정찰.수색/인프라관리/물류·운송·구조/공간정보/특수촬영/방역/방제/살포/환경측량/취미·교육,CMP0009,항공안전기술원_드론정보포털_기업명_사업분야_20240424 (1).csv,2024-04-24,드론정보포털 수록 240개사 디렉터리이며 국내 전체 드론 사업체가 아님
주식회사 날다,날다,감시.정찰.수색/인프라관리/방역/방제/살포/환경측량/다목적 H/W/취미·교육/임무장비,CMP0027,항공안전기술원_드론정보포털_기업명_사업분야_20240424 (1).csv,2024-04-24,드론정보포털 수록 240개사 디렉터리이며 국내 전체 드론 사업체가 아님
주식회사 니나노컴퍼니,니나노컴퍼니,임무장비/통합솔루션/물류·운송·구조/공간정보/특수촬영/방역/방제/살포/감시.정찰.수색/인프라관리,CMP0036,항공안전기술원_드론정보포털_기업명_사업분야_20240424 (1).csv,2024-04-24,드론정보포털 수록 240개사 디렉터리이며 국내 전체 드론 사업체가 아님
주식회사 담스테크,담스테크,다목적 H/W/안티드론/임무장비/지상통제장비/통합솔루션,CMP0042,항공안전기술원_드론정보포털_기업명_사업분야_20240424 (1).csv,2024-04-24,드론정보포털 수록 240개사 디렉터리이며 국내 전체 드론 사업체가 아님
주식회사 더대시,더대시,감시.정찰.수색/인프라관리/물류·운송·구조/공간정보/특수촬영/방역/방제/살포/환경측량/다목적 H/W/방송·공연/취미·교육/드론스테이션/안티드론/임무장비/모듈/지상통제장비/통합솔루션/앱/기타,CMP0050,항공안전기술원_드론정보포털_기업명_사업분야_20240424 (1).csv,2024-04-24,드론정보포털 수록 240개사 디렉터리이며 국내 전체 드론 사업체가 아님
주식회사 더하드,더하드,감시.정찰.수색/인프라관리/물류·운송·구조/방역/방제/살포,CMP0053,항공안전기술원_드론정보포털_기업명_사업분야_20240424 (1).csv,2024-04-24,드론정보포털 수록 240개사 디렉터리이며 국내 전체 드론 사업체가 아님
주식회사 드로니아,드로니아,감시.정찰.수색/인프라관리/물류·운송·구조/방역/방제/살포/다목적 H/W/취미·교육/통합솔루션/기타,CMP0060,항공안전기술원_드론정보포털_기업명_사업분야_20240424 (1).csv,2024-04-24,드론정보포털 수록 240개사 디렉터리이며 국내 전체 드론 사업체가 아님
주식회사 드로미,드로미,공간정보/특수촬영/환경측량/다목적 H/W/임무장비/모듈/지상통제장비/통합솔루션,CMP0061,항공안전기술원_드론정보포털_기업명_사업분야_20240424 (1).csv,2024-04-24,드론정보포털 수록 240개사 디렉터리이며 국내 전체 드론 사업체가 아님
주식회사 드론프릭,드론프릭,감시.정찰.수색/인프라관리/물류·운송·구조/공간정보/특수촬영/방역/방제/살포/다목적 H/W/방송·공연/취미·교육/임무장비/모듈/지상통제장비/앱,CMP0074,항공안전기술원_드론정보포털_기업명_사업분야_20240424 (1).csv,2024-04-24,드론정보포털 수록 240개사 디렉터리이며 국내 전체 드론 사업체가 아님
주식회사 디에어,디에어,감시.정찰.수색/인프라관리/물류·운송·구조/다목적 H/W/드론스테이션/임무장비/지상통제장비/통합솔루션,CMP0081,항공안전기술원_드론정보포털_기업명_사업분야_20240424 (1).csv,2024-04-24,드론정보포털 수록 240개사 디렉터리이며 국내 전체 드론 사업체가 아님
주식회사 로텀,로텀,감시.정찰.수색/인프라관리/다목적 H/W/모듈,CMP0088,항공안전기술원_드론정보포털_기업명_사업분야_20240424 (1).csv,2024-04-24,드론정보포털 수록 240개사 디렉터리이며 국내 전체 드론 사업체가 아님
주식회사 루프,루프,안티드론,CMP0089,항공안전기술원_드론정보포털_기업명_사업분야_20240424 (1).csv,2024-04-24,드론정보포털 수록 240개사 디렉터리이며 국내 전체 드론 사업체가 아님
주식회사 리맵,리맵,공간정보/특수촬영/환경측량,CMP0090,항공안전기술원_드론정보포털_기업명_사업분야_20240424 (1).csv,2024-04-24,드론정보포털 수록 240개사 디렉터리이며 국내 전체 드론 사업체가 아님
주식회사 리하이,리하이,공간정보/특수촬영/방역/방제/살포/취미·교육,CMP0092,항공안전기술원_드론정보포털_기업명_사업분야_20240424 (1).csv,2024-04-24,드론정보포털 수록 240개사 디렉터리이며 국내 전체 드론 사업체가 아님
주식회사 메이사,메이사,공간정보/특수촬영/통합솔루션,CMP0095,항공안전기술원_드론정보포털_기업명_사업분야_20240424 (1).csv,2024-04-24,드론정보포털 수록 240개사 디렉터리이며 국내 전체 드론 사업체가 아님
주식회사 무한정보기술,무한정보기술,감시.정찰.수색/인프라관리/공간정보/특수촬영/통합솔루션/기타,CMP0103,항공안전기술원_드론정보포털_기업명_사업분야_20240424 (1).csv,2024-04-24,드론정보포털 수록 240개사 디렉터리이며 국내 전체 드론 사업체가 아님
주식회사 미래도시정보,미래도시정보,감시.정찰.수색/인프라관리/물류·운송·구조/공간정보/특수촬영/방역/방제/살포/환경측량/취미·교육,CMP0104,항공안전기술원_드론정보포털_기업명_사업분야_20240424 (1).csv,2024-04-24,드론정보포털 수록 240개사 디렉터리이며 국내 전체 드론 사업체가 아님
주식회사 보다,보다,감시.정찰.수색/인프라관리/물류·운송·구조/공간정보/특수촬영/방역/방제/살포/취미·교육/통합솔루션/앱/기타,CMP0107,항공안전기술원_드론정보포털_기업명_사업분야_20240424 (1).csv,2024-04-24,드론정보포털 수록 240개사 디렉터리이며 국내 전체 드론 사업체가 아님
주식회사 뷰메진,뷰메진,공간정보/특수촬영/환경측량/드론스테이션/지상통제장비/통합솔루션,CMP0114,항공안전기술원_드론정보포털_기업명_사업분야_20240424 (1).csv,2024-04-24,드론정보포털 수록 240개사 디렉터리이며 국내 전체 드론 사업체가 아님
주식회사 스카이엔터프라이즈,스카이엔터프라이즈,감시.정찰.수색/인프라관리/방송·공연/취미·교육,CMP0139,항공안전기술원_드론정보포털_기업명_사업분야_20240424 (1).csv,2024-04-24,드론정보포털 수록 240개사 디렉터리이며 국내 전체 드론 사업체가 아님
주식회사 씨너렉스,씨너렉스,모듈,CMP0146,항공안전기술원_드론정보포털_기업명_사업분야_20240424 (1).csv,2024-04-24,드론정보포털 수록 240개사 디렉터리이며 국내 전체 드론 사업체가 아님
주식회사 아라레연구소,아라레연구소,감시.정찰.수색/인프라관리/환경측량,CMP0147,항공안전기술원_드론정보포털_기업명_사업분야_20240424 (1).csv,2024-04-24,드론정보포털 수록 240개사 디렉터리이며 국내 전체 드론 사업체가 아님
주식회사 아소아,아소아,감시.정찰.수색/인프라관리/물류·운송·구조/공간정보/특수촬영/다목적 H/W/드론스테이션/안티드론/임무장비/모듈/지상통제장비/통합솔루션,CMP0149,항공안전기술원_드론정보포털_기업명_사업분야_20240424 (1).csv,2024-04-24,드론정보포털 수록 240개사 디렉터리이며 국내 전체 드론 사업체가 아님
주식회사 아이씨알 (ICR),아이씨알 (ICR),통합솔루션/기타,CMP0152,항공안전기술원_드론정보포털_기업명_사업분야_20240424 (1).csv,2024-04-24,드론정보포털 수록 240개사 디렉터리이며 국내 전체 드론 사업체가 아님
주식회사 업사이트,업사이트,공간정보/특수촬영/환경측량,CMP0161,항공안전기술원_드론정보포털_기업명_사업분야_20240424 (1).csv,2024-04-24,드론정보포털 수록 240개사 디렉터리이며 국내 전체 드론 사업체가 아님
주식회사 에어로리서치,에어로리서치,감시.정찰.수색/인프라관리/임무장비/통합솔루션,CMP0169,항공안전기술원_드론정보포털_기업명_사업분야_20240424 (1).csv,2024-04-24,드론정보포털 수록 240개사 디렉터리이며 국내 전체 드론 사업체가 아님
주식회사 에이디시스템,에이디시스템,감시.정찰.수색/인프라관리/물류·운송·구조/공간정보/특수촬영,CMP0171,항공안전기술원_드론정보포털_기업명_사업분야_20240424 (1).csv,2024-04-24,드론정보포털 수록 240개사 디렉터리이며 국내 전체 드론 사업체가 아님
주식회사 에이디티,에이디티,감시.정찰.수색/인프라관리,CMP0172,항공안전기술원_드론정보포털_기업명_사업분야_20240424 (1).csv,2024-04-24,드론정보포털 수록 240개사 디렉터리이며 국내 전체 드론 사업체가 아님
주식회사 에이스드론,에이스드론,감시.정찰.수색/인프라관리/물류·운송·구조/공간정보/특수촬영/방역/방제/살포/환경측량/다목적 H/W/방송·공연/취미·교육/드론스테이션/안티드론/임무장비/모듈/지상통제장비/통합솔루션/앱,CMP0174,항공안전기술원_드론정보포털_기업명_사업분야_20240424 (1).csv,2024-04-24,드론정보포털 수록 240개사 디렉터리이며 국내 전체 드론 사업체가 아님
주식회사 에이알엑스,에이알엑스,방역/방제/살포/환경측량/다목적 H/W/취미·교육/안티드론/임무장비/모듈/지상통제장비/물류·운송·구조/공간정보/특수촬영/감시.정찰.수색/인프라관리,CMP0175,항공안전기술원_드론정보포털_기업명_사업분야_20240424 (1).csv,2024-04-24,드론정보포털 수록 240개사 디렉터리이며 국내 전체 드론 사업체가 아님
주식회사 에이엠피,에이엠피,감시.정찰.수색/인프라관리/환경측량,CMP0179,항공안전기술원_드론정보포털_기업명_사업분야_20240424 (1).csv,2024-04-24,드론정보포털 수록 240개사 디렉터리이며 국내 전체 드론 사업체가 아님
주식회사 에프엠웍스,에프엠웍스,감시.정찰.수색/인프라관리/공간정보/특수촬영/방역/방제/살포/환경측량/다목적 H/W/임무장비/지상통제장비/통합솔루션/앱,CMP0183,항공안전기술원_드론정보포털_기업명_사업분야_20240424 (1).csv,2024-04-24,드론정보포털 수록 240개사 디렉터리이며 국내 전체 드론 사업체가 아님
주식회사 엠엠피,엠엠피,공간정보/특수촬영,CMP0191,항공안전기술원_드론정보포털_기업명_사업분야_20240424 (1).csv,2024-04-24,드론정보포털 수록 240개사 디렉터리이며 국내 전체 드론 사업체가 아님
주식회사 우리아이오,우리아이오,임무장비/감시.정찰.수색/인프라관리/환경측량,CMP0197,항공안전기술원_드론정보포털_기업명_사업분야_20240424 (1).csv,2024-04-24,드론정보포털 수록 240개사 디렉터리이며 국내 전체 드론 사업체가 아님
주식회사 유인프라,유인프라,감시.정찰.수색/인프라관리/공간정보/특수촬영/환경측량/드론스테이션/임무장비/지상통제장비/통합솔루션/기타,CMP0204,항공안전기술원_드론정보포털_기업명_사업분야_20240424 (1).csv,2024-04-24,드론정보포털 수록 240개사 디렉터리이며 국내 전체 드론 사업체가 아님
주식회사 이스온,이스온,통합솔루션/기타/다목적 H/W/드론스테이션/임무장비/감시.정찰.수색/인프라관리/환경측량,CMP0210,항공안전기술원_드론정보포털_기업명_사업분야_20240424 (1).csv,2024-04-24,드론정보포털 수록 240개사 디렉터리이며 국내 전체 드론 사업체가 아님
주식회사 코코드론,코코드론,감시.정찰.수색/인프라관리/공간정보/특수촬영/취미·교육/드론스테이션,CMP0236,항공안전기술원_드론정보포털_기업명_사업분야_20240424 (1).csv,2024-04-24,드론정보포털 수록 240개사 디렉터리이며 국내 전체 드론 사업체가 아님
주식회사 클로버스튜디오,클로버스튜디오,지상통제장비/통합솔루션/앱,CMP0237,항공안전기술원_드론정보포털_기업명_사업분야_20240424 (1).csv,2024-04-24,드론정보포털 수록 240개사 디렉터리이며 국내 전체 드론 사업체가 아님
주식회사 팰콘샵,팰콘샵,감시.정찰.수색/인프라관리/물류·운송·구조/취미·교육/임무장비/모듈/통합솔루션,CMP0247,항공안전기술원_드론정보포털_기업명_사업분야_20240424 (1).csv,2024-04-24,드론정보포털 수록 240개사 디렉터리이며 국내 전체 드론 사업체가 아님
주식회사 프로펠,프로펠,감시.정찰.수색/인프라관리/물류·운송·구조/공간정보/특수촬영/환경측량/다목적 H/W/드론스테이션/임무장비,CMP0253,항공안전기술원_드론정보포털_기업명_사업분야_20240424 (1).csv,2024-04-24,드론정보포털 수록 240개사 디렉터리이며 국내 전체 드론 사업체가 아님
주식회사 하늘로,하늘로,지상통제장비/기타,CMP0259,항공안전기술원_드론정보포털_기업명_사업분야_20240424 (1).csv,2024-04-24,드론정보포털 수록 240개사 디렉터리이며 국내 전체 드론 사업체가 아님
주식회사 한울드론,한울드론,감시.정찰.수색/인프라관리/물류·운송·구조/임무장비/모듈,CMP0280,항공안전기술원_드론정보포털_기업명_사업분야_20240424 (1).csv,2024-04-24,드론정보포털 수록 240개사 디렉터리이며 국내 전체 드론 사업체가 아님
주식회사 헤디,헤디,감시.정찰.수색/인프라관리/물류·운송·구조/방역/방제/살포/다목적 H/W/드론스테이션/임무장비/모듈/지상통제장비/앱/기타,CMP0288,항공안전기술원_드론정보포털_기업명_사업분야_20240424 (1).csv,2024-04-24,드론정보포털 수록 240개사 디렉터리이며 국내 전체 드론 사업체가 아님
주식회사 헬셀,헬셀,통합솔루션/드론스테이션/임무장비/감시.정찰.수색/인프라관리/물류·운송·구조/공간정보/특수촬영/방역/방제/살포/환경측량/다목적 H/W/방송·공연/취미·교육,CMP0290,항공안전기술원_드론정보포털_기업명_사업분야_20240424 (1).csv,2024-04-24,드론정보포털 수록 240개사 디렉터리이며 국내 전체 드론 사업체가 아님
주식회사 휴론네트워크,휴론네트워크,환경측량,CMP0297,항공안전기술원_드론정보포털_기업명_사업분야_20240424 (1).csv,2024-04-24,드론정보포털 수록 240개사 디렉터리이며 국내 전체 드론 사업체가 아님
주식회사 휴머놀러지,휴머놀러지,감시.정찰.수색/인프라관리/지상통제장비/앱,CMP0298,항공안전기술원_드론정보포털_기업명_사업분야_20240424 (1).csv,2024-04-24,드론정보포털 수록 240개사 디렉터리이며 국내 전체 드론 사업체가 아님
주식회사비거텍코리아,비거텍코리아,감시.정찰.수색/인프라관리/물류·운송·구조/다목적 H/W/통합솔루션,CMP0115,항공안전기술원_드론정보포털_기업명_사업분야_20240424 (1).csv,2024-04-24,드론정보포털 수록 240개사 디렉터리이며 국내 전체 드론 사업체가 아님
주식회사에이엔에이치시스템즈,에이엔에이치시스템즈,공간정보/특수촬영/다목적 H/W/드론스테이션/지상통제장비/통합솔루션,CMP0177,항공안전기술원_드론정보포털_기업명_사업분야_20240424 (1).csv,2024-04-24,드론정보포털 수록 240개사 디렉터리이며 국내 전체 드론 사업체가 아님
주식회사엔클라우드,엔클라우드,감시.정찰.수색/인프라관리/통합솔루션,CMP0187,항공안전기술원_드론정보포털_기업명_사업분야_20240424 (1).csv,2024-04-24,드론정보포털 수록 240개사 디렉터리이며 국내 전체 드론 사업체가 아님
주식회사케이프로시스템,케이프로시스템,모듈/지상통제장비/통합솔루션/앱/기타/감시.정찰.수색/인프라관리/물류·운송·구조/공간정보/특수촬영/방역/방제/살포/환경측량/다목적 H/W/방송·공연/취미·교육/드론스테이션/안티드론/임무장비,CMP0231,항공안전기술원_드론정보포털_기업명_사업분야_20240424 (1).csv,2024-04-24,드론정보포털 수록 240개사 디렉터리이며 국내 전체 드론 사업체가 아님
주식회사허니,허니,방역/방제/살포/취미·교육,CMP0287,항공안전기술원_드론정보포털_기업명_사업분야_20240424 (1).csv,2024-04-24,드론정보포털 수록 240개사 디렉터리이며 국내 전체 드론 사업체가 아님
지오랩스(주),지오랩스(주),공간정보/특수촬영/환경측량,CMP0224,항공안전기술원_드론정보포털_기업명_사업분야_20240424 (1).csv,2024-04-24,드론정보포털 수록 240개사 디렉터리이며 국내 전체 드론 사업체가 아님
진항공시스템,진항공시스템,방역/방제/살포/취미·교육,CMP0225,항공안전기술원_드론정보포털_기업명_사업분야_20240424 (1).csv,2024-04-24,드론정보포털 수록 240개사 디렉터리이며 국내 전체 드론 사업체가 아님
천풍,천풍,방역/방제/살포,CMP0226,항공안전기술원_드론정보포털_기업명_사업분야_20240424 (1).csv,2024-04-24,드론정보포털 수록 240개사 디렉터리이며 국내 전체 드론 사업체가 아님
케바드론,케바드론,감시.정찰.수색/인프라관리/공간정보/특수촬영,CMP0228,항공안전기술원_드론정보포털_기업명_사업분야_20240424 (1).csv,2024-04-24,드론정보포털 수록 240개사 디렉터리이며 국내 전체 드론 사업체가 아님
케이드론,케이드론,방역/방제/살포,CMP0229,항공안전기술원_드론정보포털_기업명_사업분야_20240424 (1).csv,2024-04-24,드론정보포털 수록 240개사 디렉터리이며 국내 전체 드론 사업체가 아님
케이텍,케이텍,감시.정찰.수색/인프라관리/물류·운송·구조/환경측량/다목적 H/W/임무장비,CMP0230,항공안전기술원_드론정보포털_기업명_사업분야_20240424 (1).csv,2024-04-24,드론정보포털 수록 240개사 디렉터리이며 국내 전체 드론 사업체가 아님
코리아드론(주),코리아드론(주),감시.정찰.수색/인프라관리/물류·운송·구조/방역/방제/살포/취미·교육/임무장비,CMP0233,항공안전기술원_드론정보포털_기업명_사업분야_20240424 (1).csv,2024-04-24,드론정보포털 수록 240개사 디렉터리이며 국내 전체 드론 사업체가 아님
코리아드론안전시스템,코리아드론안전시스템,감시.정찰.수색/인프라관리/물류·운송·구조/공간정보/특수촬영/방역/방제/살포/환경측량/다목적 H/W/방송·공연/취미·교육/드론스테이션/임무장비/모듈/지상통제장비/통합솔루션/기타,CMP0232,항공안전기술원_드론정보포털_기업명_사업분야_20240424 (1).csv,2024-04-24,드론정보포털 수록 240개사 디렉터리이며 국내 전체 드론 사업체가 아님
클로버스튜디오,클로버스튜디오,통합솔루션,CMP0237,항공안전기술원_드론정보포털_기업명_사업분야_20240424 (1).csv,2024-04-24,드론정보포털 수록 240개사 디렉터리이며 국내 전체 드론 사업체가 아님
태경전자 주식회사,태경전자,감시.정찰.수색/인프라관리/임무장비/모듈/지상통제장비/기타,CMP0239,항공안전기술원_드론정보포털_기업명_사업분야_20240424 (1).csv,2024-04-24,드론정보포털 수록 240개사 디렉터리이며 국내 전체 드론 사업체가 아님
트라이셀인터내셔널,트라이셀인터내셔널,감시.정찰.수색/인프라관리/물류·운송·구조/공간정보/특수촬영/방역/방제/살포/임무장비,CMP0241,항공안전기술원_드론정보포털_기업명_사업분야_20240424 (1).csv,2024-04-24,드론정보포털 수록 240개사 디렉터리이며 국내 전체 드론 사업체가 아님
파블로항공,파블로항공,물류·운송·구조/환경측량/방송·공연/모듈,CMP0242,항공안전기술원_드론정보포털_기업명_사업분야_20240424 (1).csv,2024-04-24,드론정보포털 수록 240개사 디렉터리이며 국내 전체 드론 사업체가 아님
파이온시스템즈,파이온시스템즈,안티드론/임무장비/모듈,CMP0243,항공안전기술원_드론정보포털_기업명_사업분야_20240424 (1).csv,2024-04-24,드론정보포털 수록 240개사 디렉터리이며 국내 전체 드론 사업체가 아님
파인ADS,파인ADS,감시.정찰.수색/인프라관리/공간정보/특수촬영,CMP0244,항공안전기술원_드론정보포털_기업명_사업분야_20240424 (1).csv,2024-04-24,드론정보포털 수록 240개사 디렉터리이며 국내 전체 드론 사업체가 아님
파인브이티,파인브이티,감시.정찰.수색/인프라관리/물류·운송·구조/공간정보/특수촬영/방역/방제/살포/환경측량/다목적 H/W/드론스테이션/안티드론/임무장비/모듈/지상통제장비/통합솔루션/앱,CMP0245,항공안전기술원_드론정보포털_기업명_사업분야_20240424 (1).csv,2024-04-24,드론정보포털 수록 240개사 디렉터리이며 국내 전체 드론 사업체가 아님
팝코즈(popcoz),팝코즈(popcoz),방송·공연/취미·교육/드론스테이션/통합솔루션/앱,CMP0246,항공안전기술원_드론정보포털_기업명_사업분야_20240424 (1).csv,2024-04-24,드론정보포털 수록 240개사 디렉터리이며 국내 전체 드론 사업체가 아님
포토플랫폼,포토플랫폼,감시.정찰.수색/인프라관리/다목적 H/W/방송·공연/임무장비,CMP0250,항공안전기술원_드론정보포털_기업명_사업분야_20240424 (1).csv,2024-04-24,드론정보포털 수록 240개사 디렉터리이며 국내 전체 드론 사업체가 아님
프리뉴,프리뉴,드론스테이션/안티드론/모듈/공간정보/특수촬영/방역/방제/살포/환경측량/다목적 H/W/방송·공연/취미·교육/감시.정찰.수색/인프라관리/물류·운송·구조/지상통제장비/통합솔루션,CMP0254,항공안전기술원_드론정보포털_기업명_사업분야_20240424 (1).csv,2024-04-24,드론정보포털 수록 240개사 디렉터리이며 국내 전체 드론 사업체가 아님
피앤유드론,피앤유드론,감시.정찰.수색/인프라관리/통합솔루션,CMP0256,항공안전기술원_드론정보포털_기업명_사업분야_20240424 (1).csv,2024-04-24,드론정보포털 수록 240개사 디렉터리이며 국내 전체 드론 사업체가 아님
필라넷,필라넷,안티드론/지상통제장비,CMP0258,항공안전기술원_드론정보포털_기업명_사업분야_20240424 (1).csv,2024-04-24,드론정보포털 수록 240개사 디렉터리이며 국내 전체 드론 사업체가 아님
하늘항공,하늘항공,물류·운송·구조/방역/방제/살포,CMP0261,항공안전기술원_드론정보포털_기업명_사업분야_20240424 (1).csv,2024-04-24,드론정보포털 수록 240개사 디렉터리이며 국내 전체 드론 사업체가 아님
하이즈복합재산업(주),하이즈복합재산업(주),감시.정찰.수색/인프라관리/물류·운송·구조/다목적 H/W,CMP0262,항공안전기술원_드론정보포털_기업명_사업분야_20240424 (1).csv,2024-04-24,드론정보포털 수록 240개사 디렉터리이며 국내 전체 드론 사업체가 아님
한강드론교육원,한강드론교육원,취미·교육,CMP0263,항공안전기술원_드론정보포털_기업명_사업분야_20240424 (1).csv,2024-04-24,드론정보포털 수록 240개사 디렉터리이며 국내 전체 드론 사업체가 아님
한국사업관리연구원,한국사업관리연구원,감시.정찰.수색/인프라관리/공간정보/특수촬영/방역/방제/살포/환경측량/취미·교육/드론스테이션/지상통제장비/통합솔루션,CMP0268,항공안전기술원_드론정보포털_기업명_사업분야_20240424 (1).csv,2024-04-24,드론정보포털 수록 240개사 디렉터리이며 국내 전체 드론 사업체가 아님
한국유에이브이,한국유에이브이,방역/방제/살포,CMP0269,항공안전기술원_드론정보포털_기업명_사업분야_20240424 (1).csv,2024-04-24,드론정보포털 수록 240개사 디렉터리이며 국내 전체 드론 사업체가 아님
한국항공기술케이에이티,한국항공기술케이에이티,감시.정찰.수색/인프라관리,CMP0274,항공안전기술원_드론정보포털_기업명_사업분야_20240424 (1).csv,2024-04-24,드론정보포털 수록 240개사 디렉터리이며 국내 전체 드론 사업체가 아님
한국항공우주산업,한국항공우주산업,감시.정찰.수색/인프라관리,CMP0276,항공안전기술원_드론정보포털_기업명_사업분야_20240424 (1).csv,2024-04-24,드론정보포털 수록 240개사 디렉터리이며 국내 전체 드론 사업체가 아님
한빛드론,한빛드론,다목적 H/W/안티드론/감시.정찰.수색/인프라관리/환경측량/임무장비/통합솔루션,CMP0279,항공안전기술원_드론정보포털_기업명_사업분야_20240424 (1).csv,2024-04-24,드론정보포털 수록 240개사 디렉터리이며 국내 전체 드론 사업체가 아님
해양드론기술,해양드론기술,물류·운송·구조/모듈/감시.정찰.수색/인프라관리,CMP0285,항공안전기술원_드론정보포털_기업명_사업분야_20240424 (1).csv,2024-04-24,드론정보포털 수록 240개사 디렉터리이며 국내 전체 드론 사업체가 아님
헥사팩토리,헥사팩토리,감시.정찰.수색/인프라관리/물류·운송·구조/공간정보/특수촬영/환경측량/다목적 H/W/방송·공연/취미·교육/드론스테이션/임무장비/모듈/지상통제장비/통합솔루션/앱,CMP0289,항공안전기술원_드론정보포털_기업명_사업분야_20240424 (1).csv,2024-04-24,드론정보포털 수록 240개사 디렉터리이며 국내 전체 드론 사업체가 아님
호그린에어,호그린에어,방역/방제/살포/임무장비/모듈,CMP0294,항공안전기술원_드론정보포털_기업명_사업분야_20240424 (1).csv,2024-04-24,드론정보포털 수록 240개사 디렉터리이며 국내 전체 드론 사업체가 아님
훈검항업 주식회사,훈검항업,감시.정찰.수색/인프라관리/공간정보/특수촬영/환경측량/다목적 H/W/취미·교육/임무장비/모듈,CMP0295,항공안전기술원_드론정보포털_기업명_사업분야_20240424 (1).csv,2024-04-24,드론정보포털 수록 240개사 디렉터리이며 국내 전체 드론 사업체가 아님
휴먼드론개발,휴먼드론개발,감시.정찰.수색/인프라관리/물류·운송·구조/방역/방제/살포/환경측량/임무장비,CMP0299,항공안전기술원_드론정보포털_기업명_사업분야_20240424 (1).csv,2024-04-24,드론정보포털 수록 240개사 디렉터리이며 국내 전체 드론 사업체가 아님
휴인스,휴인스,감시.정찰.수색/인프라관리/드론스테이션/지상통제장비,CMP0300,항공안전기술원_드론정보포털_기업명_사업분야_20240424 (1).csv,2024-04-24,드론정보포털 수록 240개사 디렉터리이며 국내 전체 드론 사업체가 아님
