reference_year,dimension,category,value,unit,denominator_note,forecast_horizon,source_file,source_page,quality_note
2024,채용규모,향후 3년 신규 채용 예정,1200.0,명,전체 응답 기업의 계획 합계,향후 3년,2025년 드론산업 실태조사 보고서_항공안전기술원.pdf,195,계획·전망치이며 실제 채용 실적이 아님
2024,제작직무,연구·개발,44.5,%,제작 분야 직무 수요 내 비중,향후 3년,2025년 드론산업 실태조사 보고서_항공안전기술원.pdf,195,계획·전망치이며 실제 채용 실적이 아님
2024,활용직무,드론 조종,57.0,%,활용 분야 직무 수요 내 비중,향후 3년,2025년 드론산업 실태조사 보고서_항공안전기술원.pdf,195,계획·전망치이며 실제 채용 실적이 아님
2024,학력,대졸,58.9,%,예상 채용 인력의 학력 구성,향후 3년,2025년 드론산업 실태조사 보고서_항공안전기술원.pdf,195,계획·전망치이며 실제 채용 실적이 아님
2024,학력,초대졸,20.3,%,예상 채용 인력의 학력 구성,향후 3년,2025년 드론산업 실태조사 보고서_항공안전기술원.pdf,195,계획·전망치이며 실제 채용 실적이 아님
2024,학력,석박사 이상,10.8,%,예상 채용 인력의 학력 구성,향후 3년,2025년 드론산업 실태조사 보고서_항공안전기술원.pdf,195,계획·전망치이며 실제 채용 실적이 아님
2024,학력,고졸 이하,10.0,%,예상 채용 인력의 학력 구성,향후 3년,2025년 드론산업 실태조사 보고서_항공안전기술원.pdf,195,계획·전망치이며 실제 채용 실적이 아님
2024,경력,경력,53.9,%,예상 채용 인력의 경력 구성,향후 3년,2025년 드론산업 실태조사 보고서_항공안전기술원.pdf,195,계획·전망치이며 실제 채용 실적이 아님
2024,경력,신입,46.1,%,예상 채용 인력의 경력 구성,향후 3년,2025년 드론산업 실태조사 보고서_항공안전기술원.pdf,195,계획·전망치이며 실제 채용 실적이 아님
2024,채용애로,숙련된 전문인력 부족,46.0,%,애로사항 1순위 응답 비중,향후 3년,2025년 드론산업 실태조사 보고서_항공안전기술원.pdf,195,계획·전망치이며 실제 채용 실적이 아님
