record_id,indicator_dataset,item,subcategory,year,period,value,unit_original,source_attribution,pdf_page,note,source_row
40b091555ffb80855136903a,china_drone_import_dependence_change,그리스,,2022,2022→2024,119.6,%,UN Comtrade 바탕 저자 계산,27,2024년 드론 수입시장 규모가 2022년 대비 확대된 54개국 대상. 총수입액 증가율.,2
33858e64a31514a54a78e8d6,china_drone_import_dependence_change,그리스,,2022,2022→2024,18.0,%p,UN Comtrade 바탕 저자 계산,27,중국산 수입 비중 변화(2022→2024).,3
c9df5e79462086965891dedd,china_drone_import_dependence_change,나미비아,,2022,2022→2024,8779.7,%,UN Comtrade 바탕 저자 계산,27,2024년 드론 수입시장 규모가 2022년 대비 확대된 54개국 대상. 총수입액 증가율.,4
b7f4168663687db3d473cdcb,china_drone_import_dependence_change,나미비아,,2022,2022→2024,89.4,%p,UN Comtrade 바탕 저자 계산,27,중국산 수입 비중 변화(2022→2024).,5
8ba9fe4d25e4eb4665f4f95a,china_drone_import_dependence_change,나이지리아,,2022,2022→2024,252.1,%,UN Comtrade 바탕 저자 계산,27,2024년 드론 수입시장 규모가 2022년 대비 확대된 54개국 대상. 총수입액 증가율.,6
5c62b241806fc06d65422bd5,china_drone_import_dependence_change,나이지리아,,2022,2022→2024,13.0,%p,UN Comtrade 바탕 저자 계산,27,중국산 수입 비중 변화(2022→2024).,7
10805ff61df1ca1507674561,china_drone_import_dependence_change,남아공,,2022,2022→2024,177.5,%,UN Comtrade 바탕 저자 계산,27,2024년 드론 수입시장 규모가 2022년 대비 확대된 54개국 대상. 총수입액 증가율.,8
3c50302612396e47498236e4,china_drone_import_dependence_change,남아공,,2022,2022→2024,2.2,%p,UN Comtrade 바탕 저자 계산,27,중국산 수입 비중 변화(2022→2024).,9
2a0678db08b4a6dc83070f1b,china_drone_import_dependence_change,네덜란드,,2022,2022→2024,154.6,%,UN Comtrade 바탕 저자 계산,27,2024년 드론 수입시장 규모가 2022년 대비 확대된 54개국 대상. 총수입액 증가율.,10
911472d06311874fc5eadc09,china_drone_import_dependence_change,네덜란드,,2022,2022→2024,11.0,%p,UN Comtrade 바탕 저자 계산,27,중국산 수입 비중 변화(2022→2024).,11
efb9548373e774a4d341ced2,china_drone_import_dependence_change,노르웨이,,2022,2022→2024,16.5,%,UN Comtrade 바탕 저자 계산,27,2024년 드론 수입시장 규모가 2022년 대비 확대된 54개국 대상. 총수입액 증가율.,12
d48d359b2bddbcfd59d95193,china_drone_import_dependence_change,노르웨이,,2022,2022→2024,19.4,%p,UN Comtrade 바탕 저자 계산,27,중국산 수입 비중 변화(2022→2024).,13
ffea9e55b266eebc455552d4,china_drone_import_dependence_change,뉴질랜드,,2022,2022→2024,294.6,%,UN Comtrade 바탕 저자 계산,27,2024년 드론 수입시장 규모가 2022년 대비 확대된 54개국 대상. 총수입액 증가율.,14
8fdf7e73cd0232db09e70b4c,china_drone_import_dependence_change,뉴질랜드,,2022,2022→2024,-9.7,%p,UN Comtrade 바탕 저자 계산,27,중국산 수입 비중 변화(2022→2024).,15
38f1fed2fa3fdb794f9cffe0,china_drone_import_dependence_change,대한민국,,2022,2022→2024,30.4,%,UN Comtrade 바탕 저자 계산,27,2024년 드론 수입시장 규모가 2022년 대비 확대된 54개국 대상. 총수입액 증가율.,16
8992bb46242e2398bf4ba2ad,china_drone_import_dependence_change,대한민국,,2022,2022→2024,-6.6,%p,UN Comtrade 바탕 저자 계산,27,중국산 수입 비중 변화(2022→2024).,17
d52127697aad16279eb5199e,china_drone_import_dependence_change,덴마크,,2022,2022→2024,166.8,%,UN Comtrade 바탕 저자 계산,27,2024년 드론 수입시장 규모가 2022년 대비 확대된 54개국 대상. 총수입액 증가율.,18
b1dada6b66a5057e0ca9916a,china_drone_import_dependence_change,덴마크,,2022,2022→2024,-3.6,%p,UN Comtrade 바탕 저자 계산,27,중국산 수입 비중 변화(2022→2024).,19
c4eed70c3e4b2d01685182ed,china_drone_import_dependence_change,독일,,2022,2022→2024,98.7,%,UN Comtrade 바탕 저자 계산,27,2024년 드론 수입시장 규모가 2022년 대비 확대된 54개국 대상. 총수입액 증가율.,20
79387a55c6d9775f4d432ddc,china_drone_import_dependence_change,독일,,2022,2022→2024,-15.0,%p,UN Comtrade 바탕 저자 계산,27,중국산 수입 비중 변화(2022→2024).,21
2888210ada3c913d8a392fac,china_drone_import_dependence_change,라트비아,,2022,2022→2024,86.8,%,UN Comtrade 바탕 저자 계산,27,2024년 드론 수입시장 규모가 2022년 대비 확대된 54개국 대상. 총수입액 증가율.,22
fbbf3a82d0f7e50c9fa1831d,china_drone_import_dependence_change,라트비아,,2022,2022→2024,-26.9,%p,UN Comtrade 바탕 저자 계산,27,중국산 수입 비중 변화(2022→2024).,23
f4c33554743bff95a3d78aa3,china_drone_import_dependence_change,루마니아,,2022,2022→2024,2506.9,%,UN Comtrade 바탕 저자 계산,27,2024년 드론 수입시장 규모가 2022년 대비 확대된 54개국 대상. 총수입액 증가율.,24
e7f0e563244e96ea214e789b,china_drone_import_dependence_change,루마니아,,2022,2022→2024,-15.3,%p,UN Comtrade 바탕 저자 계산,27,중국산 수입 비중 변화(2022→2024).,25
2595e4acb536727f608ff894,china_drone_import_dependence_change,룩셈부르크,,2022,2022→2024,16.7,%,UN Comtrade 바탕 저자 계산,27,2024년 드론 수입시장 규모가 2022년 대비 확대된 54개국 대상. 총수입액 증가율.,26
0388db1bcb44ca40949ef5da,china_drone_import_dependence_change,룩셈부르크,,2022,2022→2024,57.7,%p,UN Comtrade 바탕 저자 계산,27,중국산 수입 비중 변화(2022→2024).,27
a31a19990bc3dcdef9b348e3,china_drone_import_dependence_change,리투아니아,,2022,2022→2024,117.6,%,UN Comtrade 바탕 저자 계산,27,2024년 드론 수입시장 규모가 2022년 대비 확대된 54개국 대상. 총수입액 증가율.,28
ea284d0033cc8ec426f686a0,china_drone_import_dependence_change,리투아니아,,2022,2022→2024,23.4,%p,UN Comtrade 바탕 저자 계산,27,중국산 수입 비중 변화(2022→2024).,29
c700884629e127d322b370fa,china_drone_import_dependence_change,말레이시아,,2022,2022→2024,545.7,%,UN Comtrade 바탕 저자 계산,27,2024년 드론 수입시장 규모가 2022년 대비 확대된 54개국 대상. 총수입액 증가율.,30
a78b4d18aa16aed0cf08e272,china_drone_import_dependence_change,말레이시아,,2022,2022→2024,-15.0,%p,UN Comtrade 바탕 저자 계산,27,중국산 수입 비중 변화(2022→2024).,31
cdef37629017aece47d81b2b,china_drone_import_dependence_change,몬테네그로,,2022,2022→2024,36.9,%,UN Comtrade 바탕 저자 계산,27,2024년 드론 수입시장 규모가 2022년 대비 확대된 54개국 대상. 총수입액 증가율.,32
39e4ae76444f7d3f39f97e1e,china_drone_import_dependence_change,몬테네그로,,2022,2022→2024,3.7,%p,UN Comtrade 바탕 저자 계산,27,중국산 수입 비중 변화(2022→2024).,33
34489e44de7f3cd37c260be5,china_drone_import_dependence_change,미국,,2022,2022→2024,64.8,%,UN Comtrade 바탕 저자 계산,27,2024년 드론 수입시장 규모가 2022년 대비 확대된 54개국 대상. 총수입액 증가율.,34
bf391c9b8eae2f7f8b14ba20,china_drone_import_dependence_change,미국,,2022,2022→2024,-28.6,%p,UN Comtrade 바탕 저자 계산,27,중국산 수입 비중 변화(2022→2024).,35
63da6faa09029d56799e05d3,china_drone_import_dependence_change,벨기에,,2022,2022→2024,90.2,%,UN Comtrade 바탕 저자 계산,27,2024년 드론 수입시장 규모가 2022년 대비 확대된 54개국 대상. 총수입액 증가율.,36
8f7a702387516a0ff6a38f7b,china_drone_import_dependence_change,벨기에,,2022,2022→2024,-37.9,%p,UN Comtrade 바탕 저자 계산,27,중국산 수입 비중 변화(2022→2024).,37
aa9b27f457b705921a251260,china_drone_import_dependence_change,보스니아,,2022,2022→2024,335.8,%,UN Comtrade 바탕 저자 계산,27,2024년 드론 수입시장 규모가 2022년 대비 확대된 54개국 대상. 총수입액 증가율.,38
aab21cedbe0e50ff5e258885,china_drone_import_dependence_change,보스니아,,2022,2022→2024,-0.9,%p,UN Comtrade 바탕 저자 계산,27,중국산 수입 비중 변화(2022→2024).,39
6638ad9b4649ad38d5eff600,china_drone_import_dependence_change,볼리비아,,2022,2022→2024,12.5,%,UN Comtrade 바탕 저자 계산,27,2024년 드론 수입시장 규모가 2022년 대비 확대된 54개국 대상. 총수입액 증가율.,40
fdb793cb6df2fa345a1a1370,china_drone_import_dependence_change,볼리비아,,2022,2022→2024,-2.1,%p,UN Comtrade 바탕 저자 계산,27,중국산 수입 비중 변화(2022→2024).,41
7a6f5655af10a1535392381d,china_drone_import_dependence_change,부르키나파소,,2022,2022→2024,115.1,%,UN Comtrade 바탕 저자 계산,27,2024년 드론 수입시장 규모가 2022년 대비 확대된 54개국 대상. 총수입액 증가율.,42
2a8bf253eb468f80c25db061,china_drone_import_dependence_change,부르키나파소,,2022,2022→2024,7.2,%p,UN Comtrade 바탕 저자 계산,27,중국산 수입 비중 변화(2022→2024).,43
4bcec1fdd58d9ff7f84fb579,china_drone_import_dependence_change,북마케도니아,,2022,2022→2024,221.2,%,UN Comtrade 바탕 저자 계산,27,2024년 드론 수입시장 규모가 2022년 대비 확대된 54개국 대상. 총수입액 증가율.,44
146ef7eda4e2742e5db75569,china_drone_import_dependence_change,북마케도니아,,2022,2022→2024,-3.8,%p,UN Comtrade 바탕 저자 계산,27,중국산 수입 비중 변화(2022→2024).,45
078b00134031a54011619151,china_drone_import_dependence_change,불가리아,,2022,2022→2024,32.7,%,UN Comtrade 바탕 저자 계산,27,2024년 드론 수입시장 규모가 2022년 대비 확대된 54개국 대상. 총수입액 증가율.,46
205c1fde60cfbd2f36f80cef,china_drone_import_dependence_change,불가리아,,2022,2022→2024,54.2,%p,UN Comtrade 바탕 저자 계산,27,중국산 수입 비중 변화(2022→2024).,47
4718e432c1877752bcb85bc5,china_drone_import_dependence_change,브라질,,2022,2022→2024,160.6,%,UN Comtrade 바탕 저자 계산,27,2024년 드론 수입시장 규모가 2022년 대비 확대된 54개국 대상. 총수입액 증가율.,48
98df528318139e756ab79b6d,china_drone_import_dependence_change,브라질,,2022,2022→2024,18.0,%p,UN Comtrade 바탕 저자 계산,27,중국산 수입 비중 변화(2022→2024).,49
394970a7f2da4a7fcf3db3f7,china_drone_import_dependence_change,사우디아라비아,,2022,2022→2024,54.1,%,UN Comtrade 바탕 저자 계산,27,2024년 드론 수입시장 규모가 2022년 대비 확대된 54개국 대상. 총수입액 증가율.,50
77fc54a867da83ae9a112e94,china_drone_import_dependence_change,사우디아라비아,,2022,2022→2024,40.6,%p,UN Comtrade 바탕 저자 계산,27,중국산 수입 비중 변화(2022→2024).,51
36612d3ecc97a8d47e69bcb2,china_drone_import_dependence_change,세르비아,,2022,2022→2024,31.5,%,UN Comtrade 바탕 저자 계산,27,2024년 드론 수입시장 규모가 2022년 대비 확대된 54개국 대상. 총수입액 증가율.,52
4c8363bab48da4263e6a808d,china_drone_import_dependence_change,세르비아,,2022,2022→2024,19.6,%p,UN Comtrade 바탕 저자 계산,27,중국산 수입 비중 변화(2022→2024).,53
81188992df8262e09987907d,china_drone_import_dependence_change,스웨덴,,2022,2022→2024,85.3,%,UN Comtrade 바탕 저자 계산,27,2024년 드론 수입시장 규모가 2022년 대비 확대된 54개국 대상. 총수입액 증가율.,54
e0748453295765f8f7b9806e,china_drone_import_dependence_change,스웨덴,,2022,2022→2024,-2.6,%p,UN Comtrade 바탕 저자 계산,27,중국산 수입 비중 변화(2022→2024).,55
1e6d7118945c225500051cdd,china_drone_import_dependence_change,스위스,,2022,2022→2024,20.9,%,UN Comtrade 바탕 저자 계산,27,2024년 드론 수입시장 규모가 2022년 대비 확대된 54개국 대상. 총수입액 증가율.,56
0dab1b40dbfb6d7538a3c348,china_drone_import_dependence_change,스위스,,2022,2022→2024,-32.7,%p,UN Comtrade 바탕 저자 계산,27,중국산 수입 비중 변화(2022→2024).,57
9c6da73ab9c4c030c5b90540,china_drone_import_dependence_change,스페인,,2022,2022→2024,63.8,%,UN Comtrade 바탕 저자 계산,27,2024년 드론 수입시장 규모가 2022년 대비 확대된 54개국 대상. 총수입액 증가율.,58
4f7728df37e244bfef13e3e9,china_drone_import_dependence_change,스페인,,2022,2022→2024,-9.4,%p,UN Comtrade 바탕 저자 계산,27,중국산 수입 비중 변화(2022→2024).,59
4da4f70e04b099524efa5376,china_drone_import_dependence_change,슬로바키아,,2022,2022→2024,243.0,%,UN Comtrade 바탕 저자 계산,27,2024년 드론 수입시장 규모가 2022년 대비 확대된 54개국 대상. 총수입액 증가율.,60
6628641307d1394937eb7f45,china_drone_import_dependence_change,슬로바키아,,2022,2022→2024,11.4,%p,UN Comtrade 바탕 저자 계산,27,중국산 수입 비중 변화(2022→2024).,61
b15592bb226cb80a02f0389e,china_drone_import_dependence_change,아이슬란드,,2022,2022→2024,17.7,%,UN Comtrade 바탕 저자 계산,27,2024년 드론 수입시장 규모가 2022년 대비 확대된 54개국 대상. 총수입액 증가율.,62
84eb68a0cb75ae446c7d8af8,china_drone_import_dependence_change,아이슬란드,,2022,2022→2024,-5.5,%p,UN Comtrade 바탕 저자 계산,27,중국산 수입 비중 변화(2022→2024).,63
3521c5a89ead41fc2c2a3ac6,china_drone_import_dependence_change,아일랜드,,2022,2022→2024,273.7,%,UN Comtrade 바탕 저자 계산,27,2024년 드론 수입시장 규모가 2022년 대비 확대된 54개국 대상. 총수입액 증가율.,64
a24c68fe3f89ed59151c8f2e,china_drone_import_dependence_change,아일랜드,,2022,2022→2024,-0.9,%p,UN Comtrade 바탕 저자 계산,27,중국산 수입 비중 변화(2022→2024).,65
fe318fb25758ae769b61cb40,china_drone_import_dependence_change,에스토니아,,2022,2022→2024,323.4,%,UN Comtrade 바탕 저자 계산,27,2024년 드론 수입시장 규모가 2022년 대비 확대된 54개국 대상. 총수입액 증가율.,66
fefc7f4889cfdbd9bfe66e2a,china_drone_import_dependence_change,에스토니아,,2022,2022→2024,31.2,%p,UN Comtrade 바탕 저자 계산,27,중국산 수입 비중 변화(2022→2024).,67
9679b65ff43b1ae5ebd2e947,china_drone_import_dependence_change,엘살바도르,,2022,2022→2024,35.7,%,UN Comtrade 바탕 저자 계산,27,2024년 드론 수입시장 규모가 2022년 대비 확대된 54개국 대상. 총수입액 증가율.,68
f72174ac11f6c1f532ed82fb,china_drone_import_dependence_change,엘살바도르,,2022,2022→2024,-27.5,%p,UN Comtrade 바탕 저자 계산,27,중국산 수입 비중 변화(2022→2024).,69
de58710d0e2068b64de687ab,china_drone_import_dependence_change,영국,,2022,2022→2024,127.9,%,UN Comtrade 바탕 저자 계산,27,2024년 드론 수입시장 규모가 2022년 대비 확대된 54개국 대상. 총수입액 증가율.,70
7da28d3bf0e7f816a9e7e67a,china_drone_import_dependence_change,영국,,2022,2022→2024,-20.0,%p,UN Comtrade 바탕 저자 계산,27,중국산 수입 비중 변화(2022→2024).,71
e99e35a5e33b2e94c523a6c3,china_drone_import_dependence_change,오스트리아,,2022,2022→2024,68.6,%,UN Comtrade 바탕 저자 계산,27,2024년 드론 수입시장 규모가 2022년 대비 확대된 54개국 대상. 총수입액 증가율.,72
f0a808a0fdc88ab9c6322a28,china_drone_import_dependence_change,오스트리아,,2022,2022→2024,17.1,%p,UN Comtrade 바탕 저자 계산,27,중국산 수입 비중 변화(2022→2024).,73
8ffe4cbc0daceae1b5b6ca89,china_drone_import_dependence_change,이스라엘,,2022,2022→2024,230.8,%,UN Comtrade 바탕 저자 계산,27,2024년 드론 수입시장 규모가 2022년 대비 확대된 54개국 대상. 총수입액 증가율.,74
2f5b23c5aa1edcf71d81354c,china_drone_import_dependence_change,이스라엘,,2022,2022→2024,-32.4,%p,UN Comtrade 바탕 저자 계산,27,중국산 수입 비중 변화(2022→2024).,75
2c6ca28a3738b73da0b95f54,china_drone_import_dependence_change,이탈리아,,2022,2022→2024,122.8,%,UN Comtrade 바탕 저자 계산,27,2024년 드론 수입시장 규모가 2022년 대비 확대된 54개국 대상. 총수입액 증가율.,76
1fa4dfcf09777594b3ca9dcf,china_drone_import_dependence_change,이탈리아,,2022,2022→2024,-51.2,%p,UN Comtrade 바탕 저자 계산,27,중국산 수입 비중 변화(2022→2024).,77
82bcec5fcfc5b80831504d33,china_drone_import_dependence_change,인도,,2022,2022→2024,731.9,%,UN Comtrade 바탕 저자 계산,27,2024년 드론 수입시장 규모가 2022년 대비 확대된 54개국 대상. 총수입액 증가율.,78
13d14071768bab749f18b3e3,china_drone_import_dependence_change,인도,,2022,2022→2024,-0.7,%p,UN Comtrade 바탕 저자 계산,27,중국산 수입 비중 변화(2022→2024).,79
b966f9826edd75db543d0117,china_drone_import_dependence_change,체코,,2022,2022→2024,363.4,%,UN Comtrade 바탕 저자 계산,27,2024년 드론 수입시장 규모가 2022년 대비 확대된 54개국 대상. 총수입액 증가율.,80
5bb6c8000fad0cec8f4bcf27,china_drone_import_dependence_change,체코,,2022,2022→2024,5.2,%p,UN Comtrade 바탕 저자 계산,27,중국산 수입 비중 변화(2022→2024).,81
da5bf6a9693916e49ed31006,china_drone_import_dependence_change,칠레,,2022,2022→2024,581.0,%,UN Comtrade 바탕 저자 계산,27,2024년 드론 수입시장 규모가 2022년 대비 확대된 54개국 대상. 총수입액 증가율.,82
f101fd5901bf8fcc96e54b15,china_drone_import_dependence_change,칠레,,2022,2022→2024,9.9,%p,UN Comtrade 바탕 저자 계산,27,중국산 수입 비중 변화(2022→2024).,83
081bfc5affb5653d07f8d8cf,china_drone_import_dependence_change,캐나다,,2022,2022→2024,93.0,%,UN Comtrade 바탕 저자 계산,27,2024년 드론 수입시장 규모가 2022년 대비 확대된 54개국 대상. 총수입액 증가율.,84
537faf68ebb7abf18618651b,china_drone_import_dependence_change,캐나다,,2022,2022→2024,-8.4,%p,UN Comtrade 바탕 저자 계산,27,중국산 수입 비중 변화(2022→2024).,85
f407de4e74c10a4e03d85774,china_drone_import_dependence_change,크로아티아,,2022,2022→2024,262.6,%,UN Comtrade 바탕 저자 계산,27,2024년 드론 수입시장 규모가 2022년 대비 확대된 54개국 대상. 총수입액 증가율.,86
179385d20856e1228b8e3635,china_drone_import_dependence_change,크로아티아,,2022,2022→2024,-41.6,%p,UN Comtrade 바탕 저자 계산,27,중국산 수입 비중 변화(2022→2024).,87
ecb4d177c506a37c986d5680,china_drone_import_dependence_change,태국,,2022,2022→2024,132.7,%,UN Comtrade 바탕 저자 계산,27,2024년 드론 수입시장 규모가 2022년 대비 확대된 54개국 대상. 총수입액 증가율.,88
31e6d857035481e363a1c42a,china_drone_import_dependence_change,태국,,2022,2022→2024,36.0,%p,UN Comtrade 바탕 저자 계산,27,중국산 수입 비중 변화(2022→2024).,89
eeb14fe9fcad3ca3f2b06352,china_drone_import_dependence_change,튀르키예,,2022,2022→2024,115.2,%,UN Comtrade 바탕 저자 계산,27,2024년 드론 수입시장 규모가 2022년 대비 확대된 54개국 대상. 총수입액 증가율.,90
e8596f17cdef181d6d080b65,china_drone_import_dependence_change,튀르키예,,2022,2022→2024,2.1,%p,UN Comtrade 바탕 저자 계산,27,중국산 수입 비중 변화(2022→2024).,91
5fa03a53e2fb933eb6bfe884,china_drone_import_dependence_change,파나마,,2022,2022→2024,860.0,%,UN Comtrade 바탕 저자 계산,27,2024년 드론 수입시장 규모가 2022년 대비 확대된 54개국 대상. 총수입액 증가율.,92
fe9791086f4023593187193b,china_drone_import_dependence_change,파나마,,2022,2022→2024,24.8,%p,UN Comtrade 바탕 저자 계산,27,중국산 수입 비중 변화(2022→2024).,93
7d649b007be6338f548a8512,china_drone_import_dependence_change,파라과이,,2022,2022→2024,188.1,%,UN Comtrade 바탕 저자 계산,27,2024년 드론 수입시장 규모가 2022년 대비 확대된 54개국 대상. 총수입액 증가율.,94
e9a8be6abf1238573dd123fe,china_drone_import_dependence_change,파라과이,,2022,2022→2024,-2.1,%p,UN Comtrade 바탕 저자 계산,27,중국산 수입 비중 변화(2022→2024).,95
47cb172058fa8a07e55bff0d,china_drone_import_dependence_change,페루,,2022,2022→2024,91.0,%,UN Comtrade 바탕 저자 계산,27,2024년 드론 수입시장 규모가 2022년 대비 확대된 54개국 대상. 총수입액 증가율.,96
0d43daee44bcacf3854902bc,china_drone_import_dependence_change,페루,,2022,2022→2024,6.0,%p,UN Comtrade 바탕 저자 계산,27,중국산 수입 비중 변화(2022→2024).,97
9d99602b3b65039882f116e2,china_drone_import_dependence_change,포르투갈,,2022,2022→2024,117.1,%,UN Comtrade 바탕 저자 계산,27,2024년 드론 수입시장 규모가 2022년 대비 확대된 54개국 대상. 총수입액 증가율.,98
b6780461155f0847eaa863fb,china_drone_import_dependence_change,포르투갈,,2022,2022→2024,27.1,%p,UN Comtrade 바탕 저자 계산,27,중국산 수입 비중 변화(2022→2024).,99
91444e4aa5ae4b13b0153bc0,china_drone_import_dependence_change,폴란드,,2022,2022→2024,168.4,%,UN Comtrade 바탕 저자 계산,27,2024년 드론 수입시장 규모가 2022년 대비 확대된 54개국 대상. 총수입액 증가율.,100
2d4ad84f760c269e2205528e,china_drone_import_dependence_change,폴란드,,2022,2022→2024,10.5,%p,UN Comtrade 바탕 저자 계산,27,중국산 수입 비중 변화(2022→2024).,101
c2ee9fcb5c75233505b8fe01,china_drone_import_dependence_change,프랑스,,2022,2022→2024,74.1,%,UN Comtrade 바탕 저자 계산,27,2024년 드론 수입시장 규모가 2022년 대비 확대된 54개국 대상. 총수입액 증가율.,102
a9458e37cc5c550c884369e0,china_drone_import_dependence_change,프랑스,,2022,2022→2024,-41.1,%p,UN Comtrade 바탕 저자 계산,27,중국산 수입 비중 변화(2022→2024).,103
30cab4043122d377ba05f5a6,china_drone_import_dependence_change,핀란드,,2022,2022→2024,54.8,%,UN Comtrade 바탕 저자 계산,27,2024년 드론 수입시장 규모가 2022년 대비 확대된 54개국 대상. 총수입액 증가율.,104
223ae9937b63057b3abbddd8,china_drone_import_dependence_change,핀란드,,2022,2022→2024,-11.0,%p,UN Comtrade 바탕 저자 계산,27,중국산 수입 비중 변화(2022→2024).,105
f909ad98e3549a7cf8ed8302,china_drone_import_dependence_change,헝가리,,2022,2022→2024,151.4,%,UN Comtrade 바탕 저자 계산,27,2024년 드론 수입시장 규모가 2022년 대비 확대된 54개국 대상. 총수입액 증가율.,106
4b8374b65b9d094ef51fe7f7,china_drone_import_dependence_change,헝가리,,2022,2022→2024,-0.4,%p,UN Comtrade 바탕 저자 계산,27,중국산 수입 비중 변화(2022→2024).,107
5c329ccf76c4451049c305b4,china_drone_import_dependence_change,호주,,2022,2022→2024,46.4,%,UN Comtrade 바탕 저자 계산,27,2024년 드론 수입시장 규모가 2022년 대비 확대된 54개국 대상. 총수입액 증가율.,108
06412e97347ef4e5a1dc6850,china_drone_import_dependence_change,호주,,2022,2022→2024,-0.7,%p,UN Comtrade 바탕 저자 계산,27,중국산 수입 비중 변화(2022→2024).,109
3605fc5bcb2728304afa0b5d,cms_effects,상품 구성 요인,,2024,2022→2024,13.7,%,"한국무역협회 K-stat 분석, 보고서 저자 계산",14,CMS 모형에서 각 요인의 기여도. 세 요인의 합은 100.0%로 제시됨.,110
c0306123dd2ee975ddf29d98,cms_effects,수입 수요 요인,,2024,2022→2024,-1.9,%,"한국무역협회 K-stat 분석, 보고서 저자 계산",14,CMS 모형에서 각 요인의 기여도. 세 요인의 합은 100.0%로 제시됨.,111
204106a565bb124a01fe3da8,cms_effects,수출경쟁력 요인,,2024,2022→2024,88.0,%,"한국무역협회 K-stat 분석, 보고서 저자 계산",14,CMS 모형에서 각 요인의 기여도. 세 요인의 합은 100.0%로 제시됨.,112
5738165adb9dd8427b159bdb,drone_export_control,중국의 세계 드론 수출시장 점유율,,2022,연간,64.5,%,UN Comtrade 활용 저자 계산,11,,113
064938b98fb098d28ac5299e,drone_export_control,중국의 세계 드론 수출시장 점유율,,2024,연간,37.8,%,UN Comtrade 활용 저자 계산,11,,114
fbb4577cf1720fcc689bdec4,global_daas_market,글로벌 DaaS 시장 연평균 성장률,,2024,2024→2033,18.0,%,Verified Market Reports(2025),17,보고서 제시 CAGR.,115
3ca049229cc7e7dcfddf3e3c,global_daas_market,글로벌 DaaS 시장 규모,,2024,연간,63.0,억 달러,Verified Market Reports(2025),17,보고서 인용 전망치.,116
e1a774d86dbe6dbdbb7c3571,global_daas_market,글로벌 DaaS 시장 규모,,2033,연간,270.0,억 달러,Verified Market Reports(2025),17,보고서 전망치.,117
ada4a6ded50084a24b9b3eb1,global_drone_market,세계 드론 시장 CAGR,,2024,2024→2030,14.4,%,Grand View Research(2025),7,,118
4a11f2f9241e2340384cb62d,global_drone_market,세계 드론 시장 규모,,2024,연간,730.0,억 달러,Grand View Research(2025),7,보고서 인용 시장규모.,119
ea90d483f4848713f5c90ba4,global_drone_market,세계 드론 시장 규모,,2030,연간,1636.0,억 달러,Grand View Research(2025),7,보고서 전망치.,120
4845d9ce87f13b0667c61db1,global_drone_market_segment,군사용 드론 시장 CAGR,,2024,2024→2030,13.7,%,Grand View Research(2025),7,,121
37f2ab473932f4d82f128368,global_drone_market_segment,상업용 드론 시장 CAGR,,2024,2024→2030,10.5,%,Grand View Research(2025),7,,122
806aa866be5f05071a54eeed,global_drone_market_segment,군사용 드론 시장 규모,,2030,연간,876.0,억 달러,Grand View Research(2025),7,,123
c966e598c0af21b7940dbd0f,global_drone_market_segment,상업용 드론 시장 규모,,2030,연간,546.0,억 달러,Grand View Research(2025),7,,124
447ba969c06b34dab12fce77,global_drone_trade,세계 드론 교역 규모,,2022,상반기,940.3,백만 달러,UN Comtrade 활용 저자 계산,9,HS Code 8806 기준. 교역 규모는 수출액(FOB)과 수입액(CIF)의 평균.,125
640345b6fa3de9cc80ee33af,global_drone_trade,세계 드론 교역 규모,,2022,하반기,1468.5,백만 달러,UN Comtrade 활용 저자 계산,9,HS Code 8806 기준. 교역 규모는 수출액(FOB)과 수입액(CIF)의 평균.,126
bac3992764766495f896a7c0,global_drone_trade,세계 드론 교역 규모,,2023,상반기,1889.0,백만 달러,UN Comtrade 활용 저자 계산,9,HS Code 8806 기준. 교역 규모는 수출액(FOB)과 수입액(CIF)의 평균.,127
647c4c44bb4b732e374af546,global_drone_trade,세계 드론 교역 규모,,2023,하반기,2746.9,백만 달러,UN Comtrade 활용 저자 계산,9,HS Code 8806 기준. 교역 규모는 수출액(FOB)과 수입액(CIF)의 평균.,128
423697b4cfe5dfa7ab678c30,global_drone_trade,세계 드론 교역 규모,,2024,상반기,2709.6,백만 달러,UN Comtrade 활용 저자 계산,9,HS Code 8806 기준. 교역 규모는 수출액(FOB)과 수입액(CIF)의 평균.,129
8f5df8c67371e38eeb92d2e3,global_drone_trade,세계 드론 교역 규모,,2024,하반기,3414.0,백만 달러,UN Comtrade 활용 저자 계산,9,HS Code 8806 기준. 교역 규모는 수출액(FOB)과 수입액(CIF)의 평균.,130
9274d0aeb4ba6004b9352cd1,global_drone_trade,세계 드론 교역 규모,,2025,상반기,2818.9,백만 달러,UN Comtrade 활용 저자 계산,9,HS Code 8806 기준. 교역 규모는 수출액(FOB)과 수입액(CIF)의 평균.,131
2801943528428bfbfa8b38ad,global_export_market_share,네덜란드,2위,2022,연간,7.4,%,UN Comtrade 활용 저자 계산,11,세계 드론 수출시장 점유율,132
17d0326da3703ded522816c9,global_export_market_share,독일,5위,2022,연간,1.6,%,UN Comtrade 활용 저자 계산,11,세계 드론 수출시장 점유율,133
47859bc937379cb4bbbbdb42,global_export_market_share,미국,3위,2022,연간,5.1,%,UN Comtrade 활용 저자 계산,11,세계 드론 수출시장 점유율,134
0d1f58f207de1c6ec9fce337,global_export_market_share,이스라엘,4위,2022,연간,1.9,%,UN Comtrade 활용 저자 계산,11,세계 드론 수출시장 점유율,135
d71ffa0338f44adcfc59644f,global_export_market_share,중국,1위,2022,연간,64.5,%,UN Comtrade 활용 저자 계산,11,세계 드론 수출시장 점유율,136
eb33556b4b0d2e68c1bfec37,global_export_market_share,네덜란드,3위,2024,연간,6.0,%,UN Comtrade 활용 저자 계산,11,세계 드론 수출시장 점유율,137
4d0061f731e1969c286bde58,global_export_market_share,미국,4위,2024,연간,5.4,%,UN Comtrade 활용 저자 계산,11,세계 드론 수출시장 점유율,138
4204782d3e8c77efb86318cf,global_export_market_share,이스라엘,5위,2024,연간,3.3,%,UN Comtrade 활용 저자 계산,11,세계 드론 수출시장 점유율,139
1d0d736d7f96700ae7c9da8e,global_export_market_share,중국,1위,2024,연간,37.8,%,UN Comtrade 활용 저자 계산,11,세계 드론 수출시장 점유율,140
17d3eb7c1a7f7981e41b4639,global_export_market_share,폴란드,2위,2024,연간,9.6,%,UN Comtrade 활용 저자 계산,11,세계 드론 수출시장 점유율,141
14345aa06018d9844bbf2eb9,global_import_top5,네덜란드,3위,2022,연간,152032.0,천 달러,UN Comtrade 활용 저자 계산,12,세계 드론 수입시장 상위 5개국 수입액,142
bcfd00db2f96cf5fe30c18bb,global_import_top5,독일,4위,2022,연간,129333.0,천 달러,UN Comtrade 활용 저자 계산,12,세계 드론 수입시장 상위 5개국 수입액,143
2b7bfe7b3a84419d602b3d2f,global_import_top5,미국,1위,2022,연간,291578.0,천 달러,UN Comtrade 활용 저자 계산,12,세계 드론 수입시장 상위 5개국 수입액,144
ca591d219f5972752d560fec,global_import_top5,일본,2위,2022,연간,202587.0,천 달러,UN Comtrade 활용 저자 계산,12,세계 드론 수입시장 상위 5개국 수입액,145
e613fb72ae059116388658cb,global_import_top5,폴란드,5위,2022,연간,108530.0,천 달러,UN Comtrade 활용 저자 계산,12,세계 드론 수입시장 상위 5개국 수입액,146
ad97e0aef3ab371216e36c68,global_import_top5,네덜란드,4위,2023,연간,203722.0,천 달러,UN Comtrade 활용 저자 계산,12,세계 드론 수입시장 상위 5개국 수입액,147
cf95cd1caf355a3f34bb3023,global_import_top5,독일,5위,2023,연간,191202.0,천 달러,UN Comtrade 활용 저자 계산,12,세계 드론 수입시장 상위 5개국 수입액,148
c566ad9a733a5aa6aec62960,global_import_top5,미국,2위,2023,연간,673959.0,천 달러,UN Comtrade 활용 저자 계산,12,세계 드론 수입시장 상위 5개국 수입액,149
55d768703e1414b4e7b9713a,global_import_top5,우크라이나,1위,2023,연간,704711.0,천 달러,UN Comtrade 활용 저자 계산,12,세계 드론 수입시장 상위 5개국 수입액,150
a38a6e08acb0f58e1a51e968,global_import_top5,폴란드,3위,2023,연간,231748.0,천 달러,UN Comtrade 활용 저자 계산,12,세계 드론 수입시장 상위 5개국 수입액,151
21c93a766e4a64baffd8f89c,global_import_top5,네덜란드,3위,2024,연간,387074.0,천 달러,UN Comtrade 활용 저자 계산,12,세계 드론 수입시장 상위 5개국 수입액,152
d0255a478dae06cd2ccbd25b,global_import_top5,독일,5위,2024,연간,272123.0,천 달러,UN Comtrade 활용 저자 계산,12,세계 드론 수입시장 상위 5개국 수입액,153
80bda7ed33c3439247df3022,global_import_top5,미국,2위,2024,연간,480504.0,천 달러,UN Comtrade 활용 저자 계산,12,세계 드론 수입시장 상위 5개국 수입액,154
cfb708677fbf4232745800d8,global_import_top5,우크라이나,1위,2024,연간,1286315.0,천 달러,UN Comtrade 활용 저자 계산,12,세계 드론 수입시장 상위 5개국 수입액,155
b3d40da1296663d0dd93d160,global_import_top5,폴란드,4위,2024,연간,291338.0,천 달러,UN Comtrade 활용 저자 계산,12,세계 드론 수입시장 상위 5개국 수입액,156
293cbe4e41a20cb7158581db,global_import_top5_share,네덜란드,3위,2022,연간,8.0,%,UN Comtrade 활용 저자 계산,12,해당 연도 세계 총수입액 대비 비중,157
e1bb1cee5ffcdbfd520da0c6,global_import_top5_share,독일,4위,2022,연간,7.1,%,UN Comtrade 활용 저자 계산,12,해당 연도 세계 총수입액 대비 비중,158
5725fc24a940c0416e96e1c0,global_import_top5_share,미국,1위,2022,연간,13.5,%,UN Comtrade 활용 저자 계산,12,해당 연도 세계 총수입액 대비 비중,159
b538a3b0a33fd4356e411529,global_import_top5_share,일본,2위,2022,연간,9.4,%,UN Comtrade 활용 저자 계산,12,해당 연도 세계 총수입액 대비 비중,160
ea124b87339f694df8cc4823,global_import_top5_share,폴란드,5위,2022,연간,6.0,%,UN Comtrade 활용 저자 계산,12,해당 연도 세계 총수입액 대비 비중,161
4f9d939a2c7ee3861c3766a2,global_import_top5_share,네덜란드,4위,2023,연간,3.9,%,UN Comtrade 활용 저자 계산,12,해당 연도 세계 총수입액 대비 비중,162
148e129d3e21a3c759710bf1,global_import_top5_share,독일,5위,2023,연간,3.7,%,UN Comtrade 활용 저자 계산,12,해당 연도 세계 총수입액 대비 비중,163
385b563d32722e0e563273a6,global_import_top5_share,미국,2위,2023,연간,12.9,%,UN Comtrade 활용 저자 계산,12,해당 연도 세계 총수입액 대비 비중,164
b92a5c801f1f6183caf9ad13,global_import_top5_share,우크라이나,1위,2023,연간,13.5,%,UN Comtrade 활용 저자 계산,12,해당 연도 세계 총수입액 대비 비중,165
59965229ae624ff861c819c5,global_import_top5_share,폴란드,3위,2023,연간,4.4,%,UN Comtrade 활용 저자 계산,12,해당 연도 세계 총수입액 대비 비중,166
ba82291e8dbe4cb42555d01c,global_import_top5_share,네덜란드,3위,2024,연간,5.8,%,UN Comtrade 활용 저자 계산,12,해당 연도 세계 총수입액 대비 비중,167
fc0cf443f3f2208257e38a6d,global_import_top5_share,독일,5위,2024,연간,4.1,%,UN Comtrade 활용 저자 계산,12,해당 연도 세계 총수입액 대비 비중,168
e90eca4b879dd5a24c50a6ba,global_import_top5_share,미국,2위,2024,연간,7.2,%,UN Comtrade 활용 저자 계산,12,해당 연도 세계 총수입액 대비 비중,169
b75d5c114f719985e8645ab8,global_import_top5_share,우크라이나,1위,2024,연간,19.3,%,UN Comtrade 활용 저자 계산,12,해당 연도 세계 총수입액 대비 비중,170
2375bd61ce5200364e8de53f,global_import_top5_share,폴란드,4위,2024,연간,4.4,%,UN Comtrade 활용 저자 계산,12,해당 연도 세계 총수입액 대비 비중,171
694927ebf6bd2edcf25efe61,korea_avg_workers_per_manufacturer,제조업체 1개당 평균 근로자 수,,2021,연간,12.0,명/업체,항공안전기술원,25,,172
01f606ec5cddd4ed4b4547cc,korea_avg_workers_per_manufacturer,제조업체 1개당 평균 근로자 수,,2022,연간,11.9,명/업체,항공안전기술원,25,,173
4378ea36ddebc5a4bb19ecdc,korea_avg_workers_per_manufacturer,제조업체 1개당 평균 근로자 수,,2023,연간,4.5,명/업체,항공안전기술원,25,,174
1725214b4d03b213f1c7a067,korea_domestic_drone_market,국내 드론 시장 규모,,2016,연간,704.0,억원,항공안전기술원(시장 규모) 및 관계부처 합동(전망치),13,2032년 값은 전망치. 보고서 그래프의 CAGR은 13.5%.,175
18d8dd6b821c49ef87b64b54,korea_domestic_drone_market,국내 드론 시장 규모,,2020,연간,4943.0,억원,항공안전기술원(시장 규모) 및 관계부처 합동(전망치),13,2032년 값은 전망치. 보고서 그래프의 CAGR은 13.5%.,176
6fa4bcbf800859658176ab3c,korea_domestic_drone_market,국내 드론 시장 규모,,2023,연간,10993.0,억원,항공안전기술원(시장 규모) 및 관계부처 합동(전망치),13,2032년 값은 전망치. 보고서 그래프의 CAGR은 13.5%.,177
2fcfe358c65cc30eced27ddf,korea_domestic_drone_market,국내 드론 시장 규모,,2032,연간,39000.0,억원,항공안전기술원(시장 규모) 및 관계부처 합동(전망치),13,2032년 값은 전망치. 보고서 그래프의 CAGR은 13.5%.,178
a5845e9e99a854f36b41ab26,korea_drone_employment,드론 제조업체 종사 근로자 수,,2021,연간,4152.0,명,항공안전기술원,24,,179
87d1c08ba243ea5c20b6fbcb,korea_drone_employment,드론 제조업체 종사 근로자 수,,2023,연간,2740.0,명,항공안전기술원,24,,180
e4d851968488e1131ce222e6,korea_drone_employment,제조업체 1개당 평균 근로자 수,,2023,연간,4.5,명/업체,항공안전기술원,24,,181
63b37ef50f27ac7003c3b0be,korea_drone_export_destination_share,미국,,2024,기체,42.5,%,한국무역협회 K-stat 활용 저자 계산,22,2024년 우리나라 드론 기체 상위 5대 수출대상국 비중.,182
4d1583aea24c226a3db6095d,korea_drone_export_destination_share,중국,,2024,기체,9.4,%,한국무역협회 K-stat 활용 저자 계산,22,2024년 우리나라 드론 기체 상위 5대 수출대상국 비중.,183
9fa91b2b607bafc2d152370a,korea_drone_export_destination_share,캐나다,,2024,기체,2.9,%,한국무역협회 K-stat 활용 저자 계산,22,2024년 우리나라 드론 기체 상위 5대 수출대상국 비중.,184
355f12cfbd33ea9efb7e417c,korea_drone_export_destination_share,프랑스,,2024,기체,21.7,%,한국무역협회 K-stat 활용 저자 계산,22,2024년 우리나라 드론 기체 상위 5대 수출대상국 비중.,185
0f816120219b687336148c41,korea_drone_export_destination_share,홍콩,,2024,기체,10.8,%,한국무역협회 K-stat 활용 저자 계산,22,2024년 우리나라 드론 기체 상위 5대 수출대상국 비중.,186
40185e27f74576824535c4de,korea_drone_export_destination_share,미국,,2024,부품,42.9,%,한국무역협회 K-stat 활용 저자 계산,22,2024년 우리나라 드론 부품 상위 5대 수출대상국 비중.,187
7d7f7c2883f0814a544a9a03,korea_drone_export_destination_share,영국,,2024,부품,23.9,%,한국무역협회 K-stat 활용 저자 계산,22,2024년 우리나라 드론 부품 상위 5대 수출대상국 비중.,188
89367b98addd0e87f81dadba,korea_drone_export_destination_share,우즈베키스탄,,2024,부품,5.5,%,한국무역협회 K-stat 활용 저자 계산,22,2024년 우리나라 드론 부품 상위 5대 수출대상국 비중.,189
33c9f84a1fc8a989cfe04800,korea_drone_export_destination_share,인도,,2024,부품,5.5,%,한국무역협회 K-stat 활용 저자 계산,22,2024년 우리나라 드론 부품 상위 5대 수출대상국 비중.,190
c0777f9731f14341adf770ac,korea_drone_export_destination_share,튀르키예,,2024,부품,3.5,%,한국무역협회 K-stat 활용 저자 계산,22,2024년 우리나라 드론 부품 상위 5대 수출대상국 비중.,191
d303064f2b08b8b5d564b189,korea_drone_exports,우리나라 드론 기체 수출,,2022,연간,2805.0,천 달러,한국무역협회 K-stat,14,HS Code 8806(무인기) 기준.,192
ecd143a3ae3f7219e5cc6363,korea_drone_exports,우리나라 드론 기체 수출,,2023,연간,7496.0,천 달러,한국무역협회 K-stat,14,HS Code 8806(무인기) 기준.,193
dcba455200f3c10e1ccd231e,korea_drone_exports,우리나라 드론 기체 수출,,2024,상반기,12356.0,천 달러,한국무역협회 K-stat,14,HS Code 8806 기준.,194
7f5a75a318452afe45aea7eb,korea_drone_exports,우리나라 드론 기체 수출,,2024,연간,27540.0,천 달러,한국무역협회 K-stat,14,HS Code 8806(무인기) 기준.,195
ad3f84d0826ff8aa1693cca9,korea_drone_exports,우리나라 드론 기체 수출,,2025,상반기,15270.0,천 달러,한국무역협회 K-stat,14,전년 동기 대비 +23.6%.,196
c2c8a7e6541e43a59f4d00b0,korea_drone_manufacturers,국내 드론 제조업체 수,,2021,연간,345.0,개,항공안전기술원,23,,197
81b05190a0b109761d27fbb4,korea_drone_manufacturers,국내 드론 제조업체 수,,2022,연간,584.0,개,항공안전기술원,23,,198
586f70c1fd6fb91ba3d09869,korea_drone_manufacturers,국내 드론 제조업체 수,,2023,연간,608.0,개,항공안전기술원,23,,199
d2b72aead7608d4cdb6bdf97,korea_drone_parts_exports,우리나라 드론 부품 수출,,2022,연간,302.0,천 달러,한국무역협회 K-stat,14,HS Code 8807.30.3000(무인기의 부분품) 기준.,200
13dcc10bf9ef000df9f1e51a,korea_drone_parts_exports,우리나라 드론 부품 수출,,2023,연간,2418.0,천 달러,한국무역협회 K-stat,14,HS Code 8807.30.3000(무인기의 부분품) 기준.,201
c1353d39adb0799ce0e0f61e,korea_drone_parts_exports,우리나라 드론 부품 수출,,2024,상반기,1077.0,천 달러,한국무역협회 K-stat,14,HS Code 8807.30.3000 기준.,202
4a22bb0d4a0ce21bdda7f263,korea_drone_parts_exports,우리나라 드론 부품 수출,,2024,연간,1923.0,천 달러,한국무역협회 K-stat,14,HS Code 8807.30.3000(무인기의 부분품) 기준.,203
f8bfcb31bb62ec9b4f668d42,korea_drone_parts_exports,우리나라 드론 부품 수출,,2025,상반기,1323.0,천 달러,한국무역협회 K-stat,14,전년 동기 대비 +22.8%.,204
7f7384ec9c9b1219d1d09b3c,korea_drone_patents,제조업체 전체 특허 출원 수,,2021,연간,157.0,개,항공안전기술원,23,그래프상 제조업체 전체 특허 출원 수.,205
7b725bb99241311dfc1ea8a9,korea_drone_patents,특허 출원 제조업체 수,,2021,연간,40.0,개,항공안전기술원,23,그래프상 특허 출원 제조업체 수.,206
fdc63cd789e29f189845cdb6,korea_drone_patents,제조업체 전체 특허 출원 수,,2022,연간,538.0,개,항공안전기술원,23,그래프상 제조업체 전체 특허 출원 수.,207
67273e295b4f042d7f0c013b,korea_drone_patents,특허 출원 제조업체 수,,2022,연간,153.0,개,항공안전기술원,23,그래프상 특허 출원 제조업체 수.,208
ee6f147e59e3dca55ed7e85c,korea_drone_patents,제조업체 전체 특허 출원 수,,2023,연간,449.0,개,항공안전기술원,23,그래프상 제조업체 전체 특허 출원 수.,209
3e6be186a747b710a8723040,korea_drone_patents,특허 출원 제조업체 수,,2023,연간,135.0,개,항공안전기술원,23,그래프상 특허 출원 제조업체 수.,210
ab84180025d11d8ffe26f995,korea_drone_rnd_facilities,R&D 시설 보유 비중,,2023,연간,27.0,%,항공안전기술원,24,전체 드론 제조기업 265개 중 71개.,211
f58d9df0253d3a7ac25653db,korea_drone_rnd_facilities,R&D 시설 보유 제조업체 수,,2023,연간,71.0,개,항공안전기술원,24,전체 드론 제조기업 265개 중 71개(약 27%).,212
92477d2ff375fe826fb4008b,korea_export_destination_concentration,한국 기체 수출 상위 5개국 비중,,2024,연간,87.3,%,K-stat 활용 저자 계산,21,,213
e1944c23e09df4d746ae8945,korea_export_destination_concentration,한국 부품 수출 상위 5개국 비중,,2024,연간,81.3,%,K-stat 활용 저자 계산,21,,214
fc247affffc920f59490dde9,korea_global_export_position,한국 세계 드론 수출시장 점유율,,2022,연간,0.1,%,"K-stat, UN Comtrade 활용 저자 계산",19,,215
4d04ac2a9c87ee2a421c628a,korea_global_export_position,한국 세계 드론 수출시장 점유율,,2023,연간,0.18,%,"K-stat, UN Comtrade 활용 저자 계산",19,,216
24aba122b561affc6a0ad683,korea_global_export_position,한국 세계 드론 수출 순위,,2024,연간,20.0,위,"K-stat, UN Comtrade 활용 저자 계산",19,보고서 표 기준.,217
42afe9e173282a3223f574f4,korea_global_export_position,한국 세계 드론 수출시장 점유율,,2024,연간,0.48,%,"K-stat, UN Comtrade 활용 저자 계산",19,,218
fe46005a90a093625fed3eae,korea_parts_localization,모터,,2023,부품별,19.0,%,항공안전기술원,25,그래프의 첫 번째 시리즈(100% 국산화).,219
fae43156d7118689293b5c07,korea_parts_localization,모터,,2023,부품별,32.9,%,항공안전기술원,25,그래프의 두 번째 시리즈(부분/일부 국산화 범주). 범례 문구는 PDF 이미지 판독상 일부 불명확.,220
ed5765a02d046775dde814e2,korea_parts_localization,배터리,,2023,부품별,19.5,%,항공안전기술원,25,그래프의 첫 번째 시리즈(100% 국산화).,221
35a6b2bce9eeb2af9ca1bf90,korea_parts_localization,배터리,,2023,부품별,58.4,%,항공안전기술원,25,그래프의 두 번째 시리즈(부분/일부 국산화 범주). 범례 문구는 PDF 이미지 판독상 일부 불명확.,222
69dc092bfabc541424b52538,korea_parts_localization,비행제어컴퓨터,,2023,부품별,32.5,%,항공안전기술원,25,그래프의 첫 번째 시리즈(100% 국산화).,223
04e3608ba7b49afe99f06839,korea_parts_localization,비행제어컴퓨터,,2023,부품별,42.9,%,항공안전기술원,25,그래프의 두 번째 시리즈(부분/일부 국산화 범주). 범례 문구는 PDF 이미지 판독상 일부 불명확.,224
e79f3c10d56c0fd2adc144e9,korea_parts_localization,통신모듈,,2023,부품별,43.4,%,항공안전기술원,25,그래프의 첫 번째 시리즈(100% 국산화).,225
1ee555c62b68c3c4ad881481,korea_parts_localization,통신모듈,,2023,부품별,56.6,%,항공안전기술원,25,그래프의 두 번째 시리즈(부분/일부 국산화 범주). 범례 문구는 PDF 이미지 판독상 일부 불명확.,226
9d864411a003be49e55e81b9,korea_parts_localization,프로펠러,,2023,부품별,25.6,%,항공안전기술원,25,그래프의 첫 번째 시리즈(100% 국산화).,227
31d7876a790bc22bd78487cb,korea_parts_localization,프로펠러,,2023,부품별,34.6,%,항공안전기술원,25,그래프의 두 번째 시리즈(부분/일부 국산화 범주). 범례 문구는 PDF 이미지 판독상 일부 불명확.,228
686fe473006b32ec8fa00bef,korea_registered_drones,국내 등록 드론 기체 수,,2016,연말,2220.0,대,한국교통안전공단,13,2025년은 6월 기준.,229
ac6db9ebcef7da8812b027d7,korea_registered_drones,국내 등록 드론 기체 수,,2017,연말,3818.0,대,한국교통안전공단,13,2025년은 6월 기준.,230
e58b27c123037c5cd10e5ae5,korea_registered_drones,국내 등록 드론 기체 수,,2018,연말,6708.0,대,한국교통안전공단,13,2025년은 6월 기준.,231
8e660eca002eb5171a691d84,korea_registered_drones,국내 등록 드론 기체 수,,2019,연말,9848.0,대,한국교통안전공단,13,2025년은 6월 기준.,232
fe9f6cf51a453fc37f555b63,korea_registered_drones,국내 등록 드론 기체 수,,2020,연말,16159.0,대,한국교통안전공단,13,2025년은 6월 기준.,233
33654c4b1ae6e8e3dedc74f7,korea_registered_drones,국내 등록 드론 기체 수,,2021,연말,31314.0,대,한국교통안전공단,13,2025년은 6월 기준.,234
a9af315e4eb3d2d949271313,korea_registered_drones,국내 등록 드론 기체 수,,2022,연말,41694.0,대,한국교통안전공단,13,2025년은 6월 기준.,235
8d900812953760b5f505e7a7,korea_registered_drones,국내 등록 드론 기체 수,,2023,연말,52387.0,대,한국교통안전공단,13,2025년은 6월 기준.,236
2b5eb5a46180e6ce53b2059a,korea_registered_drones,국내 등록 드론 기체 수,,2024,연말,64863.0,대,한국교통안전공단,13,2025년은 6월 기준.,237
26ce22e5839aa5719b87855d,korea_registered_drones,국내 등록 드론 기체 수,,2025,2025년 6월,67902.0,대,한국교통안전공단,13,2025년은 6월 기준.,238
dcfac527899871ec35c264d0,korea_rnd_facility_share,국내 드론 제조업체 R&D 시설 보유 비중,,2021,연간,63.7,%,항공안전기술원,25,,239
3c665df2f46588442a19fc01,korea_rnd_facility_share,국내 드론 제조업체 R&D 시설 보유 비중,,2022,연간,52.5,%,항공안전기술원,25,,240
aa43f4c2a5c3fa7832a14af4,korea_rnd_facility_share,국내 드론 제조업체 R&D 시설 보유 비중,,2023,연간,26.8,%,항공안전기술원,25,,241
af7685281d0de5082ca44ef7,korea_rsca,한국 드론 RSCA,,2022,2월,-0.719,지수,"K-stat, UN Comtrade 활용 저자 계산",20,그래프 시작점.,242
c0940ec7fe78621baf13e015,korea_rsca,한국 드론 RSCA,,2025,6월,-0.856,지수,"K-stat, UN Comtrade 활용 저자 계산",20,그래프 최신점.,243
21891d39aa2f938b3d12535b,korea_tsi,한국 드론 TSI,,2022,2월,-0.938,지수,한국무역협회 K-stat 활용 저자 계산,20,그래프 시작점.,244
1df0541e35be3482afe8192b,korea_tsi,한국 드론 TSI,,2025,6월,-0.357,지수,한국무역협회 K-stat 활용 저자 계산,20,그래프 최신점.,245
052dd222cae9c2e84b365d69,korea_us_export_share,한국 기체·부품 수출 중 대미 비중,,2024,연간,42.0,%,K-stat 활용 저자 계산,21,기체와 부품 합산 기준.,246
48acc7c7bbbbcac0c86fbc0a,rsca_gap_vs_country,네덜란드,,2022,연간,0.659,지수,"K-stat, UN Comtrade 활용 저자 계산",20,주요국과의 RSCA 격차 = 비교대상국 RSCA - 한국 RSCA.,247
a0b6746d824b5f59a13b5725,rsca_gap_vs_country,독일,,2022,연간,0.037,지수,"K-stat, UN Comtrade 활용 저자 계산",20,주요국과의 RSCA 격차 = 비교대상국 RSCA - 한국 RSCA.,248
edfc2fde2ad97e5945b0aea6,rsca_gap_vs_country,미국,,2022,연간,0.189,지수,"K-stat, UN Comtrade 활용 저자 계산",20,주요국과의 RSCA 격차 = 비교대상국 RSCA - 한국 RSCA.,249
b1d9853d17173ec5e6c9e481,rsca_gap_vs_country,이스라엘,,2022,연간,1.139,지수,"K-stat, UN Comtrade 활용 저자 계산",20,주요국과의 RSCA 격차 = 비교대상국 RSCA - 한국 RSCA.,250
22e388b0e92460ea1f734839,rsca_gap_vs_country,중국,,2022,연간,1.55,지수,"K-stat, UN Comtrade 활용 저자 계산",20,주요국과의 RSCA 격차 = 비교대상국 RSCA - 한국 RSCA.,251
b468645662daea73ff263715,rsca_gap_vs_country,튀르키예,,2022,연간,0.153,지수,"K-stat, UN Comtrade 활용 저자 계산",20,주요국과의 RSCA 격차 = 비교대상국 RSCA - 한국 RSCA.,252
f7435e54e86a4935617dcd51,rsca_gap_vs_country,프랑스,,2022,연간,0.021,지수,"K-stat, UN Comtrade 활용 저자 계산",20,주요국과의 RSCA 격차 = 비교대상국 RSCA - 한국 RSCA.,253
a82d4a9ffa422186e2cb0baf,rsca_gap_vs_country,네덜란드,,2023,연간,0.455,지수,"K-stat, UN Comtrade 활용 저자 계산",20,주요국과의 RSCA 격차 = 비교대상국 RSCA - 한국 RSCA.,254
345cbcdcf250fb2fccc381bf,rsca_gap_vs_country,독일,,2023,연간,0.04,지수,"K-stat, UN Comtrade 활용 저자 계산",20,주요국과의 RSCA 격차 = 비교대상국 RSCA - 한국 RSCA.,255
fe9d1c50ce707748f6533c84,rsca_gap_vs_country,미국,,2023,연간,0.117,지수,"K-stat, UN Comtrade 활용 저자 계산",20,주요국과의 RSCA 격차 = 비교대상국 RSCA - 한국 RSCA.,256
e75cebbdad7b5aef47aee2b0,rsca_gap_vs_country,이스라엘,,2023,연간,1.126,지수,"K-stat, UN Comtrade 활용 저자 계산",20,주요국과의 RSCA 격차 = 비교대상국 RSCA - 한국 RSCA.,257
3c846e328e0e37e7b34555f8,rsca_gap_vs_country,중국,,2023,연간,1.353,지수,"K-stat, UN Comtrade 활용 저자 계산",20,주요국과의 RSCA 격차 = 비교대상국 RSCA - 한국 RSCA.,258
14560263e40feae625489e3b,rsca_gap_vs_country,튀르키예,,2023,연간,0.017,지수,"K-stat, UN Comtrade 활용 저자 계산",20,주요국과의 RSCA 격차 = 비교대상국 RSCA - 한국 RSCA.,259
f71f5902a064db1132d8b2a8,rsca_gap_vs_country,프랑스,,2023,연간,0.005,지수,"K-stat, UN Comtrade 활용 저자 계산",20,주요국과의 RSCA 격차 = 비교대상국 RSCA - 한국 RSCA.,260
54493c86f08f5b71b2207fd1,rsca_gap_vs_country,네덜란드,,2024,연간,0.34,지수,"K-stat, UN Comtrade 활용 저자 계산",20,주요국과의 RSCA 격차 = 비교대상국 RSCA - 한국 RSCA.,261
0f418d89b8e1ad8ad8ee8348,rsca_gap_vs_country,독일,,2024,연간,-0.104,지수,"K-stat, UN Comtrade 활용 저자 계산",20,주요국과의 RSCA 격차 = 비교대상국 RSCA - 한국 RSCA.,262
a5821303aa8398a724b25ae2,rsca_gap_vs_country,미국,,2024,연간,-0.015,지수,"K-stat, UN Comtrade 활용 저자 계산",20,주요국과의 RSCA 격차 = 비교대상국 RSCA - 한국 RSCA.,263
01d19922285acc3b54d6cce3,rsca_gap_vs_country,이스라엘,,2024,연간,1.217,지수,"K-stat, UN Comtrade 활용 저자 계산",20,주요국과의 RSCA 격차 = 비교대상국 RSCA - 한국 RSCA.,264
d3a2ceef87e88722de7a8e0a,rsca_gap_vs_country,중국,,2024,연간,1.107,지수,"K-stat, UN Comtrade 활용 저자 계산",20,주요국과의 RSCA 격차 = 비교대상국 RSCA - 한국 RSCA.,265
e2fce3eeaaa3ca3d6b5b4730,rsca_gap_vs_country,튀르키예,,2024,연간,-0.206,지수,"K-stat, UN Comtrade 활용 저자 계산",20,주요국과의 RSCA 격차 = 비교대상국 RSCA - 한국 RSCA.,266
6c1b6560f19f9e0484b168c7,rsca_gap_vs_country,프랑스,,2024,연간,-0.117,지수,"K-stat, UN Comtrade 활용 저자 계산",20,주요국과의 RSCA 격차 = 비교대상국 RSCA - 한국 RSCA.,267
dbfaac64c623e4ffd4701bb4,us_drone_import_market_share,한국의 미국 드론 수입시장 내 비중,,2022,연간,0.34,%,"K-stat, UN Comtrade 활용 저자 계산",29,,268
eb4da5c6b27214c920a23bcd,us_drone_import_market_share,한국의 미국 드론 수입시장 내 비중,,2023,연간,0.63,%,"K-stat, UN Comtrade 활용 저자 계산",29,,269
d81a08d96c73c7b10e852035,us_drone_import_market_share,한국의 미국 드론 수입시장 내 비중,,2024,연간,2.2,%,"K-stat, UN Comtrade 활용 저자 계산",29,,270
f8fba19117416e379635d6e0,us_import_market_esi,10개국 ESI 평균,,2022,연간,0.075,ESI,"K-stat, UN Comtrade 활용 저자 계산",29,미국 드론 수입시장 내 한국과 해당국 간 수출경합도.,271
d34170e63cde668578bfceb8,us_import_market_esi,노르웨이,,2022,연간,0.008,ESI,"K-stat, UN Comtrade 활용 저자 계산",29,미국 드론 수입시장 내 한국과 해당국 간 수출경합도.,272
55eefcb2fff0256636331fd6,us_import_market_esi,독일,,2022,연간,0.046,ESI,"K-stat, UN Comtrade 활용 저자 계산",29,미국 드론 수입시장 내 한국과 해당국 간 수출경합도.,273
920db6f68094d1da6daf5208,us_import_market_esi,스위스,,2022,연간,0.133,ESI,"K-stat, UN Comtrade 활용 저자 계산",29,미국 드론 수입시장 내 한국과 해당국 간 수출경합도.,274
bc6b0091cde4938119ffe618,us_import_market_esi,영국,,2022,연간,0.109,ESI,"K-stat, UN Comtrade 활용 저자 계산",29,미국 드론 수입시장 내 한국과 해당국 간 수출경합도.,275
9e2209cc8583d962ef7370c2,us_import_market_esi,이스라엘,,2022,연간,0.143,ESI,"K-stat, UN Comtrade 활용 저자 계산",29,미국 드론 수입시장 내 한국과 해당국 간 수출경합도.,276
c9d44413af09a57f32d855f7,us_import_market_esi,이탈리아,,2022,연간,0.219,ESI,"K-stat, UN Comtrade 활용 저자 계산",29,미국 드론 수입시장 내 한국과 해당국 간 수출경합도.,277
a68a11b06de482807c3b2661,us_import_market_esi,중국,,2022,연간,0.027,ESI,"K-stat, UN Comtrade 활용 저자 계산",29,미국 드론 수입시장 내 한국과 해당국 간 수출경합도.,278
ef58eca25dd86b074dd5aec1,us_import_market_esi,캐나다,,2022,연간,0.014,ESI,"K-stat, UN Comtrade 활용 저자 계산",29,미국 드론 수입시장 내 한국과 해당국 간 수출경합도.,279
80a0c68dfd69cb726a3d85c0,us_import_market_esi,프랑스,,2022,연간,0.024,ESI,"K-stat, UN Comtrade 활용 저자 계산",29,미국 드론 수입시장 내 한국과 해당국 간 수출경합도.,280
2c222255a7c0ba18e5111644,us_import_market_esi,호주,,2022,연간,0.025,ESI,"K-stat, UN Comtrade 활용 저자 계산",29,미국 드론 수입시장 내 한국과 해당국 간 수출경합도.,281
c326d6ef8ff3b3762638c2fa,us_import_market_esi,10개국 ESI 평균,,2024,연간,0.36,ESI,"K-stat, UN Comtrade 활용 저자 계산",29,미국 드론 수입시장 내 한국과 해당국 간 수출경합도.,282
9300a51b04b64cfb6f866b57,us_import_market_esi,노르웨이,,2024,연간,0.112,ESI,"K-stat, UN Comtrade 활용 저자 계산",29,미국 드론 수입시장 내 한국과 해당국 간 수출경합도.,283
299462713db18e42929b0538,us_import_market_esi,독일,,2024,연간,0.107,ESI,"K-stat, UN Comtrade 활용 저자 계산",29,미국 드론 수입시장 내 한국과 해당국 간 수출경합도.,284
4334bd918043a72d4ead2ec0,us_import_market_esi,스위스,,2024,연간,0.699,ESI,"K-stat, UN Comtrade 활용 저자 계산",29,미국 드론 수입시장 내 한국과 해당국 간 수출경합도.,285
b5efc40ad492f22a817d1965,us_import_market_esi,영국,,2024,연간,0.027,ESI,"K-stat, UN Comtrade 활용 저자 계산",29,미국 드론 수입시장 내 한국과 해당국 간 수출경합도.,286
8726ea612f11aa86687726d0,us_import_market_esi,이스라엘,,2024,연간,0.391,ESI,"K-stat, UN Comtrade 활용 저자 계산",29,미국 드론 수입시장 내 한국과 해당국 간 수출경합도.,287
442fc19846e18d0c77c3b89c,us_import_market_esi,이탈리아,,2024,연간,0.003,ESI,"K-stat, UN Comtrade 활용 저자 계산",29,미국 드론 수입시장 내 한국과 해당국 간 수출경합도.,288
7d9db307828d5083caf59a1c,us_import_market_esi,중국,,2024,연간,0.471,ESI,"K-stat, UN Comtrade 활용 저자 계산",29,미국 드론 수입시장 내 한국과 해당국 간 수출경합도.,289
63d3fd32c38bdeb17740f8e3,us_import_market_esi,캐나다,,2024,연간,0.67,ESI,"K-stat, UN Comtrade 활용 저자 계산",29,미국 드론 수입시장 내 한국과 해당국 간 수출경합도.,290
fb47fb3e09f7c81f9895d862,us_import_market_esi,프랑스,,2024,연간,0.991,ESI,"K-stat, UN Comtrade 활용 저자 계산",29,미국 드론 수입시장 내 한국과 해당국 간 수출경합도.,291
8d9560057a14ed3a567d0596,us_import_market_esi,호주,,2024,연간,0.127,ESI,"K-stat, UN Comtrade 활용 저자 계산",29,미국 드론 수입시장 내 한국과 해당국 간 수출경합도.,292
