record_id,source_dataset,source_row,reference_year,record_json
5c7b69f6aaa915a0f2a04cd5,공공드론_구매연도별 보유현황_2021~2024,2,,"{""구분"":""국가기관(전체)"",""~2013"":""1"",""2014"":""1"",""2015"":""22"",""2016"":""104"",""2017"":""187"",""2018"":""434"",""2019"":""727"",""2020"":""1409"",""2021"":""1960"",""2022"":""1946"",""2023"":""2094"",""2024"":""1673"",""합계"":""10558"",""출처"":""2025년도 드론산업 실태조사, 항공안전기술원 표 3-8""}"
52e926ef2970c5c37afacf2a,공공드론_구매연도별 보유현황_2021~2024,3,,"{""구분"":""국가기관(교육부)"",""~2013"":""1"",""2014"":""0"",""2015"":""14"",""2016"":""57"",""2017"":""114"",""2018"":""294"",""2019"":""515"",""2020"":""1032"",""2021"":""1637"",""2022"":""1720"",""2023"":""1862"",""2024"":""1465"",""합계"":""8711"",""출처"":""2025년도 드론산업 실태조사, 항공안전기술원 표 3-8""}"
fdfaba20c06da1da3bb678de,공공드론_구매연도별 보유현황_2021~2024,4,,"{""구분"":""지자체"",""~2013"":""0"",""2014"":""0"",""2015"":""7"",""2016"":""35"",""2017"":""193"",""2018"":""231"",""2019"":""200"",""2020"":""293"",""2021"":""349"",""2022"":""441"",""2023"":""377"",""2024"":""375"",""합계"":""2501"",""출처"":""2025년도 드론산업 실태조사, 항공안전기술원 표 3-8""}"
b2eaa4e1e14d8e92dc7c7c87,공공드론_구매연도별 보유현황_2021~2024,5,,"{""구분"":""공공기관"",""~2013"":""1"",""2014"":""2"",""2015"":""8"",""2016"":""29"",""2017"":""43"",""2018"":""126"",""2019"":""114"",""2020"":""284"",""2021"":""150"",""2022"":""147"",""2023"":""104"",""2024"":""164"",""합계"":""1172"",""출처"":""2025년도 드론산업 실태조사, 항공안전기술원 표 3-8""}"
dcfdce55edf89c8b554bcf01,공공드론_구매연도별 보유현황_2021~2024,6,,"{""구분"":""합계"",""~2013"":""2"",""2014"":""3"",""2015"":""37"",""2016"":""168"",""2017"":""423"",""2018"":""791"",""2019"":""1041"",""2020"":""1986"",""2021"":""2459"",""2022"":""2534"",""2023"":""2575"",""2024"":""2212"",""합계"":""14231"",""출처"":""2025년도 드론산업 실태조사, 항공안전기술원 표 3-8""}"
5e92a5dd5a2921a93a9714ef,공공드론_기관별 1회평균운용시간_2025,2,,"{""기관구분"":""국가기관"",""20분미만"":""1291"",""20분이상30분미만"":""315"",""30분이상40분미만"":""374"",""40분이상50분미만"":""102"",""50분이상60분미만"":""37"",""60분이상"":""107"",""합계"":""2226"",""출처"":""2025년도 드론산업 실태조사, 항공안전기술원 표 3-14""}"
68bbb4add936f7eb3b4025fb,공공드론_기관별 1회평균운용시간_2025,3,,"{""기관구분"":""지자체"",""20분미만"":""727"",""20분이상30분미만"":""243"",""30분이상40분미만"":""145"",""40분이상50분미만"":""26"",""50분이상60분미만"":""69"",""60분이상"":""131"",""합계"":""1341"",""출처"":""2025년도 드론산업 실태조사, 항공안전기술원 표 3-14""}"
b227608fff05bf3a569d3bda,공공드론_기관별 1회평균운용시간_2025,4,,"{""기관구분"":""공공기관"",""20분미만"":""291"",""20분이상30분미만"":""48"",""30분이상40분미만"":""46"",""40분이상50분미만"":""13"",""50분이상60분미만"":""10"",""60분이상"":""98"",""합계"":""506"",""출처"":""2025년도 드론산업 실태조사, 항공안전기술원 표 3-14""}"
478bfbb63c23c25dd5980ee0,공공드론_기관별 1회평균운용시간_2025,5,,"{""기관구분"":""합계"",""20분미만"":""2309"",""20분이상30분미만"":""606"",""30분이상40분미만"":""565"",""40분이상50분미만"":""141"",""50분이상60분미만"":""116"",""60분이상"":""336"",""합계"":""4073"",""출처"":""2025년도 드론산업 실태조사, 항공안전기술원 표 3-14""}"
e56b7b060f4b17fc74a61912,공공드론_기관별 기체유형 2025,2,2024,"{""기준연도"":""2024"",""기관구분"":""국가기관"",""기체유형"":""멀티콥터_대"",""보유대수_대"":""10214""}"
d2842ac9749cd734412b0dd0,공공드론_기관별 기체유형 2025,3,2024,"{""기준연도"":""2024"",""기관구분"":""지자체"",""기체유형"":""멀티콥터_대"",""보유대수_대"":""2423""}"
093d319d40b0e7f9533b70bd,공공드론_기관별 기체유형 2025,4,2024,"{""기준연도"":""2024"",""기관구분"":""공공기관"",""기체유형"":""멀티콥터_대"",""보유대수_대"":""1134""}"
71b3b7d87aaa653e045f68c1,공공드론_기관별 기체유형 2025,5,2024,"{""기준연도"":""2024"",""기관구분"":""합계"",""기체유형"":""멀티콥터_대"",""보유대수_대"":""13771""}"
a019595b7e1663cd8987a472,공공드론_기관별 기체유형 2025,6,2024,"{""기준연도"":""2024"",""기관구분"":""국가기관"",""기체유형"":""헬리콥터_대"",""보유대수_대"":""23""}"
f55c0207b804401a584bcf8d,공공드론_기관별 기체유형 2025,7,2024,"{""기준연도"":""2024"",""기관구분"":""지자체"",""기체유형"":""헬리콥터_대"",""보유대수_대"":""0""}"
3f9a2d549a966eabc0b882c2,공공드론_기관별 기체유형 2025,8,2024,"{""기준연도"":""2024"",""기관구분"":""공공기관"",""기체유형"":""헬리콥터_대"",""보유대수_대"":""0""}"
eb85b00dab08d3824c84e528,공공드론_기관별 기체유형 2025,9,2024,"{""기준연도"":""2024"",""기관구분"":""합계"",""기체유형"":""헬리콥터_대"",""보유대수_대"":""23""}"
1da3d6a1acdb39cad8629b2f,공공드론_기관별 기체유형 2025,10,2024,"{""기준연도"":""2024"",""기관구분"":""국가기관"",""기체유형"":""고정익_대"",""보유대수_대"":""27""}"
e9c25c9c5938fe04abad9086,공공드론_기관별 기체유형 2025,11,2024,"{""기준연도"":""2024"",""기관구분"":""지자체"",""기체유형"":""고정익_대"",""보유대수_대"":""28""}"
8aa0116553cb212ac58b427b,공공드론_기관별 기체유형 2025,12,2024,"{""기준연도"":""2024"",""기관구분"":""공공기관"",""기체유형"":""고정익_대"",""보유대수_대"":""25""}"
ea8b2c25775729d3e509b131,공공드론_기관별 기체유형 2025,13,2024,"{""기준연도"":""2024"",""기관구분"":""합계"",""기체유형"":""고정익_대"",""보유대수_대"":""80""}"
37883546158776de9860e746,공공드론_기관별 기체유형 2025,14,2024,"{""기준연도"":""2024"",""기관구분"":""국가기관"",""기체유형"":""VTOL_대"",""보유대수_대"":""22""}"
5c08eadeb22eca6e5c2aa43b,공공드론_기관별 기체유형 2025,15,2024,"{""기준연도"":""2024"",""기관구분"":""지자체"",""기체유형"":""VTOL_대"",""보유대수_대"":""39""}"
e178f92b87f6afe089b00a1e,공공드론_기관별 기체유형 2025,16,2024,"{""기준연도"":""2024"",""기관구분"":""공공기관"",""기체유형"":""VTOL_대"",""보유대수_대"":""13""}"
77a4a172aae9466b7c577d8e,공공드론_기관별 기체유형 2025,17,2024,"{""기준연도"":""2024"",""기관구분"":""합계"",""기체유형"":""VTOL_대"",""보유대수_대"":""74""}"
5c154692c207f059954718c6,공공드론_기관별 기체유형 2025,18,2024,"{""기준연도"":""2024"",""기관구분"":""국가기관"",""기체유형"":""기타_대"",""보유대수_대"":""272""}"
1cea2cdaf4cd2a0790eec3c8,공공드론_기관별 기체유형 2025,19,2024,"{""기준연도"":""2024"",""기관구분"":""지자체"",""기체유형"":""기타_대"",""보유대수_대"":""11""}"
7504f32a8e2dd858937acb36,공공드론_기관별 기체유형 2025,20,2024,"{""기준연도"":""2024"",""기관구분"":""공공기관"",""기체유형"":""기타_대"",""보유대수_대"":""0""}"
df43076e93e0db815de18ce0,공공드론_기관별 기체유형 2025,21,2024,"{""기준연도"":""2024"",""기관구분"":""합계"",""기체유형"":""기타_대"",""보유대수_대"":""283""}"
b645e08e521acf48f0510ea7,공공드론_기관별 월평균운용횟수_2025,2,,"{""기관구분"":""국가기관"",""5회미만"":""1597"",""5회이상10회미만"":""392"",""10회이상15회미만"":""105"",""15회이상20회미만"":""42"",""20회이상25회미만"":""18"",""25회이상"":""72"",""합계"":""2226"",""출처"":""2025년도 드론산업 실태조사, 항공안전기술원 표 3-13""}"
f955133472c568a645d5105a,공공드론_기관별 월평균운용횟수_2025,3,,"{""기관구분"":""지자체"",""5회미만"":""930"",""5회이상10회미만"":""245"",""10회이상15회미만"":""81"",""15회이상20회미만"":""37"",""20회이상25회미만"":""9"",""25회이상"":""39"",""합계"":""1341"",""출처"":""2025년도 드론산업 실태조사, 항공안전기술원 표 3-13""}"
3b0a4a02ea7789b5ddcfed3f,공공드론_기관별 월평균운용횟수_2025,4,,"{""기관구분"":""공공기관"",""5회미만"":""389"",""5회이상10회미만"":""87"",""10회이상15회미만"":""22"",""15회이상20회미만"":""3"",""20회이상25회미만"":""2"",""25회이상"":""3"",""합계"":""506"",""출처"":""2025년도 드론산업 실태조사, 항공안전기술원 표 3-13""}"
9fd6cf0c2e0f268193ca3947,공공드론_기관별 월평균운용횟수_2025,5,,"{""기관구분"":""합계"",""5회미만"":""2916"",""5회이상10회미만"":""724"",""10회이상15회미만"":""208"",""15회이상20회미만"":""82"",""20회이상25회미만"":""29"",""25회이상"":""114"",""합계"":""4073"",""출처"":""2025년도 드론산업 실태조사, 항공안전기술원 표 3-13""}"
96fca4d017d38449b0d9fca0,공공드론_기체유형별_보유현황,2,,"{""기관구분"":""국가기관"",""멀티콥터_대"":""10214"",""헬리콥터_대"":""23"",""고정익_대"":""27"",""VTOL_대"":""22"",""기타_대"":""272"",""합계_대"":""10558"",""출처"":""2025년도 드론산업 실태조사, 항공안전기술원 표 3-9""}"
9e9f91128832a39be564840c,공공드론_기체유형별_보유현황,3,,"{""기관구분"":""지자체"",""멀티콥터_대"":""2423"",""헬리콥터_대"":""0"",""고정익_대"":""28"",""VTOL_대"":""39"",""기타_대"":""11"",""합계_대"":""2501"",""출처"":""2025년도 드론산업 실태조사, 항공안전기술원 표 3-9""}"
6ef745d0ad1a4eeebee5601b,공공드론_기체유형별_보유현황,4,,"{""기관구분"":""공공기관"",""멀티콥터_대"":""1134"",""헬리콥터_대"":""0"",""고정익_대"":""25"",""VTOL_대"":""13"",""기타_대"":""0"",""합계_대"":""1172"",""출처"":""2025년도 드론산업 실태조사, 항공안전기술원 표 3-9""}"
451cba9fd82250103c6e2083,공공드론_기체유형별_보유현황,5,,"{""기관구분"":""합계"",""멀티콥터_대"":""13771"",""헬리콥터_대"":""23"",""고정익_대"":""80"",""VTOL_대"":""74"",""기타_대"":""283"",""합계_대"":""14231"",""출처"":""2025년도 드론산업 실태조사, 항공안전기술원 표 3-9""}"
574fe40d031ae19b89d4071d,공공드론_보유현황_2021_2024,2,2021,"{""보고서연도"":""2022"",""기준연도"":""2021"",""구분"":""공공기관"",""총_드론_보유대수"":""1735"",""국산_드론_보유대수"":""827"",""국산_드론_비율_pct"":""47.7"",""외산_드론_보유대수"":""908"",""국방포함여부_주의"":""2021년은 국방부 육·해·공군 자료 포함"",""비교가능성"":""주의""}"
43647e013682a12e26275548,공공드론_보유현황_2021_2024,3,2021,"{""보고서연도"":""2022"",""기준연도"":""2021"",""구분"":""국가기관"",""총_드론_보유대수"":""3925"",""국산_드론_보유대수"":""2496"",""국산_드론_비율_pct"":""63.6"",""외산_드론_보유대수"":""1429"",""국방포함여부_주의"":""2021년은 국방부 육·해·공군 자료 포함"",""비교가능성"":""주의""}"
cfc1b25c025b45ca3216a6f1,공공드론_보유현황_2021_2024,4,2021,"{""보고서연도"":""2022"",""기준연도"":""2021"",""구분"":""지자체"",""총_드론_보유대수"":""1755"",""국산_드론_보유대수"":""461"",""국산_드론_비율_pct"":""26.3"",""외산_드론_보유대수"":""1294"",""국방포함여부_주의"":""2021년은 국방부 육·해·공군 자료 포함"",""비교가능성"":""주의""}"
f038480e0914a1bf86ad9bba,공공드론_보유현황_2021_2024,5,2021,"{""보고서연도"":""2022"",""기준연도"":""2021"",""구분"":""합계"",""총_드론_보유대수"":""7415"",""국산_드론_보유대수"":""3784"",""국산_드론_비율_pct"":""51.0"",""외산_드론_보유대수"":""3631"",""국방포함여부_주의"":""2021년은 국방부 육·해·공군 자료 포함"",""비교가능성"":""주의""}"
f9fb89d424f42b650f587bfb,공공드론_보유현황_2021_2024,6,2022,"{""보고서연도"":""2023"",""기준연도"":""2022"",""구분"":""공공기관"",""총_드론_보유대수"":""1183"",""국산_드론_보유대수"":""349"",""국산_드론_비율_pct"":""29.5"",""외산_드론_보유대수"":""834"",""국방포함여부_주의"":""2022년 이후 국방부 육·해·공군 제외"",""비교가능성"":""주의""}"
51d7756d0dec6f27ff4e5bd5,공공드론_보유현황_2021_2024,7,2022,"{""보고서연도"":""2023"",""기준연도"":""2022"",""구분"":""국가기관"",""총_드론_보유대수"":""2356"",""국산_드론_보유대수"":""744"",""국산_드론_비율_pct"":""31.6"",""외산_드론_보유대수"":""1612"",""국방포함여부_주의"":""2022년 이후 국방부 육·해·공군 제외"",""비교가능성"":""주의""}"
f3ff24fe8d241e9d678fc5e4,공공드론_보유현황_2021_2024,8,2022,"{""보고서연도"":""2023"",""기준연도"":""2022"",""구분"":""지자체"",""총_드론_보유대수"":""1868"",""국산_드론_보유대수"":""512"",""국산_드론_비율_pct"":""27.4"",""외산_드론_보유대수"":""1356"",""국방포함여부_주의"":""2022년 이후 국방부 육·해·공군 제외"",""비교가능성"":""주의""}"
6aeabd66a843731f4277cd0c,공공드론_보유현황_2021_2024,9,2022,"{""보고서연도"":""2023"",""기준연도"":""2022"",""구분"":""합계"",""총_드론_보유대수"":""5407"",""국산_드론_보유대수"":""1605"",""국산_드론_비율_pct"":""29.7"",""외산_드론_보유대수"":""3802"",""국방포함여부_주의"":""2022년 이후 국방부 육·해·공군 제외"",""비교가능성"":""주의""}"
87e14aac1738fa4d2fcdc975,공공드론_보유현황_2021_2024,10,2023,"{""보고서연도"":""2024"",""기준연도"":""2023"",""구분"":""공공기관"",""총_드론_보유대수"":""614"",""국산_드론_보유대수"":""234"",""국산_드론_비율_pct"":""38.1"",""외산_드론_보유대수"":""380"",""국방포함여부_주의"":""2022년 이후 국방부 육·해·공군 제외"",""비교가능성"":""주의""}"
8f3952dadf903e35be38d2b5,공공드론_보유현황_2021_2024,11,2023,"{""보고서연도"":""2024"",""기준연도"":""2023"",""구분"":""국가기관"",""총_드론_보유대수"":""4098"",""국산_드론_보유대수"":""1551"",""국산_드론_비율_pct"":""37.8"",""외산_드론_보유대수"":""2547"",""국방포함여부_주의"":""2022년 이후 국방부 육·해·공군 제외"",""비교가능성"":""주의""}"
9a9dfaeaf4bf9f579efdb6a8,공공드론_보유현황_2021_2024,12,2023,"{""보고서연도"":""2024"",""기준연도"":""2023"",""구분"":""지자체"",""총_드론_보유대수"":""1117"",""국산_드론_보유대수"":""394"",""국산_드론_비율_pct"":""35.3"",""외산_드론_보유대수"":""723"",""국방포함여부_주의"":""2022년 이후 국방부 육·해·공군 제외"",""비교가능성"":""주의""}"
bbd6dbb2e805ffd28f3d43cf,공공드론_보유현황_2021_2024,13,2023,"{""보고서연도"":""2024"",""기준연도"":""2023"",""구분"":""합계"",""총_드론_보유대수"":""5829"",""국산_드론_보유대수"":""2179"",""국산_드론_비율_pct"":""37.4"",""외산_드론_보유대수"":""3650"",""국방포함여부_주의"":""2022년 이후 국방부 육·해·공군 제외"",""비교가능성"":""주의""}"
409aa0a7d15e64a1fe9030a1,공공드론_보유현황_2021_2024,14,2024,"{""보고서연도"":""2025"",""기준연도"":""2024"",""구분"":""공공기관"",""총_드론_보유대수"":""1172"",""국산_드론_보유대수"":""341"",""국산_드론_비율_pct"":""29.1"",""외산_드론_보유대수"":""831"",""국방포함여부_주의"":""2022년 이후 국방부 육·해·공군 제외"",""비교가능성"":""주의""}"
b77125cf027e19f5cab356da,공공드론_보유현황_2021_2024,15,2024,"{""보고서연도"":""2025"",""기준연도"":""2024"",""구분"":""국가기관"",""총_드론_보유대수"":""10558"",""국산_드론_보유대수"":""3673"",""국산_드론_비율_pct"":""34.8"",""외산_드론_보유대수"":""6885"",""국방포함여부_주의"":""2022년 이후 국방부 육·해·공군 제외"",""비교가능성"":""주의""}"
4401dff3f87ab595a96d7f5a,공공드론_보유현황_2021_2024,16,2024,"{""보고서연도"":""2025"",""기준연도"":""2024"",""구분"":""지자체"",""총_드론_보유대수"":""2501"",""국산_드론_보유대수"":""436"",""국산_드론_비율_pct"":""17.4"",""외산_드론_보유대수"":""2065"",""국방포함여부_주의"":""2022년 이후 국방부 육·해·공군 제외"",""비교가능성"":""주의""}"
ba7a7d93a363f3d0b399687d,공공드론_보유현황_2021_2024,17,2024,"{""보고서연도"":""2025"",""기준연도"":""2024"",""구분"":""합계"",""총_드론_보유대수"":""14231"",""국산_드론_보유대수"":""4450"",""국산_드론_비율_pct"":""31.3"",""외산_드론_보유대수"":""9781"",""국방포함여부_주의"":""2022년 이후 국방부 육·해·공군 제외"",""비교가능성"":""주의""}"
58fe478eb9eaf937718d5500,공공드론_연료형태별,2,2024,"{""기준연도"":""2024"",""기관구분"":""국가기관"",""연료형태"":""배터리_대"",""보유대수_대"":""10543""}"
af42c3f9fa3bb7f7b0410fa5,공공드론_연료형태별,3,2024,"{""기준연도"":""2024"",""기관구분"":""지자체"",""연료형태"":""배터리_대"",""보유대수_대"":""2495""}"
2ee2b21f39225057509bc7f8,공공드론_연료형태별,4,2024,"{""기준연도"":""2024"",""기관구분"":""공공기관"",""연료형태"":""배터리_대"",""보유대수_대"":""1166""}"
16a19617c4d9cbf579fa6e2b,공공드론_연료형태별,5,2024,"{""기준연도"":""2024"",""기관구분"":""합계"",""연료형태"":""배터리_대"",""보유대수_대"":""14204""}"
96126304890c73933a08ce33,공공드론_연료형태별,6,2024,"{""기준연도"":""2024"",""기관구분"":""국가기관"",""연료형태"":""내연기관_대"",""보유대수_대"":""6""}"
0aee6d7e82e4fa18dc8e17d7,공공드론_연료형태별,7,2024,"{""기준연도"":""2024"",""기관구분"":""지자체"",""연료형태"":""내연기관_대"",""보유대수_대"":""0""}"
2b6c61d45751f673facb6b1b,공공드론_연료형태별,8,2024,"{""기준연도"":""2024"",""기관구분"":""공공기관"",""연료형태"":""내연기관_대"",""보유대수_대"":""2""}"
6028241dcdc261943de37ea6,공공드론_연료형태별,9,2024,"{""기준연도"":""2024"",""기관구분"":""합계"",""연료형태"":""내연기관_대"",""보유대수_대"":""8""}"
8bc6d689dcf816b41a42a2e0,공공드론_연료형태별,10,2024,"{""기준연도"":""2024"",""기관구분"":""국가기관"",""연료형태"":""수소연료전지_대"",""보유대수_대"":""9""}"
432568c8e3352971495c49e6,공공드론_연료형태별,11,2024,"{""기준연도"":""2024"",""기관구분"":""지자체"",""연료형태"":""수소연료전지_대"",""보유대수_대"":""5""}"
9123ac3981fa13806e2f1af0,공공드론_연료형태별,12,2024,"{""기준연도"":""2024"",""기관구분"":""공공기관"",""연료형태"":""수소연료전지_대"",""보유대수_대"":""4""}"
694bedbcdf2b7ab9e9450a32,공공드론_연료형태별,13,2024,"{""기준연도"":""2024"",""기관구분"":""합계"",""연료형태"":""수소연료전지_대"",""보유대수_대"":""18""}"
dd8dcd75851e4c9cba270211,공공드론_연료형태별,14,2024,"{""기준연도"":""2024"",""기관구분"":""국가기관"",""연료형태"":""하이브리드_대"",""보유대수_대"":""0""}"
dad423f24b1517986ea8bb4d,공공드론_연료형태별,15,2024,"{""기준연도"":""2024"",""기관구분"":""지자체"",""연료형태"":""하이브리드_대"",""보유대수_대"":""1""}"
0c388a1a193c6514164c3966,공공드론_연료형태별,16,2024,"{""기준연도"":""2024"",""기관구분"":""공공기관"",""연료형태"":""하이브리드_대"",""보유대수_대"":""0""}"
20f1c7a4ee8385b2dab65bab,공공드론_연료형태별,17,2024,"{""기준연도"":""2024"",""기관구분"":""합계"",""연료형태"":""하이브리드_대"",""보유대수_대"":""1""}"
2dde65f1855a3edae796da73,공공드론_연료형태별,18,2024,"{""기준연도"":""2024"",""기관구분"":""국가기관"",""연료형태"":""기타_대"",""보유대수_대"":""0""}"
2d9bd19808270fcd023f942e,공공드론_연료형태별,19,2024,"{""기준연도"":""2024"",""기관구분"":""지자체"",""연료형태"":""기타_대"",""보유대수_대"":""0""}"
c3c26d959c0d20eb85d76972,공공드론_연료형태별,20,2024,"{""기준연도"":""2024"",""기관구분"":""공공기관"",""연료형태"":""기타_대"",""보유대수_대"":""0""}"
6d2c8dc8b0052cca18558da3,공공드론_연료형태별,21,2024,"{""기준연도"":""2024"",""기관구분"":""합계"",""연료형태"":""기타_대"",""보유대수_대"":""0""}"
bba0b64a9a5acf134fa89bf5,공공드론_예산_연도별,2,,"{""보고서연도"":""2022"",""예산연도"":""2021"",""예산_백만원"":""142909"",""구분"":""전체"",""예산_억원"":""1429.09""}"
8547d6ae7ac524b4a51fc876,공공드론_예산_연도별,3,,"{""보고서연도"":""2022"",""예산연도"":""2022"",""예산_백만원"":""177400"",""구분"":""전체"",""예산_억원"":""1774.0""}"
e07c41c21772e96ea5450a40,공공드론_예산_연도별,4,,"{""보고서연도"":""2022"",""예산연도"":""2023"",""예산_백만원"":""137711"",""구분"":""전체"",""예산_억원"":""1377.11""}"
86c3a72b2ecede4c1334f9bc,공공드론_예산_연도별,5,,"{""보고서연도"":""2022"",""예산연도"":""2021"",""예산_백만원"":""31711"",""구분"":""국가기관"",""예산_억원"":""317.11""}"
b7ffd63e069873e3af4a454b,공공드론_예산_연도별,6,,"{""보고서연도"":""2022"",""예산연도"":""2022"",""예산_백만원"":""22339"",""구분"":""국가기관"",""예산_억원"":""223.39""}"
9f28c61a1d13f30d5dcee18e,공공드론_예산_연도별,7,,"{""보고서연도"":""2022"",""예산연도"":""2023"",""예산_백만원"":""19957"",""구분"":""국가기관"",""예산_억원"":""199.57""}"
31d300f3af5752ea511a6251,공공드론_예산_연도별,8,,"{""보고서연도"":""2022"",""예산연도"":""2021"",""예산_백만원"":""61136"",""구분"":""지자체"",""예산_억원"":""611.36""}"
4b7b8b3f148e384ab81fc642,공공드론_예산_연도별,9,,"{""보고서연도"":""2022"",""예산연도"":""2022"",""예산_백만원"":""94907"",""구분"":""지자체"",""예산_억원"":""949.07""}"
8320054a0e3f221947d58fb7,공공드론_예산_연도별,10,,"{""보고서연도"":""2022"",""예산연도"":""2023"",""예산_백만원"":""62186"",""구분"":""지자체"",""예산_억원"":""621.86""}"
3534066653be481aac6ab59b,공공드론_예산_연도별,11,,"{""보고서연도"":""2022"",""예산연도"":""2021"",""예산_백만원"":""50062"",""구분"":""공공기관"",""예산_억원"":""500.62""}"
2046449d53988cdf5a4b928c,공공드론_예산_연도별,12,,"{""보고서연도"":""2022"",""예산연도"":""2022"",""예산_백만원"":""60154"",""구분"":""공공기관"",""예산_억원"":""601.54""}"
0edcce5175265f13736ce87f,공공드론_예산_연도별,13,,"{""보고서연도"":""2022"",""예산연도"":""2023"",""예산_백만원"":""55568"",""구분"":""공공기관"",""예산_억원"":""555.68""}"
112ad9037b78140c5ead6574,공공드론_예산_연도별,14,,"{""보고서연도"":""2023"",""예산연도"":""2022"",""예산_백만원"":""119558"",""구분"":""전체"",""예산_억원"":""1195.58""}"
ec5c6d0f61a4452ee38dd97c,공공드론_예산_연도별,15,,"{""보고서연도"":""2023"",""예산연도"":""2023"",""예산_백만원"":""166235"",""구분"":""전체"",""예산_억원"":""1662.35""}"
e761085deb1a800b65610168,공공드론_예산_연도별,16,,"{""보고서연도"":""2023"",""예산연도"":""2024"",""예산_백만원"":""111436"",""구분"":""전체"",""예산_억원"":""1114.36""}"
ec19dda09b2efb3e25bf73da,공공드론_예산_연도별,17,,"{""보고서연도"":""2023"",""예산연도"":""2022"",""예산_백만원"":""16662"",""구분"":""국가기관"",""예산_억원"":""166.62""}"
2e97d4f973febf04fab310e0,공공드론_예산_연도별,18,,"{""보고서연도"":""2023"",""예산연도"":""2023"",""예산_백만원"":""20401"",""구분"":""국가기관"",""예산_억원"":""204.01""}"
785f000a308fb14f077d5fe4,공공드론_예산_연도별,19,,"{""보고서연도"":""2023"",""예산연도"":""2024"",""예산_백만원"":""15255"",""구분"":""국가기관"",""예산_억원"":""152.55""}"
dd18b8078280bb22ccc7d768,공공드론_예산_연도별,20,,"{""보고서연도"":""2023"",""예산연도"":""2022"",""예산_백만원"":""53306"",""구분"":""지자체"",""예산_억원"":""533.06""}"
36afbd058ffda6d104e94812,공공드론_예산_연도별,21,,"{""보고서연도"":""2023"",""예산연도"":""2023"",""예산_백만원"":""87864"",""구분"":""지자체"",""예산_억원"":""878.64""}"
3a5c05430ec78be9a4f0024a,공공드론_예산_연도별,22,,"{""보고서연도"":""2023"",""예산연도"":""2024"",""예산_백만원"":""51601"",""구분"":""지자체"",""예산_억원"":""516.01""}"
a55eb2ae31cfb6152860f9b9,공공드론_예산_연도별,23,,"{""보고서연도"":""2023"",""예산연도"":""2022"",""예산_백만원"":""49589"",""구분"":""공공기관"",""예산_억원"":""495.89""}"
a451a2a2b5a64862460acf0c,공공드론_예산_연도별,24,,"{""보고서연도"":""2023"",""예산연도"":""2023"",""예산_백만원"":""57970"",""구분"":""공공기관"",""예산_억원"":""579.7""}"
0288a2ab3df8646cd300948e,공공드론_예산_연도별,25,,"{""보고서연도"":""2023"",""예산연도"":""2024"",""예산_백만원"":""44580"",""구분"":""공공기관"",""예산_억원"":""445.8""}"
5aa72977fe22ba3ea8032ddb,공공드론_예산_연도별,26,,"{""보고서연도"":""2024"",""예산연도"":""2024"",""예산_백만원"":""120129"",""구분"":""전체"",""예산_억원"":""1201.29""}"
4bd978f235de973254512015,공공드론_예산_연도별,27,,"{""보고서연도"":""2024"",""예산연도"":""2025"",""예산_백만원"":""92869"",""구분"":""전체"",""예산_억원"":""928.69""}"
7d58d85d84edfe01f8f26153,공공드론_예산_연도별,28,,"{""보고서연도"":""2024"",""예산연도"":""2024"",""예산_백만원"":""66725"",""구분"":""국가기관"",""예산_억원"":""667.25""}"
991f3c052c9170741b93c07b,공공드론_예산_연도별,29,,"{""보고서연도"":""2024"",""예산연도"":""2025"",""예산_백만원"":""51781"",""구분"":""국가기관"",""예산_억원"":""517.81""}"
564ce8b8bca67fea3b903aa3,공공드론_예산_연도별,30,,"{""보고서연도"":""2024"",""예산연도"":""2024"",""예산_백만원"":""38487"",""구분"":""지자체"",""예산_억원"":""384.87""}"
821a8003a09541409fcf3d20,공공드론_예산_연도별,31,,"{""보고서연도"":""2024"",""예산연도"":""2025"",""예산_백만원"":""25904"",""구분"":""지자체"",""예산_억원"":""259.04""}"
050020b10769ac8fe6573fd2,공공드론_예산_연도별,32,,"{""보고서연도"":""2024"",""예산연도"":""2024"",""예산_백만원"":""14917"",""구분"":""공공기관"",""예산_억원"":""149.17""}"
71efa59803040206646e14a0,공공드론_예산_연도별,33,,"{""보고서연도"":""2024"",""예산연도"":""2025"",""예산_백만원"":""15184"",""구분"":""공공기관"",""예산_억원"":""151.84""}"
f83dc44d5f20bf99dba6c645,공공드론_예산_연도별,34,,"{""보고서연도"":""2025"",""예산연도"":""2024"",""예산_백만원"":""71513"",""구분"":""전체"",""예산_억원"":""715.13""}"
e7fb89f8add841bfb4b87dcf,공공드론_예산_연도별,35,,"{""보고서연도"":""2025"",""예산연도"":""2025"",""예산_백만원"":""50456"",""구분"":""전체"",""예산_억원"":""504.56""}"
3e61e81096ad16994d59ffa8,공공드론_예산_연도별,36,,"{""보고서연도"":""2025"",""예산연도"":""2026"",""예산_백만원"":""41770"",""구분"":""전체"",""예산_억원"":""417.7""}"
62a11ab485d021c9ea9c94b5,공공드론_예산_연도별,37,,"{""보고서연도"":""2025"",""예산연도"":""2024"",""예산_백만원"":""10934"",""구분"":""국가기관"",""예산_억원"":""109.34""}"
a891db2a317d8ce60ef95bd4,공공드론_예산_연도별,38,,"{""보고서연도"":""2025"",""예산연도"":""2025"",""예산_백만원"":""6048"",""구분"":""국가기관"",""예산_억원"":""60.48""}"
4edc56a58c1b75c5449eef77,공공드론_예산_연도별,39,,"{""보고서연도"":""2025"",""예산연도"":""2026"",""예산_백만원"":""2296"",""구분"":""국가기관"",""예산_억원"":""22.96""}"
487806d26a4a897efaea12e9,공공드론_예산_연도별,40,,"{""보고서연도"":""2025"",""예산연도"":""2024"",""예산_백만원"":""40646"",""구분"":""지자체"",""예산_억원"":""406.46""}"
da6247bd79c00a607527bdae,공공드론_예산_연도별,41,,"{""보고서연도"":""2025"",""예산연도"":""2025"",""예산_백만원"":""26568"",""구분"":""지자체"",""예산_억원"":""265.68""}"
89e819cf33ae838bb3ac404e,공공드론_예산_연도별,42,,"{""보고서연도"":""2025"",""예산연도"":""2026"",""예산_백만원"":""21157"",""구분"":""지자체"",""예산_억원"":""211.57""}"
fe43cac0923d899c4e214770,공공드론_예산_연도별,43,,"{""보고서연도"":""2025"",""예산연도"":""2024"",""예산_백만원"":""19933"",""구분"":""공공기관"",""예산_억원"":""199.33""}"
7eee1fc9146a0e9c8affaa3b,공공드론_예산_연도별,44,,"{""보고서연도"":""2025"",""예산연도"":""2025"",""예산_백만원"":""17839"",""구분"":""공공기관"",""예산_억원"":""178.39""}"
b78b590dd3eb4ed44a0988bc,공공드론_예산_연도별,45,,"{""보고서연도"":""2025"",""예산연도"":""2026"",""예산_백만원"":""18317"",""구분"":""공공기관"",""예산_억원"":""183.17""}"
c370de1f0387f3e778307eb1,공공드론_조종자격_취득현황,2,,"{""기관구분"":""국가기관"",""1종_명"":""4873"",""2종_명"":""556"",""3종_명"":""1364"",""4종_명"":""6223"",""합계_명"":""13016"",""출처"":""2025년도 드론산업 실태조사, 항공안전기술원 표 3-19""}"
6cbd2567eabbb84a07cef07a,공공드론_조종자격_취득현황,3,,"{""기관구분"":""지자체"",""1종_명"":""1466"",""2종_명"":""305"",""3종_명"":""573"",""4종_명"":""1038"",""합계_명"":""3382"",""출처"":""2025년도 드론산업 실태조사, 항공안전기술원 표 3-19""}"
5bee0299740d740bc12c8e08,공공드론_조종자격_취득현황,4,,"{""기관구분"":""공공기관"",""1종_명"":""1446"",""2종_명"":""227"",""3종_명"":""321"",""4종_명"":""2121"",""합계_명"":""4115"",""출처"":""2025년도 드론산업 실태조사, 항공안전기술원 표 3-19""}"
22ecea605fd5e4972a119f5b,공공드론_조종자격_취득현황,5,,"{""기관구분"":""합계"",""1종_명"":""7785"",""2종_명"":""1088"",""3종_명"":""2258"",""4종_명"":""9382"",""합계_명"":""20513"",""출처"":""2025년도 드론산업 실태조사, 항공안전기술원 표 3-19""}"
a3fa35716a1b8d1d15b785d8,공공드론_중량별_2024,2,2024,"{""기준연도"":""2024"",""기관구분"":""국가기관(전체)"",""중량구분"":""1종_25kg초과_대"",""보유대수_대"":""543""}"
5353810ae1dbc9140a4c52d8,공공드론_중량별_2024,3,2024,"{""기준연도"":""2024"",""기관구분"":""국가기관(교육부)"",""중량구분"":""1종_25kg초과_대"",""보유대수_대"":""456""}"
ac1348460e45033ccbea79bb,공공드론_중량별_2024,4,2024,"{""기준연도"":""2024"",""기관구분"":""지자체"",""중량구분"":""1종_25kg초과_대"",""보유대수_대"":""90""}"
767ffc95f207854389fbbf11,공공드론_중량별_2024,5,2024,"{""기준연도"":""2024"",""기관구분"":""공공기관"",""중량구분"":""1종_25kg초과_대"",""보유대수_대"":""21""}"
1d5f9c6740a5d7e4fa912ba2,공공드론_중량별_2024,6,2024,"{""기준연도"":""2024"",""기관구분"":""합계"",""중량구분"":""1종_25kg초과_대"",""보유대수_대"":""654""}"
fca903097f63da5213f8e8c5,공공드론_중량별_2024,7,2024,"{""기준연도"":""2024"",""기관구분"":""국가기관(전체)"",""중량구분"":""2종_7to25kg_대"",""보유대수_대"":""602""}"
366aefbc804511801fec6964,공공드론_중량별_2024,8,2024,"{""기준연도"":""2024"",""기관구분"":""국가기관(교육부)"",""중량구분"":""2종_7to25kg_대"",""보유대수_대"":""243""}"
7af2dc90e4b86f14cb4c29d9,공공드론_중량별_2024,9,2024,"{""기준연도"":""2024"",""기관구분"":""지자체"",""중량구분"":""2종_7to25kg_대"",""보유대수_대"":""253""}"
df08cef13314b41cea383917,공공드론_중량별_2024,10,2024,"{""기준연도"":""2024"",""기관구분"":""공공기관"",""중량구분"":""2종_7to25kg_대"",""보유대수_대"":""212""}"
85b115de7c3c33dfa9e61634,공공드론_중량별_2024,11,2024,"{""기준연도"":""2024"",""기관구분"":""합계"",""중량구분"":""2종_7to25kg_대"",""보유대수_대"":""1067""}"
a86041d389155a1687400f87,공공드론_중량별_2024,12,2024,"{""기준연도"":""2024"",""기관구분"":""국가기관(전체)"",""중량구분"":""3종_2to7kg_대"",""보유대수_대"":""860""}"
73e50e18e888157bb69680d9,공공드론_중량별_2024,13,2024,"{""기준연도"":""2024"",""기관구분"":""국가기관(교육부)"",""중량구분"":""3종_2to7kg_대"",""보유대수_대"":""437""}"
3165d95046760845678de416,공공드론_중량별_2024,14,2024,"{""기준연도"":""2024"",""기관구분"":""지자체"",""중량구분"":""3종_2to7kg_대"",""보유대수_대"":""365""}"
ded3f67040f8b3a7d5c5c096,공공드론_중량별_2024,15,2024,"{""기준연도"":""2024"",""기관구분"":""공공기관"",""중량구분"":""3종_2to7kg_대"",""보유대수_대"":""189""}"
043d045bfb4c537258009fcb,공공드론_중량별_2024,16,2024,"{""기준연도"":""2024"",""기관구분"":""합계"",""중량구분"":""3종_2to7kg_대"",""보유대수_대"":""1414""}"
3e44eb66574547c030054813,공공드론_중량별_2024,17,2024,"{""기준연도"":""2024"",""기관구분"":""국가기관(전체)"",""중량구분"":""4종_250gto2kg_대"",""보유대수_대"":""3581""}"
c99f93dd00d061d29ca30fdb,공공드론_중량별_2024,18,2024,"{""기준연도"":""2024"",""기관구분"":""국가기관(교육부)"",""중량구분"":""4종_250gto2kg_대"",""보유대수_대"":""2616""}"
85ff691d4e8e70ffbd35a9f9,공공드론_중량별_2024,19,2024,"{""기준연도"":""2024"",""기관구분"":""지자체"",""중량구분"":""4종_250gto2kg_대"",""보유대수_대"":""1446""}"
e9678eefbce20b463e211452,공공드론_중량별_2024,20,2024,"{""기준연도"":""2024"",""기관구분"":""공공기관"",""중량구분"":""4종_250gto2kg_대"",""보유대수_대"":""656""}"
52427b6cae641c4ef21ae216,공공드론_중량별_2024,21,2024,"{""기준연도"":""2024"",""기관구분"":""합계"",""중량구분"":""4종_250gto2kg_대"",""보유대수_대"":""5683""}"
380652a18f6f72b5c84f4841,공공드론_중량별_2024,22,2024,"{""기준연도"":""2024"",""기관구분"":""국가기관(전체)"",""중량구분"":""250g미만_대"",""보유대수_대"":""4972""}"
c079a704eb87d0604ce0e16c,공공드론_중량별_2024,23,2024,"{""기준연도"":""2024"",""기관구분"":""국가기관(교육부)"",""중량구분"":""250g미만_대"",""보유대수_대"":""4959""}"
1125f4ca234fcded957f5ef9,공공드론_중량별_2024,24,2024,"{""기준연도"":""2024"",""기관구분"":""지자체"",""중량구분"":""250g미만_대"",""보유대수_대"":""347""}"
512a0b2bbc195674b111f789,공공드론_중량별_2024,25,2024,"{""기준연도"":""2024"",""기관구분"":""공공기관"",""중량구분"":""250g미만_대"",""보유대수_대"":""94""}"
4233a6195108d2ff5e9073e2,공공드론_중량별_2024,26,2024,"{""기준연도"":""2024"",""기관구분"":""합계"",""중량구분"":""250g미만_대"",""보유대수_대"":""5413""}"
c4bcb6ebe182867277dd16ae,공공드론_최대이륙중량별_보유현황,2,,"{""기관구분"":""국가기관(전체)"",""1종_25kg초과_대"":""543"",""2종_7to25kg_대"":""602"",""3종_2to7kg_대"":""860"",""4종_250gto2kg_대"":""3581"",""250g미만_대"":""4972"",""합계_대"":""10558"",""출처"":""2025년도 드론산업 실태조사, 항공안전기술원 표 3-10""}"
cd3e9afb4c1f5dd8d0e03a1d,공공드론_최대이륙중량별_보유현황,3,,"{""기관구분"":""국가기관(교육부)"",""1종_25kg초과_대"":""456"",""2종_7to25kg_대"":""243"",""3종_2to7kg_대"":""437"",""4종_250gto2kg_대"":""2616"",""250g미만_대"":""4959"",""합계_대"":""8711"",""출처"":""2025년도 드론산업 실태조사, 항공안전기술원 표 3-10""}"
10eef3576b3c0564788015f7,공공드론_최대이륙중량별_보유현황,4,,"{""기관구분"":""지자체"",""1종_25kg초과_대"":""90"",""2종_7to25kg_대"":""253"",""3종_2to7kg_대"":""365"",""4종_250gto2kg_대"":""1446"",""250g미만_대"":""347"",""합계_대"":""2501"",""출처"":""2025년도 드론산업 실태조사, 항공안전기술원 표 3-10""}"
0d7a7ee154c1e78a3fc6ed02,공공드론_최대이륙중량별_보유현황,5,,"{""기관구분"":""공공기관"",""1종_25kg초과_대"":""21"",""2종_7to25kg_대"":""212"",""3종_2to7kg_대"":""189"",""4종_250gto2kg_대"":""656"",""250g미만_대"":""94"",""합계_대"":""1172"",""출처"":""2025년도 드론산업 실태조사, 항공안전기술원 표 3-10""}"
2b69beef9e83d3e617baff63,공공드론_최대이륙중량별_보유현황,6,,"{""기관구분"":""합계"",""1종_25kg초과_대"":""654"",""2종_7to25kg_대"":""1067"",""3종_2to7kg_대"":""1414"",""4종_250gto2kg_대"":""5683"",""250g미만_대"":""5413"",""합계_대"":""14231"",""출처"":""2025년도 드론산업 실태조사, 항공안전기술원 표 3-10""}"
9aa59b47362549f58f91b7eb,공공드론_활용분야별,2,2024,"{""기준연도"":""2024"",""기관구분"":""국가기관"",""활용분야"":""농업방제_응답수"",""응답수"":""420""}"
cc11580043cc545ae9aec179,공공드론_활용분야별,3,2024,"{""기준연도"":""2024"",""기관구분"":""지자체"",""활용분야"":""농업방제_응답수"",""응답수"":""146""}"
e88721f3834824744bb44bd4,공공드론_활용분야별,4,2024,"{""기준연도"":""2024"",""기관구분"":""공공기관"",""활용분야"":""농업방제_응답수"",""응답수"":""5""}"
ed70f2a2da478ab05a248b4b,공공드론_활용분야별,5,2024,"{""기준연도"":""2024"",""기관구분"":""합계"",""활용분야"":""농업방제_응답수"",""응답수"":""571""}"
09efea94493a2afa27041bae,공공드론_활용분야별,6,2024,"{""기준연도"":""2024"",""기관구분"":""국가기관"",""활용분야"":""측량점검관측_응답수"",""응답수"":""433""}"
10eaf8eca0888ca744030c09,공공드론_활용분야별,7,2024,"{""기준연도"":""2024"",""기관구분"":""지자체"",""활용분야"":""측량점검관측_응답수"",""응답수"":""781""}"
6e5c6a94f82d6d4ae774aecc,공공드론_활용분야별,8,2024,"{""기준연도"":""2024"",""기관구분"":""공공기관"",""활용분야"":""측량점검관측_응답수"",""응답수"":""623""}"
40deb2258ade919d86137694,공공드론_활용분야별,9,2024,"{""기준연도"":""2024"",""기관구분"":""합계"",""활용분야"":""측량점검관측_응답수"",""응답수"":""1837""}"
69d82a12445cd73d23092341,공공드론_활용분야별,10,2024,"{""기준연도"":""2024"",""기관구분"":""국가기관"",""활용분야"":""촬영방송_응답수"",""응답수"":""209""}"
7b69527b6830bc5c76b99920,공공드론_활용분야별,11,2024,"{""기준연도"":""2024"",""기관구분"":""지자체"",""활용분야"":""촬영방송_응답수"",""응답수"":""344""}"
1da749f1f252bf53932421fe,공공드론_활용분야별,12,2024,"{""기준연도"":""2024"",""기관구분"":""공공기관"",""활용분야"":""촬영방송_응답수"",""응답수"":""41""}"
06a9cf962517fca4b5102cca,공공드론_활용분야별,13,2024,"{""기준연도"":""2024"",""기관구분"":""합계"",""활용분야"":""촬영방송_응답수"",""응답수"":""594""}"
bd8f6ba339143661b62136fc,공공드론_활용분야별,14,2024,"{""기준연도"":""2024"",""기관구분"":""국가기관"",""활용분야"":""스포츠퍼포먼스_응답수"",""응답수"":""167""}"
7ed0afa0769ed579e29f20b6,공공드론_활용분야별,15,2024,"{""기준연도"":""2024"",""기관구분"":""지자체"",""활용분야"":""스포츠퍼포먼스_응답수"",""응답수"":""19""}"
bfd772df64af9e4e47bb8e9d,공공드론_활용분야별,16,2024,"{""기준연도"":""2024"",""기관구분"":""공공기관"",""활용분야"":""스포츠퍼포먼스_응답수"",""응답수"":""0""}"
bf0d8e489a3067f826dde887,공공드론_활용분야별,17,2024,"{""기준연도"":""2024"",""기관구분"":""합계"",""활용분야"":""스포츠퍼포먼스_응답수"",""응답수"":""186""}"
e45cde08da17fec1cfa8c081,공공드론_활용분야별,18,2024,"{""기준연도"":""2024"",""기관구분"":""국가기관"",""활용분야"":""교육용_응답수"",""응답수"":""8495""}"
b8e1d5479599e9cabedebce9,공공드론_활용분야별,19,2024,"{""기준연도"":""2024"",""기관구분"":""지자체"",""활용분야"":""교육용_응답수"",""응답수"":""763""}"
1cba3470a6e8c4ebb3b8bfc4,공공드론_활용분야별,20,2024,"{""기준연도"":""2024"",""기관구분"":""공공기관"",""활용분야"":""교육용_응답수"",""응답수"":""188""}"
b49aeb3009ed2500476eff40,공공드론_활용분야별,21,2024,"{""기준연도"":""2024"",""기관구분"":""합계"",""활용분야"":""교육용_응답수"",""응답수"":""9446""}"
b6b88514940f109f07ae234f,공공드론_활용분야별,22,2024,"{""기준연도"":""2024"",""기관구분"":""국가기관"",""활용분야"":""운송물류_응답수"",""응답수"":""0""}"
fca6a766696b5b345642f8be,공공드론_활용분야별,23,2024,"{""기준연도"":""2024"",""기관구분"":""지자체"",""활용분야"":""운송물류_응답수"",""응답수"":""10""}"
a17e62ec40162d9001f3298e,공공드론_활용분야별,24,2024,"{""기준연도"":""2024"",""기관구분"":""공공기관"",""활용분야"":""운송물류_응답수"",""응답수"":""0""}"
22cd219bfd894f28d1e9998a,공공드론_활용분야별,25,2024,"{""기준연도"":""2024"",""기관구분"":""합계"",""활용분야"":""운송물류_응답수"",""응답수"":""10""}"
ceececda850e57fa6635a0fc,공공드론_활용분야별,26,2024,"{""기준연도"":""2024"",""기관구분"":""국가기관"",""활용분야"":""기타_응답수"",""응답수"":""834""}"
b68e037b0e176d5a67ca4301,공공드론_활용분야별,27,2024,"{""기준연도"":""2024"",""기관구분"":""지자체"",""활용분야"":""기타_응답수"",""응답수"":""438""}"
f06de09c7c7095394a725294,공공드론_활용분야별,28,2024,"{""기준연도"":""2024"",""기관구분"":""공공기관"",""활용분야"":""기타_응답수"",""응답수"":""315""}"
84bc0ec849ee633ca5dce61f,공공드론_활용분야별,29,2024,"{""기준연도"":""2024"",""기관구분"":""합계"",""활용분야"":""기타_응답수"",""응답수"":""1587""}"
d8d7b584a8d047f3c4f001fb,국방 드론_무인기 도입 현황,2,2020,"{""무기체계_구분"":""고고도정찰용 무인항공기"",""제품명"":""RQ-4 글로벌호크"",""역할"":""감시/정찰"",""운용부대"":""공군"",""상태"":""전력화 완료"",""공개수량"":""4.0"",""수량단위"":""대"",""수량_성격"":""실제 도입 완료 수량"",""연도"":""2020"",""비고"":""""}"
11f029947a275e08a35935ec,국방 드론_무인기 도입 현황,3,2026,"{""무기체계_구분"":""중고도정찰용 무인항공기"",""제품명"":""RQ-105K (KUS-FS)"",""역할"":""감시/정찰"",""운용부대"":""공군"",""상태"":""양산/초도 운용"",""공개수량"":"""",""수량단위"":""대"",""수량_성격"":""수량 미공개"",""연도"":""2026"",""비고"":""초도 양산기 2026년 4월 출고; 2027~2028년 9,800억원 규모 양산 예정""}"
21f5d61cc3266b5b7404772b,국방 드론_무인기 도입 현황,4,2020,"{""무기체계_구분"":""원거리 정찰용 소형 무인기"",""제품명"":""아르고스 기반 개조"",""역할"":""감시/정찰"",""운용부대"":""구 드론작전사령부"",""상태"":""전력화"",""공개수량"":"""",""수량단위"":""대"",""수량_성격"":""수량 미공개/추정"",""연도"":""2020"",""비고"":""성우엔지니어링, 아르고스 기반 개조는 자료상 추정""}"
f85f0101e0d68a876aef2707,국방 드론_무인기 도입 현황,5,2024,"{""무기체계_구분"":""스텔스형상 소형 드론"",""제품명"":""제품명 미공개"",""역할"":""감시/정찰(+공격)"",""운용부대"":""구 드론작전사령부"",""상태"":""전력화"",""공개수량"":"""",""수량단위"":""대"",""수량_성격"":""수량 미공개"",""연도"":""2024"",""비고"":""2024년 1월 동부전선 배치""}"
972e1f4dd51070b9220d2f12,국방 드론_무인기 도입 현황,6,,"{""무기체계_구분"":""소형 자폭드론(국산)"",""제품명"":""KUS-LM"",""역할"":""공격"",""운용부대"":""드론작전사령부"",""상태"":""전력화 진행중"",""공개수량"":""6.0"",""수량단위"":""대"",""수량_성격"":""3개 부대에 각 2개씩 납품"",""연도"":"""",""비고"":""납품 수량이지 전체 보유량으로 해석하지 않음""}"
ba3b3095faf8f7b994e16f01,국방 드론_무인기 도입 현황,7,2024,"{""무기체계_구분"":""자폭드론(구매 도입)"",""제품명"":""Warmate"",""역할"":""공격"",""운용부대"":""구 드론작전사령부"",""상태"":""구매 도입 완료"",""공개수량"":""200.0"",""수량단위"":""대"",""수량_성격"":""200여 대"",""연도"":""2024"",""비고"":""2024년 10월 계약""}"
505e7d7bc960c9cfc59cb3b4,국방 드론_무인기 도입 현황,8,2019,"{""무기체계_구분"":""함정탑재 정찰무인기"",""제품명"":""Camcopter S-100"",""역할"":""감시/정찰"",""운용부대"":""해군"",""상태"":""전력화"",""공개수량"":"""",""수량단위"":""대"",""수량_성격"":""수량 미공개"",""연도"":""2019"",""비고"":""신세기함·신기원함 운용 공개""}"
c0203673c8d46e85406c0823,국방 드론_무인기 도입 현황,9,2028,"{""무기체계_구분"":""함탑재정찰용·서북도서용 무인항공기"",""제품명"":""Camcopter S-300"",""역할"":""감시/정찰"",""운용부대"":""해군·해병대"",""상태"":""체계개발 중"",""공개수량"":"""",""수량단위"":""대"",""수량_성격"":""수량 미공개"",""연도"":""2028"",""비고"":""2028년까지 연구개발, 사업규모 1,433억원""}"
b8ae70c50b90b7836b079d52,국방 드론_무인기 도입 현황,10,2025,"{""무기체계_구분"":""대대급 무인항공기"",""제품명"":""RQ-103K / 리모아이-002B"",""역할"":""감시/정찰"",""운용부대"":""육군·해병대"",""상태"":""전력화"",""공개수량"":"""",""수량단위"":""대"",""수량_성격"":""수량 미공개"",""연도"":""2025"",""비고"":""근거리 정찰드론으로 소개됨""}"
71072c31ab16996c69e8d3e4,국방 드론_무인기 현황_2022~2025,2,2022,"{""연도"":""2022"",""체계_사업명"":""소형무인기 대응체계 Block-I (K-Jammer)"",""분류"":""대드론"",""단계_현황"":""체계개발 착수"",""제조_개발사"":""LIG D&A"",""비고"":""2022년 착수"",""자료구분"":""외부자료""}"
715abaad87e327e585734a1c,국방 드론_무인기 현황_2022~2025,3,2024,"{""연도"":""2024"",""체계_사업명"":""스텔스형상 소형 드론"",""분류"":""감시/정찰(+공격)"",""단계_현황"":""전력화/배치"",""제조_개발사"":""대한항공·ADD"",""비고"":""2024.1 동부전선 배치"",""자료구분"":""외부자료""}"
06dae563759dcaef824fc4c3,국방 드론_무인기 현황_2022~2025,4,2024,"{""연도"":""2024"",""체계_사업명"":""자폭드론(구매 도입) Warmate"",""분류"":""공격"",""단계_현황"":""구매 도입 완료"",""제조_개발사"":""WB Electronics(폴란드)"",""비고"":""2024.10 계약, 200여 대·약 150억원"",""자료구분"":""외부자료""}"
58f9162481943160c60e4848,국방 드론_무인기 현황_2022~2025,5,2025,"{""연도"":""2025"",""체계_사업명"":""근거리 정찰드론"",""분류"":""감시/정찰"",""단계_현황"":""초도 전력화 완료"",""제조_개발사"":""유콘시스템"",""비고"":""2025년 초도 전력화 완료"",""자료구분"":""외부자료""}"
505a959efba5968bf4bb0a9f,국방 드론_무인기 현황_2022~2025,6,2024,"{""연도"":""2024"",""체계_사업명"":""레이저 대공무기(Block-I) 천광"",""분류"":""대드론 하드킬"",""단계_현황"":""전력화 완료"",""제조_개발사"":""한화에어로스페이스·한화시스템"",""비고"":""2024.12 전력화 완료"",""자료구분"":""외부자료""}"
3ef4133cab2c782dd5fc0787,국방 드론_주요사업_예산추이,2,2024,"{""사업명"":""중고도정찰용무인항공기(MUAV)"",""연도"":""2024"",""금액"":""27186"",""예산구분"":""결산"",""단위"":""백만원"",""금액_억원"":""271.86""}"
991825bc0a38fce49896d374,국방 드론_주요사업_예산추이,3,2025,"{""사업명"":""중고도정찰용무인항공기(MUAV)"",""연도"":""2025"",""금액"":""113733"",""예산구분"":""본예산"",""단위"":""백만원"",""금액_억원"":""1137.33""}"
5e9a06522c2e0c07cef43ad0,국방 드론_주요사업_예산추이,4,2025,"{""사업명"":""중고도정찰용무인항공기(MUAV)"",""연도"":""2025"",""금액"":""113733"",""예산구분"":""추경"",""단위"":""백만원"",""금액_억원"":""1137.33""}"
4011a43f49eec999b105ba64,국방 드론_주요사업_예산추이,5,2026,"{""사업명"":""중고도정찰용무인항공기(MUAV)"",""연도"":""2026"",""금액"":""67242"",""예산구분"":""요구"",""단위"":""백만원"",""금액_억원"":""672.42""}"
c9e32bcc8d985011e1ad60e4,국방 드론_주요사업_예산추이,6,2026,"{""사업명"":""중고도정찰용무인항공기(MUAV)"",""연도"":""2026"",""금액"":""67242"",""예산구분"":""조정"",""단위"":""백만원"",""금액_억원"":""672.42""}"
93642d9424f8c55c3f2ccad5,국방 드론_주요사업_예산추이,7,2025,"{""사업명"":""중거리자폭드론"",""연도"":""2025"",""금액"":""5000"",""예산구분"":""본예산"",""단위"":""백만원"",""금액_억원"":""50.0""}"
f188b5b624418b791fc3e9e1,국방 드론_주요사업_예산추이,8,2025,"{""사업명"":""중거리자폭드론"",""연도"":""2025"",""금액"":""5000"",""예산구분"":""추경"",""단위"":""백만원"",""금액_억원"":""50.0""}"
212ec6dd1c400daaaa9dd833,국방 드론_주요사업_예산추이,9,2026,"{""사업명"":""중거리자폭드론"",""연도"":""2026"",""금액"":""20322"",""예산구분"":""요구"",""단위"":""백만원"",""금액_억원"":""203.22""}"
526a1c5ea9ffbd2897fbb6cc,국방 드론_주요사업_예산추이,10,2026,"{""사업명"":""중거리자폭드론"",""연도"":""2026"",""금액"":""10000"",""예산구분"":""조정"",""단위"":""백만원"",""금액_억원"":""100.0""}"
b3ee7d3a158e8731d97d790e,국방 드론_주요사업_예산추이,11,2027,"{""사업명"":""드론/대드론 역량강화"",""연도"":""2027"",""금액"":""8061"",""예산구분"":""예산"",""단위"":""억원"",""금액_억원"":""8061.0""}"
d7bedc0b5e3f7c624e66d1a1,국방부_군별_드론_조종자격_취득현황_2022,2,2022,"{""기관"":""국방부"",""군"":""해군"",""기준연도"":""2022"",""1종"":""25"",""2종"":""0"",""3종"":""0"",""4종"":""0"",""합계"":""25""}"
f0a7f3e81c6a7a751411fb09,국방부_군별_드론_조종자격_취득현황_2022,3,2022,"{""기관"":""국방부"",""군"":""공군"",""기준연도"":""2022"",""1종"":""0"",""2종"":""0"",""3종"":""0"",""4종"":""0"",""합계"":""0""}"
ce32d08c2f51c0f55a94a181,국방부_드론 관련_예산_연도별_2021_2023,2,,"{""보고서연도"":""2022"",""예산연도"":""2021"",""기관"":""국방부(해·공군)"",""드론관련_예산"":""14500.0"",""단위"":""백만원"",""공개상태"":""공개""}"
0bfdf162153a5b52a13cd714,국방부_드론 관련_예산_연도별_2021_2023,3,,"{""보고서연도"":""2022"",""예산연도"":""2022"",""기관"":""국방부(해·공군)"",""드론관련_예산"":""8100.0"",""단위"":""백만원"",""공개상태"":""공개""}"
e468721f3a0e95c70ac2e424,국방부_드론 관련_예산_연도별_2021_2023,4,,"{""보고서연도"":""2022"",""예산연도"":""2023"",""기관"":""국방부(해·공군)"",""드론관련_예산"":""8755.0"",""단위"":""백만원"",""공개상태"":""공개""}"
a84be5bbb166c863bb58c993,국방부_드론 관련_예산_연도별_2021_2023,5,,"{""보고서연도"":""2023"",""예산연도"":""2022"",""기관"":""국방부(해·공군)"",""드론관련_예산"":"""",""단위"":""백만원"",""공개상태"":""동일 군별 예산 수치 미수록""}"
70a38d195e1eda97c035ae5a,국방부_드론 관련_예산_연도별_2021_2023,6,,"{""보고서연도"":""2024"",""예산연도"":""2023"",""기관"":""국방부(해·공군)"",""드론관련_예산"":"""",""단위"":""백만원"",""공개상태"":""동일 군별 예산 수치 미수록""}"
d8874d81db7731efd32b9c13,국방부_드론 관련_예산_연도별_2021_2023,7,,"{""보고서연도"":""2025"",""예산연도"":""2024"",""기관"":""국방부(해·공군)"",""드론관련_예산"":"""",""단위"":""백만원"",""공개상태"":""동일 군별 예산 수치 미수록""}"
fbcd33819944550233a868c9,국방부_육해공_구매연도별_보유대수_2021,2,,"{""구매연도"":""2014"",""군"":""육군"",""해당_구매연도_보유대수"":""5"",""육해공_합계"":""7""}"
4b29588506d1b19682fe21de,국방부_육해공_구매연도별_보유대수_2021,3,,"{""구매연도"":""2015"",""군"":""육군"",""해당_구매연도_보유대수"":""5"",""육해공_합계"":""10""}"
805824c0b21b0fe66b658928,국방부_육해공_구매연도별_보유대수_2021,4,,"{""구매연도"":""2016"",""군"":""육군"",""해당_구매연도_보유대수"":""31"",""육해공_합계"":""38""}"
3f576b812edb5e4546b9ae3d,국방부_육해공_구매연도별_보유대수_2021,5,,"{""구매연도"":""2017"",""군"":""육군"",""해당_구매연도_보유대수"":""11"",""육해공_합계"":""20""}"
ec07c1ac574836fbd14495f4,국방부_육해공_구매연도별_보유대수_2021,6,,"{""구매연도"":""2018"",""군"":""육군"",""해당_구매연도_보유대수"":""44"",""육해공_합계"":""48""}"
16d56ab785aeb6c89cb8eabc,국방부_육해공_구매연도별_보유대수_2021,7,,"{""구매연도"":""2019"",""군"":""육군"",""해당_구매연도_보유대수"":""445"",""육해공_합계"":""612""}"
2295475ed4a753d314b069ad,국방부_육해공_구매연도별_보유대수_2021,8,,"{""구매연도"":""2020"",""군"":""육군"",""해당_구매연도_보유대수"":""910"",""육해공_합계"":""1040""}"
91de9f3c72b36b24e25eabee,국방부_육해공_구매연도별_보유대수_2021,9,,"{""구매연도"":""2021"",""군"":""육군"",""해당_구매연도_보유대수"":""304"",""육해공_합계"":""384""}"
0db6f032f43756901551af2f,국방부_육해공_구매연도별_보유대수_2021,10,,"{""구매연도"":""2014"",""군"":""해군"",""해당_구매연도_보유대수"":""2"",""육해공_합계"":""7""}"
7df132ac5bd72d4522f192c1,국방부_육해공_구매연도별_보유대수_2021,11,,"{""구매연도"":""2015"",""군"":""해군"",""해당_구매연도_보유대수"":""5"",""육해공_합계"":""10""}"
7645a8a701df497c2f4c3a1a,국방부_육해공_구매연도별_보유대수_2021,12,,"{""구매연도"":""2016"",""군"":""해군"",""해당_구매연도_보유대수"":""3"",""육해공_합계"":""38""}"
fab5435b3d64c03b3dd6564b,국방부_육해공_구매연도별_보유대수_2021,13,,"{""구매연도"":""2017"",""군"":""해군"",""해당_구매연도_보유대수"":""7"",""육해공_합계"":""20""}"
cf1643188c0217549dbcc82a,국방부_육해공_구매연도별_보유대수_2021,14,,"{""구매연도"":""2018"",""군"":""해군"",""해당_구매연도_보유대수"":""1"",""육해공_합계"":""48""}"
ffdc89b391d31e6384e3eedc,국방부_육해공_구매연도별_보유대수_2021,15,,"{""구매연도"":""2019"",""군"":""해군"",""해당_구매연도_보유대수"":""40"",""육해공_합계"":""612""}"
54cdf7be03c2be06187fd899,국방부_육해공_구매연도별_보유대수_2021,16,,"{""구매연도"":""2020"",""군"":""해군"",""해당_구매연도_보유대수"":""36"",""육해공_합계"":""1040""}"
1306de7a5c8554071eb5902a,국방부_육해공_구매연도별_보유대수_2021,17,,"{""구매연도"":""2021"",""군"":""해군"",""해당_구매연도_보유대수"":""15"",""육해공_합계"":""384""}"
397668ff1a4a7b917001cf1a,국방부_육해공_구매연도별_보유대수_2021,18,,"{""구매연도"":""2014"",""군"":""공군"",""해당_구매연도_보유대수"":""0"",""육해공_합계"":""7""}"
fc4e77a8cd2c66967dc6761c,국방부_육해공_구매연도별_보유대수_2021,19,,"{""구매연도"":""2015"",""군"":""공군"",""해당_구매연도_보유대수"":""0"",""육해공_합계"":""10""}"
f71a7d1faa0cc5cf6ae08025,국방부_육해공_구매연도별_보유대수_2021,20,,"{""구매연도"":""2016"",""군"":""공군"",""해당_구매연도_보유대수"":""4"",""육해공_합계"":""38""}"
5d66d7cdcc5636634d9d0738,국방부_육해공_구매연도별_보유대수_2021,21,,"{""구매연도"":""2017"",""군"":""공군"",""해당_구매연도_보유대수"":""2"",""육해공_합계"":""20""}"
6edd839034ecece6404d8364,국방부_육해공_구매연도별_보유대수_2021,22,,"{""구매연도"":""2018"",""군"":""공군"",""해당_구매연도_보유대수"":""3"",""육해공_합계"":""48""}"
cb172242cb59ac3ab52bf4ec,국방부_육해공_구매연도별_보유대수_2021,23,,"{""구매연도"":""2019"",""군"":""공군"",""해당_구매연도_보유대수"":""127"",""육해공_합계"":""612""}"
00f566f74d86cf4652806764,국방부_육해공_구매연도별_보유대수_2021,24,,"{""구매연도"":""2020"",""군"":""공군"",""해당_구매연도_보유대수"":""94"",""육해공_합계"":""1040""}"
ecd397d12a4e7663a63de4d0,국방부_육해공_구매연도별_보유대수_2021,25,,"{""구매연도"":""2021"",""군"":""공군"",""해당_구매연도_보유대수"":""65"",""육해공_합계"":""384""}"
ed286690fad38a2f9a04469d,국방부_육해공_드론_보유현황_2021,2,2021,"{""기관"":""국방부"",""군"":""육군"",""기준연도"":""2021"",""총_드론_보유대수"":""1755"",""국산_드론_보유대수"":""1653"",""국산_드론_비율_pct"":""94.2""}"
34c6051e5e5a29185c5bd8cf,국방부_육해공_드론_보유현황_2021,3,2021,"{""기관"":""국방부"",""군"":""해군"",""기준연도"":""2021"",""총_드론_보유대수"":""109"",""국산_드론_보유대수"":""82"",""국산_드론_비율_pct"":""75.2""}"
8cf81b78e521e71bfdb3eae6,국방부_육해공_드론_보유현황_2021,4,2021,"{""기관"":""국방부"",""군"":""공군"",""기준연도"":""2021"",""총_드론_보유대수"":""295"",""국산_드론_보유대수"":""286"",""국산_드론_비율_pct"":""96.9""}"
9ac91d28498025a4859a34d2,국방부_육해공_드론_보유현황_2021,5,2021,"{""기관"":""국방부"",""군"":""육·해·공군 합계"",""기준연도"":""2021"",""총_드론_보유대수"":""2159"",""국산_드론_보유대수"":""2021"",""국산_드론_비율_pct"":""93.6""}"
187b6e250931701c815d8c20,국방부_육해공_연료형태별_드론_보유현황_2021,2,,"{""군"":""육군"",""연료형태"":""내연기관"",""보유대수"":""24""}"
12a73d6a2fc2a043a7131294,국방부_육해공_연료형태별_드론_보유현황_2021,3,,"{""군"":""육군"",""연료형태"":""수소"",""보유대수"":""0""}"
4ac6ad1b904fc97379f130c7,국방부_육해공_연료형태별_드론_보유현황_2021,4,,"{""군"":""육군"",""연료형태"":""하이브리드"",""보유대수"":""0""}"
5d6ee627f676288eb2aaacff,국방부_육해공_연료형태별_드론_보유현황_2021,5,,"{""군"":""육군"",""연료형태"":""배터리"",""보유대수"":""1731""}"
6e18ddc8d24a5fa442923cc8,국방부_육해공_연료형태별_드론_보유현황_2021,6,,"{""군"":""육군"",""연료형태"":""합계"",""보유대수"":""1755""}"
3a89b37617c2070a1722469f,국방부_육해공_연료형태별_드론_보유현황_2021,7,,"{""군"":""해군"",""연료형태"":""내연기관"",""보유대수"":""6""}"
315378d337fac387ef19999c,국방부_육해공_연료형태별_드론_보유현황_2021,8,,"{""군"":""해군"",""연료형태"":""수소"",""보유대수"":""0""}"
037e8f0ee1e4fad86c0c7678,국방부_육해공_연료형태별_드론_보유현황_2021,9,,"{""군"":""해군"",""연료형태"":""하이브리드"",""보유대수"":""4""}"
d00bce38b7a48f97a63c4cb2,국방부_육해공_연료형태별_드론_보유현황_2021,10,,"{""군"":""해군"",""연료형태"":""배터리"",""보유대수"":""99""}"
c2253c617ea2cb0a38f0dad5,국방부_육해공_연료형태별_드론_보유현황_2021,11,,"{""군"":""해군"",""연료형태"":""합계"",""보유대수"":""109""}"
e763cb36c14cb61c6ae67a36,국방부_육해공_연료형태별_드론_보유현황_2021,12,,"{""군"":""공군"",""연료형태"":""내연기관"",""보유대수"":""291""}"
e81be218ec401e180b79de4b,국방부_육해공_연료형태별_드론_보유현황_2021,13,,"{""군"":""공군"",""연료형태"":""수소"",""보유대수"":""4""}"
80ed15afba78416452ab3018,국방부_육해공_연료형태별_드론_보유현황_2021,14,,"{""군"":""공군"",""연료형태"":""하이브리드"",""보유대수"":""0""}"
c3006c1280a3d2c35d6f466d,국방부_육해공_연료형태별_드론_보유현황_2021,15,,"{""군"":""공군"",""연료형태"":""배터리"",""보유대수"":""0""}"
4c668a2d3d3409db435f84e8,국방부_육해공_연료형태별_드론_보유현황_2021,16,,"{""군"":""공군"",""연료형태"":""합계"",""보유대수"":""295""}"
c5dd9dc2e3cb9fc58e719d76,드론 민간자격_연도별_유형별,2,2016,"{""기준연도"":""2016"",""자격분야"":""S_W"",""등록건수_건"":""0""}"
d39de923d9aee26a417f73d9,드론 민간자격_연도별_유형별,3,2016,"{""기준연도"":""2016"",""자격분야"":""관제"",""등록건수_건"":""0""}"
ebb184947c5c46426401f051,드론 민간자격_연도별_유형별,4,2016,"{""기준연도"":""2016"",""자격분야"":""교육"",""등록건수_건"":""20""}"
2931d5a6fbcecb6be174d27d,드론 민간자격_연도별_유형별,5,2016,"{""기준연도"":""2016"",""자격분야"":""기타"",""등록건수_건"":""1""}"
1b5cccee1163b9875a1582e8,드론 민간자격_연도별_유형별,6,2016,"{""기준연도"":""2016"",""자격분야"":""방제"",""등록건수_건"":""0""}"
b88055511672d7c264103e97,드론 민간자격_연도별_유형별,7,2016,"{""기준연도"":""2016"",""자격분야"":""안전"",""등록건수_건"":""0""}"
88e2165a2c5102be0582ccb2,드론 민간자격_연도별_유형별,8,2016,"{""기준연도"":""2016"",""자격분야"":""영상"",""등록건수_건"":""3""}"
c813391c82c9b693bd299ff8,드론 민간자격_연도별_유형별,9,2016,"{""기준연도"":""2016"",""자격분야"":""운용"",""등록건수_건"":""1""}"
32796df18e405a7fa399cfbc,드론 민간자격_연도별_유형별,10,2016,"{""기준연도"":""2016"",""자격분야"":""정비"",""등록건수_건"":""1""}"
d3b47f0d2845a6810a4e8d06,드론 민간자격_연도별_유형별,11,2016,"{""기준연도"":""2016"",""자격분야"":""조종"",""등록건수_건"":""7""}"
030e6f1381ff38ecf77ffb0b,드론 민간자격_연도별_유형별,12,2017,"{""기준연도"":""2017"",""자격분야"":""S_W"",""등록건수_건"":""3""}"
1abc65e4f11b92e55cf661c8,드론 민간자격_연도별_유형별,13,2017,"{""기준연도"":""2017"",""자격분야"":""관제"",""등록건수_건"":""0""}"
38d8c2ace4bdb9f06147a828,드론 민간자격_연도별_유형별,14,2017,"{""기준연도"":""2017"",""자격분야"":""교육"",""등록건수_건"":""31""}"
7460283b6cccda7a05a752c7,드론 민간자격_연도별_유형별,15,2017,"{""기준연도"":""2017"",""자격분야"":""기타"",""등록건수_건"":""2""}"
8ba24e639ca0571507653480,드론 민간자격_연도별_유형별,16,2017,"{""기준연도"":""2017"",""자격분야"":""방제"",""등록건수_건"":""0""}"
ba867483b2f90ddf63e8ba94,드론 민간자격_연도별_유형별,17,2017,"{""기준연도"":""2017"",""자격분야"":""안전"",""등록건수_건"":""2""}"
c67aad6e5f37f0fbe7a7bcfb,드론 민간자격_연도별_유형별,18,2017,"{""기준연도"":""2017"",""자격분야"":""영상"",""등록건수_건"":""11""}"
bbd753cd8fcabdf222c0d943,드론 민간자격_연도별_유형별,19,2017,"{""기준연도"":""2017"",""자격분야"":""운용"",""등록건수_건"":""3""}"
919d5009d2d75c37fee3196c,드론 민간자격_연도별_유형별,20,2017,"{""기준연도"":""2017"",""자격분야"":""정비"",""등록건수_건"":""4""}"
93df5ff0e36536bb36340c58,드론 민간자격_연도별_유형별,21,2017,"{""기준연도"":""2017"",""자격분야"":""조종"",""등록건수_건"":""11""}"
f39c1db3880d808588f05de4,드론 민간자격_연도별_유형별,22,2018,"{""기준연도"":""2018"",""자격분야"":""S_W"",""등록건수_건"":""14""}"
cab02a5aa990775fa405025d,드론 민간자격_연도별_유형별,23,2018,"{""기준연도"":""2018"",""자격분야"":""관제"",""등록건수_건"":""0""}"
4ed41f5c4d44be75720a250f,드론 민간자격_연도별_유형별,24,2018,"{""기준연도"":""2018"",""자격분야"":""교육"",""등록건수_건"":""34""}"
2f0616a0d53e989d7acc9034,드론 민간자격_연도별_유형별,25,2018,"{""기준연도"":""2018"",""자격분야"":""기타"",""등록건수_건"":""4""}"
972a2728a3104884c28c7c6f,드론 민간자격_연도별_유형별,26,2018,"{""기준연도"":""2018"",""자격분야"":""방제"",""등록건수_건"":""4""}"
5cacc85b604685f21e5898c0,드론 민간자격_연도별_유형별,27,2018,"{""기준연도"":""2018"",""자격분야"":""안전"",""등록건수_건"":""1""}"
c11dfbe377e6c6ece2b00320,드론 민간자격_연도별_유형별,28,2018,"{""기준연도"":""2018"",""자격분야"":""영상"",""등록건수_건"":""9""}"
4516976284c4daa12c117241,드론 민간자격_연도별_유형별,29,2018,"{""기준연도"":""2018"",""자격분야"":""운용"",""등록건수_건"":""4""}"
6adca847976d4f9fa7404bd8,드론 민간자격_연도별_유형별,30,2018,"{""기준연도"":""2018"",""자격분야"":""정비"",""등록건수_건"":""11""}"
cc615b0c6fff870905615e99,드론 민간자격_연도별_유형별,31,2018,"{""기준연도"":""2018"",""자격분야"":""조종"",""등록건수_건"":""14""}"
1b0feef90c90b795e1e72d49,드론 민간자격_연도별_유형별,32,2019,"{""기준연도"":""2019"",""자격분야"":""S_W"",""등록건수_건"":""10""}"
681c53d55f3018be65e76ef0,드론 민간자격_연도별_유형별,33,2019,"{""기준연도"":""2019"",""자격분야"":""관제"",""등록건수_건"":""1""}"
1e86bc983b08b64955528b77,드론 민간자격_연도별_유형별,34,2019,"{""기준연도"":""2019"",""자격분야"":""교육"",""등록건수_건"":""29""}"
8123c8a6e295af8c0af6bae2,드론 민간자격_연도별_유형별,35,2019,"{""기준연도"":""2019"",""자격분야"":""기타"",""등록건수_건"":""8""}"
16920bedec0ae4ddbfb02376,드론 민간자격_연도별_유형별,36,2019,"{""기준연도"":""2019"",""자격분야"":""방제"",""등록건수_건"":""9""}"
ff82993a0ea2a35d58fd6085,드론 민간자격_연도별_유형별,37,2019,"{""기준연도"":""2019"",""자격분야"":""안전"",""등록건수_건"":""1""}"
5f5fe1d68c149e9a265dd2df,드론 민간자격_연도별_유형별,38,2019,"{""기준연도"":""2019"",""자격분야"":""영상"",""등록건수_건"":""20""}"
2a86b1313a29b406087d14a7,드론 민간자격_연도별_유형별,39,2019,"{""기준연도"":""2019"",""자격분야"":""운용"",""등록건수_건"":""0""}"
4d039797116e7fdfa5aed5c6,드론 민간자격_연도별_유형별,40,2019,"{""기준연도"":""2019"",""자격분야"":""정비"",""등록건수_건"":""23""}"
cf07743e7f8a30fe56a689d4,드론 민간자격_연도별_유형별,41,2019,"{""기준연도"":""2019"",""자격분야"":""조종"",""등록건수_건"":""9""}"
6343dc66dc7372af592824f3,드론 민간자격_연도별_유형별,42,2020,"{""기준연도"":""2020"",""자격분야"":""S_W"",""등록건수_건"":""9""}"
197971439407661b9badeb80,드론 민간자격_연도별_유형별,43,2020,"{""기준연도"":""2020"",""자격분야"":""관제"",""등록건수_건"":""2""}"
ef822359db1b265583704357,드론 민간자격_연도별_유형별,44,2020,"{""기준연도"":""2020"",""자격분야"":""교육"",""등록건수_건"":""24""}"
d76a348365b133b45e5498b0,드론 민간자격_연도별_유형별,45,2020,"{""기준연도"":""2020"",""자격분야"":""기타"",""등록건수_건"":""13""}"
ba9e65ac480eb37e8634e5eb,드론 민간자격_연도별_유형별,46,2020,"{""기준연도"":""2020"",""자격분야"":""방제"",""등록건수_건"":""8""}"
e6b55e08b2661194178e256c,드론 민간자격_연도별_유형별,47,2020,"{""기준연도"":""2020"",""자격분야"":""안전"",""등록건수_건"":""1""}"
ed484fb8a97f7bf932a20b09,드론 민간자격_연도별_유형별,48,2020,"{""기준연도"":""2020"",""자격분야"":""영상"",""등록건수_건"":""9""}"
5d3f5c5eb55c62152d0544b0,드론 민간자격_연도별_유형별,49,2020,"{""기준연도"":""2020"",""자격분야"":""운용"",""등록건수_건"":""1""}"
13ad18c152ec9a7078a44240,드론 민간자격_연도별_유형별,50,2020,"{""기준연도"":""2020"",""자격분야"":""정비"",""등록건수_건"":""15""}"
865034f1b2692af475da7bc0,드론 민간자격_연도별_유형별,51,2020,"{""기준연도"":""2020"",""자격분야"":""조종"",""등록건수_건"":""13""}"
72a7c69bf8aa050f932b9916,드론 민간자격_연도별_유형별,52,2021,"{""기준연도"":""2021"",""자격분야"":""S_W"",""등록건수_건"":""5""}"
ae8278b9b24ae18286ff8fe7,드론 민간자격_연도별_유형별,53,2021,"{""기준연도"":""2021"",""자격분야"":""관제"",""등록건수_건"":""4""}"
fa7cc816396257dd7ede6993,드론 민간자격_연도별_유형별,54,2021,"{""기준연도"":""2021"",""자격분야"":""교육"",""등록건수_건"":""32""}"
1bd92fc0fb9684c6178db193,드론 민간자격_연도별_유형별,55,2021,"{""기준연도"":""2021"",""자격분야"":""기타"",""등록건수_건"":""12""}"
becbf593042e6db43f14f032,드론 민간자격_연도별_유형별,56,2021,"{""기준연도"":""2021"",""자격분야"":""방제"",""등록건수_건"":""4""}"
997f58e1c243b4eff93a637c,드론 민간자격_연도별_유형별,57,2021,"{""기준연도"":""2021"",""자격분야"":""안전"",""등록건수_건"":""1""}"
f7e45c0a19dc3debad41eb77,드론 민간자격_연도별_유형별,58,2021,"{""기준연도"":""2021"",""자격분야"":""영상"",""등록건수_건"":""13""}"
44282c79a8eaf0f6ee301139,드론 민간자격_연도별_유형별,59,2021,"{""기준연도"":""2021"",""자격분야"":""운용"",""등록건수_건"":""4""}"
c43db237a44c7f330df6045e,드론 민간자격_연도별_유형별,60,2021,"{""기준연도"":""2021"",""자격분야"":""정비"",""등록건수_건"":""17""}"
eae30687faa04ce616abed33,드론 민간자격_연도별_유형별,61,2021,"{""기준연도"":""2021"",""자격분야"":""조종"",""등록건수_건"":""6""}"
b979def775c62c0cbecd6150,드론 민간자격_연도별_유형별,62,2022,"{""기준연도"":""2022"",""자격분야"":""S_W"",""등록건수_건"":""4""}"
1cab5b49a22e738eace678f7,드론 민간자격_연도별_유형별,63,2022,"{""기준연도"":""2022"",""자격분야"":""관제"",""등록건수_건"":""2""}"
61436da38c7f398eb1c3ade1,드론 민간자격_연도별_유형별,64,2022,"{""기준연도"":""2022"",""자격분야"":""교육"",""등록건수_건"":""12""}"
40bbffb51e1c4f39f1ed8246,드론 민간자격_연도별_유형별,65,2022,"{""기준연도"":""2022"",""자격분야"":""기타"",""등록건수_건"":""6""}"
bda4ae6c781b710d0d02ede0,드론 민간자격_연도별_유형별,66,2022,"{""기준연도"":""2022"",""자격분야"":""방제"",""등록건수_건"":""3""}"
cdc68ad5cb555c24ae4ade1a,드론 민간자격_연도별_유형별,67,2022,"{""기준연도"":""2022"",""자격분야"":""안전"",""등록건수_건"":""2""}"
3c3968abd54f4860e507bcd0,드론 민간자격_연도별_유형별,68,2022,"{""기준연도"":""2022"",""자격분야"":""영상"",""등록건수_건"":""8""}"
df0b087c83e93ea3d9cad7a6,드론 민간자격_연도별_유형별,69,2022,"{""기준연도"":""2022"",""자격분야"":""운용"",""등록건수_건"":""4""}"
f36cab3b0d6b84399ebb9fe9,드론 민간자격_연도별_유형별,70,2022,"{""기준연도"":""2022"",""자격분야"":""정비"",""등록건수_건"":""8""}"
29e10b0d45233cd28c2aecda,드론 민간자격_연도별_유형별,71,2022,"{""기준연도"":""2022"",""자격분야"":""조종"",""등록건수_건"":""2""}"
944f622c576aa9c267f45f12,드론 민간자격_연도별_유형별,72,2023,"{""기준연도"":""2023"",""자격분야"":""S_W"",""등록건수_건"":""5""}"
3cc8eb9b0483332c54345ee9,드론 민간자격_연도별_유형별,73,2023,"{""기준연도"":""2023"",""자격분야"":""관제"",""등록건수_건"":""2""}"
87822b57fdba0ebcdf7eee75,드론 민간자격_연도별_유형별,74,2023,"{""기준연도"":""2023"",""자격분야"":""교육"",""등록건수_건"":""12""}"
1a1fcacf698931c3f777be6d,드론 민간자격_연도별_유형별,75,2023,"{""기준연도"":""2023"",""자격분야"":""기타"",""등록건수_건"":""8""}"
30a9d6c0e72e7f48a409d847,드론 민간자격_연도별_유형별,76,2023,"{""기준연도"":""2023"",""자격분야"":""방제"",""등록건수_건"":""6""}"
73ff65c5360887751ad9bad7,드론 민간자격_연도별_유형별,77,2023,"{""기준연도"":""2023"",""자격분야"":""안전"",""등록건수_건"":""1""}"
0e72c86951a90615ea9fd9ac,드론 민간자격_연도별_유형별,78,2023,"{""기준연도"":""2023"",""자격분야"":""영상"",""등록건수_건"":""8""}"
46d5dd21c0e7b401f8496c84,드론 민간자격_연도별_유형별,79,2023,"{""기준연도"":""2023"",""자격분야"":""운용"",""등록건수_건"":""0""}"
950ebc3db117e99e03e6217a,드론 민간자격_연도별_유형별,80,2023,"{""기준연도"":""2023"",""자격분야"":""정비"",""등록건수_건"":""12""}"
a10e1901ab3faeb51d42bd66,드론 민간자격_연도별_유형별,81,2023,"{""기준연도"":""2023"",""자격분야"":""조종"",""등록건수_건"":""5""}"
4bcc04ba761f0c2f3d1df73a,드론 민간자격_연도별_유형별,82,2024,"{""기준연도"":""2024"",""자격분야"":""S_W"",""등록건수_건"":""0""}"
047d388e9799c9518c644471,드론 민간자격_연도별_유형별,83,2024,"{""기준연도"":""2024"",""자격분야"":""관제"",""등록건수_건"":""0""}"
48223e61f0ac02cc7dc202ea,드론 민간자격_연도별_유형별,84,2024,"{""기준연도"":""2024"",""자격분야"":""교육"",""등록건수_건"":""8""}"
771dca5c50422ba6f62bd8a7,드론 민간자격_연도별_유형별,85,2024,"{""기준연도"":""2024"",""자격분야"":""기타"",""등록건수_건"":""11""}"
5485ca4f7a769a8949944afd,드론 민간자격_연도별_유형별,86,2024,"{""기준연도"":""2024"",""자격분야"":""방제"",""등록건수_건"":""5""}"
76090e62c23f92b06df342cf,드론 민간자격_연도별_유형별,87,2024,"{""기준연도"":""2024"",""자격분야"":""안전"",""등록건수_건"":""0""}"
b33baad5e20582ffb347c221,드론 민간자격_연도별_유형별,88,2024,"{""기준연도"":""2024"",""자격분야"":""영상"",""등록건수_건"":""5""}"
a3bb12d591c299c6c4e94559,드론 민간자격_연도별_유형별,89,2024,"{""기준연도"":""2024"",""자격분야"":""운용"",""등록건수_건"":""0""}"
9bdd173f12c88499691c1cf2,드론 민간자격_연도별_유형별,90,2024,"{""기준연도"":""2024"",""자격분야"":""정비"",""등록건수_건"":""11""}"
6a6d1181b3e29670967b4d9f,드론 민간자격_연도별_유형별,91,2024,"{""기준연도"":""2024"",""자격분야"":""조종"",""등록건수_건"":""4""}"
f156f2130459eeae82e49e7d,드론 부품_제작분야_매출액_2024,2,,"{""구분"":""합계"",""평균매출액_백만원"":""686.4"",""전체매출액_백만원"":""465400"",""출처"":""2025년도 드론산업 실태조사, 항공안전기술원 표 2-20""}"
584df8c87a194e4e19e3d70d,드론 부품_제작분야_매출액_2024,3,,"{""구분"":""하드웨어-완제품"",""평균매출액_백만원"":""681.7"",""전체매출액_백만원"":""198465"",""출처"":""2025년도 드론산업 실태조사, 항공안전기술원 표 2-20""}"
ab44ec064fe9ded7e5415aa8,드론 부품_제작분야_매출액_2024,4,,"{""구분"":""하드웨어-부품"",""평균매출액_백만원"":""886.9"",""전체매출액_백만원"":""137932"",""출처"":""2025년도 드론산업 실태조사, 항공안전기술원 표 2-20""}"
8a4741c984f2e48332e5c3df,드론 부품_제작분야_매출액_2024,5,,"{""구분"":""하드웨어-기타"",""평균매출액_백만원"":""680.9"",""전체매출액_백만원"":""38367"",""출처"":""2025년도 드론산업 실태조사, 항공안전기술원 표 2-20""}"
29ab3d5f873215a6011457c7,드론 부품_제작분야_매출액_2024,6,,"{""구분"":""하드웨어-소계"",""평균매출액_백만원"":""745.1"",""전체매출액_백만원"":""374764"",""출처"":""2025년도 드론산업 실태조사, 항공안전기술원 표 2-20""}"
342e7c4daccd2eefb7c94d13,드론 부품_제작분야_매출액_2024,7,,"{""구분"":""소프트웨어"",""평균매출액_백만원"":""517.9"",""전체매출액_백만원"":""90637"",""출처"":""2025년도 드론산업 실태조사, 항공안전기술원 표 2-20""}"
5b44e3650382c97f1975b1ec,드론 부품별_원산지_2024,2,,"{""부품"":""전체"",""국산_pct"":""40.5"",""미국_pct"":""3.2"",""중국_pct"":""45.3"",""일본_pct"":""0.7"",""기타_pct"":""10.2"",""출처"":""2025년도 드론산업 실태조사, 항공안전기술원 표 1-11""}"
10d363c7239a90413602ceef,드론 부품별_원산지_2024,3,,"{""부품"":""모터"",""국산_pct"":""30.1"",""미국_pct"":""1.4"",""중국_pct"":""59.4"",""일본_pct"":""0.0"",""기타_pct"":""9.1"",""출처"":""2025년도 드론산업 실태조사, 항공안전기술원 표 1-11""}"
2814475e7383886132624d2e,드론 부품별_원산지_2024,4,,"{""부품"":""프로펠러"",""국산_pct"":""33.3"",""미국_pct"":""1.4"",""중국_pct"":""58.0"",""일본_pct"":""0.0"",""기타_pct"":""7.3"",""출처"":""2025년도 드론산업 실태조사, 항공안전기술원 표 1-11""}"
c94d014843c8c3f8c5ff2754,드론 부품별_원산지_2024,5,,"{""부품"":""동체(바디)"",""국산_pct"":""70.8"",""미국_pct"":""0.5"",""중국_pct"":""19.6"",""일본_pct"":""0.0"",""기타_pct"":""9.1"",""출처"":""2025년도 드론산업 실태조사, 항공안전기술원 표 1-11""}"
2cc7fe9e130b367d027611df,드론 부품별_원산지_2024,6,,"{""부품"":""배터리"",""국산_pct"":""35.2"",""미국_pct"":""1.4"",""중국_pct"":""55.3"",""일본_pct"":""0.0"",""기타_pct"":""8.2"",""출처"":""2025년도 드론산업 실태조사, 항공안전기술원 표 1-11""}"
09b2131c9a1f779d7691df70,드론 부품별_원산지_2024,7,,"{""부품"":""비행제어 컴퓨터"",""국산_pct"":""40.2"",""미국_pct"":""8.2"",""중국_pct"":""36.1"",""일본_pct"":""0.5"",""기타_pct"":""15.1"",""출처"":""2025년도 드론산업 실태조사, 항공안전기술원 표 1-11""}"
4f975e72e3ffa82fb63f9143,드론 부품별_원산지_2024,8,,"{""부품"":""통신 모듈"",""국산_pct"":""43.4"",""미국_pct"":""4.6"",""중국_pct"":""37.4"",""일본_pct"":""3.7"",""기타_pct"":""11.0"",""출처"":""2025년도 드론산업 실태조사, 항공안전기술원 표 1-11""}"
4c98bd08dd0b9aca6f84ddff,드론 부품별_원산지_2024,9,,"{""부품"":""임무 장비 카메라/짐벌"",""국산_pct"":""30.9"",""미국_pct"":""5.0"",""중국_pct"":""51.4"",""일본_pct"":""0.9"",""기타_pct"":""11.8"",""출처"":""2025년도 드론산업 실태조사, 항공안전기술원 표 1-11""}"
341b86ac06d11380c1c33960,드론 사업체 수_권역별_2024,2,,"{""권역"":""수도권"",""사업체수_개사"":""2386"",""출처"":""2025년도 드론산업 실태조사, 항공안전기술원 표 1-6""}"
34ae43339691e1dbe71fea8f,드론 사업체 수_권역별_2024,3,,"{""권역"":""강원권"",""사업체수_개사"":""332"",""출처"":""2025년도 드론산업 실태조사, 항공안전기술원 표 1-6""}"
7050a08aba23705b485e82be,드론 사업체 수_권역별_2024,4,,"{""권역"":""충청권"",""사업체수_개사"":""882"",""출처"":""2025년도 드론산업 실태조사, 항공안전기술원 표 1-6""}"
94eb9f1bf3d9ffd133566f88,드론 사업체 수_권역별_2024,5,,"{""권역"":""전라권"",""사업체수_개사"":""1224"",""출처"":""2025년도 드론산업 실태조사, 항공안전기술원 표 1-6""}"
bdf962bb53d35398fdd0f1a9,드론 사업체 수_권역별_2024,6,,"{""권역"":""경상권"",""사업체수_개사"":""1499"",""출처"":""2025년도 드론산업 실태조사, 항공안전기술원 표 1-6""}"
c742f84a3ef4462d196b6889,드론 사업체 수_권역별_2024,7,,"{""권역"":""제주권"",""사업체수_개사"":""170"",""출처"":""2025년도 드론산업 실태조사, 항공안전기술원 표 1-6""}"
ab148ff6d7f5064d16f75805,드론 예산_분야별_2024_2026,2,,"{""예산연도"":""2024"",""예산분야"":""드론 구매(HW/SW 등)"",""예산_백만원"":""7748"",""예산_억원"":""77.48"",""3개년합계_백만원"":""13736"",""비율_pct"":""7.2""}"
f4b62acc2c03afb49ef2e68b,드론 예산_분야별_2024_2026,3,,"{""예산연도"":""2024"",""예산분야"":""드론 조종인력 교육지원"",""예산_백만원"":""10882"",""예산_억원"":""108.82"",""3개년합계_백만원"":""12989"",""비율_pct"":""4.4""}"
fb4e3c1dc29abf32d1254647,드론 예산_분야별_2024_2026,4,,"{""예산연도"":""2024"",""예산분야"":""기업지원(창업지원)"",""예산_백만원"":""585"",""예산_억원"":""5.85"",""3개년합계_백만원"":""585"",""비율_pct"":""18.5""}"
25850e844faa02f91cbd36a2,드론 예산_분야별_2024_2026,5,,"{""예산연도"":""2024"",""예산분야"":""드론 시험·실증 지원"",""예산_백만원"":""14901"",""예산_억원"":""149.01"",""3개년합계_백만원"":""32839"",""비율_pct"":""6.0""}"
600c09c1ecca24de6c7256ac,드론 예산_분야별_2024_2026,6,,"{""예산연도"":""2024"",""예산분야"":""드론 인프라 구축"",""예산_백만원"":""16465"",""예산_억원"":""164.65"",""3개년합계_백만원"":""55457"",""비율_pct"":""36.4""}"
25a158f8cfa386e9f398ef47,드론 예산_분야별_2024_2026,7,,"{""예산연도"":""2024"",""예산분야"":""취미·레저 활동 지원"",""예산_백만원"":""1180"",""예산_억원"":""11.8"",""3개년합계_백만원"":""3201"",""비율_pct"":""1.7""}"
60b7cf4dd3709da4123153da,드론 예산_분야별_2024_2026,8,,"{""예산연도"":""2024"",""예산분야"":""연구개발(R&D) 지원"",""예산_백만원"":""6816"",""예산_억원"":""68.16"",""3개년합계_백만원"":""18896"",""비율_pct"":""20.8""}"
c8d354c76ebea1929e127c56,드론 예산_분야별_2024_2026,9,,"{""예산연도"":""2024"",""예산분야"":""기타"",""예산_백만원"":""12935"",""예산_억원"":""129.35"",""3개년합계_백만원"":""26035"",""비율_pct"":""4.0""}"
29f738061b9118f3b1f95adb,드론 예산_분야별_2024_2026,10,,"{""예산연도"":""2025"",""예산분야"":""드론 구매(HW/SW 등)"",""예산_백만원"":""4853"",""예산_억원"":""48.53"",""3개년합계_백만원"":""13736"",""비율_pct"":""7.2""}"
af6c577938b34f8df07fd921,드론 예산_분야별_2024_2026,11,,"{""예산연도"":""2025"",""예산분야"":""드론 조종인력 교육지원"",""예산_백만원"":""1570"",""예산_억원"":""15.7"",""3개년합계_백만원"":""12989"",""비율_pct"":""4.4""}"
ac78788a62a5d2d5fae2fc97,드론 예산_분야별_2024_2026,12,,"{""예산연도"":""2025"",""예산분야"":""기업지원(창업지원)"",""예산_백만원"":""0"",""예산_억원"":""0.0"",""3개년합계_백만원"":""585"",""비율_pct"":""18.5""}"
050a080c2b521c9cba88a278,드론 예산_분야별_2024_2026,13,,"{""예산연도"":""2025"",""예산분야"":""드론 시험·실증 지원"",""예산_백만원"":""12207"",""예산_억원"":""122.07"",""3개년합계_백만원"":""32839"",""비율_pct"":""6.0""}"
4e15c2fef37d847dda33ffd9,드론 예산_분야별_2024_2026,14,,"{""예산연도"":""2025"",""예산분야"":""드론 인프라 구축"",""예산_백만원"":""17362"",""예산_억원"":""173.62"",""3개년합계_백만원"":""55457"",""비율_pct"":""36.4""}"
057093c58cadf4eaa69b72fd,드론 예산_분야별_2024_2026,15,,"{""예산연도"":""2025"",""예산분야"":""취미·레저 활동 지원"",""예산_백만원"":""1014"",""예산_억원"":""10.14"",""3개년합계_백만원"":""3201"",""비율_pct"":""1.7""}"
de98468cc40cbe630e98ab13,드론 예산_분야별_2024_2026,16,,"{""예산연도"":""2025"",""예산분야"":""연구개발(R&D) 지원"",""예산_백만원"":""6303"",""예산_억원"":""63.03"",""3개년합계_백만원"":""18896"",""비율_pct"":""20.8""}"
3d5ae85189a91d9c235ca4de,드론 예산_분야별_2024_2026,17,,"{""예산연도"":""2025"",""예산분야"":""기타"",""예산_백만원"":""7146"",""예산_억원"":""71.46"",""3개년합계_백만원"":""26035"",""비율_pct"":""4.0""}"
beb3c3437ebecbf26506f5a9,드론 예산_분야별_2024_2026,18,,"{""예산연도"":""2026"",""예산분야"":""드론 구매(HW/SW 등)"",""예산_백만원"":""1134"",""예산_억원"":""11.34"",""3개년합계_백만원"":""13736"",""비율_pct"":""7.2""}"
8003f54ba28ff93fb68db561,드론 예산_분야별_2024_2026,19,,"{""예산연도"":""2026"",""예산분야"":""드론 조종인력 교육지원"",""예산_백만원"":""537"",""예산_억원"":""5.37"",""3개년합계_백만원"":""12989"",""비율_pct"":""4.4""}"
6166f5aaa5788317eb3ec0f1,드론 예산_분야별_2024_2026,20,,"{""예산연도"":""2026"",""예산분야"":""기업지원(창업지원)"",""예산_백만원"":""0"",""예산_억원"":""0.0"",""3개년합계_백만원"":""585"",""비율_pct"":""18.5""}"
d0d97ff225b16e6191697abf,드론 예산_분야별_2024_2026,21,,"{""예산연도"":""2026"",""예산분야"":""드론 시험·실증 지원"",""예산_백만원"":""5731"",""예산_억원"":""57.31"",""3개년합계_백만원"":""32839"",""비율_pct"":""6.0""}"
f1ed8297ae9a287ca7379e05,드론 예산_분야별_2024_2026,22,,"{""예산연도"":""2026"",""예산분야"":""드론 인프라 구축"",""예산_백만원"":""21630"",""예산_억원"":""216.3"",""3개년합계_백만원"":""55457"",""비율_pct"":""36.4""}"
ffc2d6e8c71db46aa501c090,드론 예산_분야별_2024_2026,23,,"{""예산연도"":""2026"",""예산분야"":""취미·레저 활동 지원"",""예산_백만원"":""1007"",""예산_억원"":""10.07"",""3개년합계_백만원"":""3201"",""비율_pct"":""1.7""}"
3aa7717b6ee362fe0c62b04e,드론 예산_분야별_2024_2026,24,,"{""예산연도"":""2026"",""예산분야"":""연구개발(R&D) 지원"",""예산_백만원"":""5777"",""예산_억원"":""57.77"",""3개년합계_백만원"":""18896"",""비율_pct"":""20.8""}"
60c1bc9c08b58241c607eac9,드론 예산_분야별_2024_2026,25,,"{""예산연도"":""2026"",""예산분야"":""기타"",""예산_백만원"":""5954"",""예산_억원"":""59.54"",""3개년합계_백만원"":""26035"",""비율_pct"":""4.0""}"
98e5767303dce3793074d952,드론 조종자격_연도별취득_2021_2024,2,2021,"{""기준연도"":""2021"",""자격구분"":""1~3종"",""기체유형"":""무인비행선"",""취득건수"":""2""}"
3a629818169271407f3a7e97,드론 조종자격_연도별취득_2021_2024,3,2021,"{""기준연도"":""2021"",""자격구분"":""1~3종"",""기체유형"":""무인비행기"",""취득건수"":""977""}"
f93fdfc9a942633fef24d3d7,드론 조종자격_연도별취득_2021_2024,4,2021,"{""기준연도"":""2021"",""자격구분"":""1~3종"",""기체유형"":""무인헬리콥터"",""취득건수"":""471""}"
df62e105b83ef62ba1cf4e11,드론 조종자격_연도별취득_2021_2024,5,2021,"{""기준연도"":""2021"",""자격구분"":""1~3종"",""기체유형"":""무인멀티콥터"",""취득건수"":""26746""}"
2b02eb30b2a8dd6152983bcb,드론 조종자격_연도별취득_2021_2024,6,2021,"{""기준연도"":""2021"",""자격구분"":""1~3종"",""기체유형"":""1~3종 소계"",""취득건수"":""28196""}"
25e6758853803c8c26b5e195,드론 조종자격_연도별취득_2021_2024,7,2021,"{""기준연도"":""2021"",""자격구분"":""4종"",""기체유형"":""4종"",""취득건수"":""137946""}"
e12565ec5038f97676e88643,드론 조종자격_연도별취득_2021_2024,8,2021,"{""기준연도"":""2021"",""자격구분"":""전체"",""기체유형"":""합계"",""취득건수"":""166142""}"
163e45ba2308bd0c790f05a1,드론 조종자격_연도별취득_2021_2024,9,2022,"{""기준연도"":""2022"",""자격구분"":""1~3종"",""기체유형"":""무인비행선"",""취득건수"":""3""}"
8f083cb0bfa2bb8d77aa9e55,드론 조종자격_연도별취득_2021_2024,10,2022,"{""기준연도"":""2022"",""자격구분"":""1~3종"",""기체유형"":""무인비행기"",""취득건수"":""224""}"
d3fddb96b42f736d80a40884,드론 조종자격_연도별취득_2021_2024,11,2022,"{""기준연도"":""2022"",""자격구분"":""1~3종"",""기체유형"":""무인헬리콥터"",""취득건수"":""221""}"
3d82f82ea5b00c040ec26336,드론 조종자격_연도별취득_2021_2024,12,2022,"{""기준연도"":""2022"",""자격구분"":""1~3종"",""기체유형"":""무인멀티콥터"",""취득건수"":""26253""}"
4c2329a3a1120cd29b5010b3,드론 조종자격_연도별취득_2021_2024,13,2022,"{""기준연도"":""2022"",""자격구분"":""1~3종"",""기체유형"":""1~3종 소계"",""취득건수"":""26701""}"
3635f1ee24306e6f6acae4e6,드론 조종자격_연도별취득_2021_2024,14,2022,"{""기준연도"":""2022"",""자격구분"":""4종"",""기체유형"":""4종"",""취득건수"":""123207""}"
c89b75f0f006f2c81913beb2,드론 조종자격_연도별취득_2021_2024,15,2022,"{""기준연도"":""2022"",""자격구분"":""전체"",""기체유형"":""합계"",""취득건수"":""149908""}"
9f3dfd52e0045f331e48c8f0,드론 조종자격_연도별취득_2021_2024,16,2023,"{""기준연도"":""2023"",""자격구분"":""1~3종"",""기체유형"":""무인비행선"",""취득건수"":""5""}"
44ef7332f5ab033427302cee,드론 조종자격_연도별취득_2021_2024,17,2023,"{""기준연도"":""2023"",""자격구분"":""1~3종"",""기체유형"":""무인비행기"",""취득건수"":""225""}"
0744a3bdc5c6143e2a96f881,드론 조종자격_연도별취득_2021_2024,18,2023,"{""기준연도"":""2023"",""자격구분"":""1~3종"",""기체유형"":""무인헬리콥터"",""취득건수"":""223""}"
d47767b1620653fbcb5bb105,드론 조종자격_연도별취득_2021_2024,19,2023,"{""기준연도"":""2023"",""자격구분"":""1~3종"",""기체유형"":""무인멀티콥터"",""취득건수"":""26612""}"
6bc1e4d289b7a9bdb2fa6019,드론 조종자격_연도별취득_2021_2024,20,2023,"{""기준연도"":""2023"",""자격구분"":""1~3종"",""기체유형"":""1~3종 소계"",""취득건수"":""27065""}"
25f71f5e8b50783492b7aa32,드론 조종자격_연도별취득_2021_2024,21,2023,"{""기준연도"":""2023"",""자격구분"":""4종"",""기체유형"":""4종"",""취득건수"":""122896""}"
59d8df1196cb679e726fe0d2,드론 조종자격_연도별취득_2021_2024,22,2023,"{""기준연도"":""2023"",""자격구분"":""전체"",""기체유형"":""합계"",""취득건수"":""149961""}"
d83e8b1327a89b1e6c4f4a37,드론 조종자격_연도별취득_2021_2024,23,2024,"{""기준연도"":""2024"",""자격구분"":""1~3종"",""기체유형"":""무인비행선"",""취득건수"":""2""}"
03f7bf918b3331e75ac24d85,드론 조종자격_연도별취득_2021_2024,24,2024,"{""기준연도"":""2024"",""자격구분"":""1~3종"",""기체유형"":""무인비행기"",""취득건수"":""285""}"
2a1b8a3f2b659ec13f2fd9ee,드론 조종자격_연도별취득_2021_2024,25,2024,"{""기준연도"":""2024"",""자격구분"":""1~3종"",""기체유형"":""무인헬리콥터"",""취득건수"":""211""}"
34e90eae303e14c907132f51,드론 조종자격_연도별취득_2021_2024,26,2024,"{""기준연도"":""2024"",""자격구분"":""1~3종"",""기체유형"":""무인멀티콥터"",""취득건수"":""26791""}"
5a6202b1130eabc357fd504d,드론 조종자격_연도별취득_2021_2024,27,2024,"{""기준연도"":""2024"",""자격구분"":""1~3종"",""기체유형"":""1~3종 소계"",""취득건수"":""27289""}"
4f45ad7d9f5fa20d20ec1ec6,드론 조종자격_연도별취득_2021_2024,28,2024,"{""기준연도"":""2024"",""자격구분"":""4종"",""기체유형"":""4종"",""취득건수"":""109818""}"
ac5516a6addd2e36c5fee502,드론 조종자격_연도별취득_2021_2024,29,2024,"{""기준연도"":""2024"",""자격구분"":""전체"",""기체유형"":""합계"",""취득건수"":""137107""}"
e46887aa446093fe3fcea681,드론기체 등록_연도별,2,2017,"{""기준연도"":""2017"",""등록_누적대수_대"":""6044"",""전년대비증가율_pct"":""""}"
8907bcd8a52b50870bb15021,드론기체 등록_연도별,3,2018,"{""기준연도"":""2018"",""등록_누적대수_대"":""6708"",""전년대비증가율_pct"":""11.0""}"
c411d34635340e2ed0edfadb,드론기체 등록_연도별,4,2019,"{""기준연도"":""2019"",""등록_누적대수_대"":""9848"",""전년대비증가율_pct"":""46.8""}"
011223f727a322165703130d,드론기체 등록_연도별,5,2020,"{""기준연도"":""2020"",""등록_누적대수_대"":""16159"",""전년대비증가율_pct"":""64.1""}"
9c69f718b3c1876f72812a28,드론기체 등록_연도별,6,2021,"{""기준연도"":""2021"",""등록_누적대수_대"":""31314"",""전년대비증가율_pct"":""93.8""}"
ce4499fbdb49ea393ed75424,드론기체 등록_연도별,7,2022,"{""기준연도"":""2022"",""등록_누적대수_대"":""41694"",""전년대비증가율_pct"":""33.1""}"
73dd51f3f851592a6ea89e15,드론기체 등록_연도별,8,2023,"{""기준연도"":""2023"",""등록_누적대수_대"":""52387"",""전년대비증가율_pct"":""25.6""}"
c3cac0badbeda37456860837,드론기체 등록_연도별,9,2024,"{""기준연도"":""2024"",""등록_누적대수_대"":""64863"",""전년대비증가율_pct"":""23.8""}"
94d3b89377bde12e5b021cd5,드론보험_연도별,2,~2019,"{""기준연도"":""~2019"",""가입건수_건"":""6283"",""지급건수_건"":""179"",""가입대비지급비율_pct"":""5.7"",""보험료_천원"":""10350344"",""지급액_천원"":""3319827"",""보험료대비지급액비율_pct"":""33.3""}"
b768fa7f9cd28035931141b4,드론보험_연도별,3,2020,"{""기준연도"":""2020"",""가입건수_건"":""5090"",""지급건수_건"":""192"",""가입대비지급비율_pct"":""3.8"",""보험료_천원"":""6018558"",""지급액_천원"":""699359"",""보험료대비지급액비율_pct"":""11.6""}"
a9bef93413ae76dcc72cba75,드론보험_연도별,4,2021,"{""기준연도"":""2021"",""가입건수_건"":""8588"",""지급건수_건"":""182"",""가입대비지급비율_pct"":""2.1"",""보험료_천원"":""9482529"",""지급액_천원"":""593826"",""보험료대비지급액비율_pct"":""6.3""}"
66d0cb0e28b302e30cc7e174,드론보험_연도별,5,2022,"{""기준연도"":""2022"",""가입건수_건"":""10436"",""지급건수_건"":""176"",""가입대비지급비율_pct"":""1.7"",""보험료_천원"":""11195660"",""지급액_천원"":""798298"",""보험료대비지급액비율_pct"":""7.1""}"
752b0b75995959660928a1de,드론보험_연도별,6,2023,"{""기준연도"":""2023"",""가입건수_건"":""10093"",""지급건수_건"":""254"",""가입대비지급비율_pct"":""2.5"",""보험료_천원"":""10676590"",""지급액_천원"":""559816"",""보험료대비지급액비율_pct"":""5.2""}"
e2b84375c1d3dd00876d19d5,드론보험_연도별,7,2024,"{""기준연도"":""2024"",""가입건수_건"":""11395"",""지급건수_건"":""313"",""가입대비지급비율_pct"":""2.7"",""보험료_천원"":""13697389"",""지급액_천원"":""1278353"",""보험료대비지급액비율_pct"":""9.3""}"
30210d176a83798fb794ebea,드론사고_연도별_17~24,2,2017,"{""기준연도"":""2017"",""사고발생건수_건"":""5""}"
657998f4aa816a58eaa89535,드론사고_연도별_17~24,3,2018,"{""기준연도"":""2018"",""사고발생건수_건"":""3""}"
5ec7ce9137b0d60bd626d5ad,드론사고_연도별_17~24,4,2019,"{""기준연도"":""2019"",""사고발생건수_건"":""3""}"
64bef35aafb72beeb766dd47,드론사고_연도별_17~24,5,2020,"{""기준연도"":""2020"",""사고발생건수_건"":""0""}"
ecf91d9f1f1b1fcde618f165,드론사고_연도별_17~24,6,2021,"{""기준연도"":""2021"",""사고발생건수_건"":""0""}"
3c6f44da7e6415e8d8df8d73,드론사고_연도별_17~24,7,2022,"{""기준연도"":""2022"",""사고발생건수_건"":""1""}"
4e382e002ab412b79c06c7a3,드론사고_연도별_17~24,8,2023,"{""기준연도"":""2023"",""사고발생건수_건"":""4""}"
b21710571f0ac8032acf94ae,드론사고_연도별_17~24,9,2024,"{""기준연도"":""2024"",""사고발생건수_건"":""25""}"
7b122a37e8ae941f2f66f756,드론산업_매출규모별_사업체_및_매출액_2024,2,,"{""분야"":""전체"",""매출규모"":""합계"",""업체수_개사"":""6493"",""평균매출액_백만원"":""170.6"",""전체매출액_백만원"":""1107719"",""출처"":""2025년도 드론산업 실태조사, 항공안전기술원 표 2-16~18""}"
6e1cba5b7ad7e13f2c6943a2,드론산업_매출규모별_사업체_및_매출액_2024,3,,"{""분야"":""전체"",""매출규모"":""1억 미만"",""업체수_개사"":""2865"",""평균매출액_백만원"":""7.0"",""전체매출액_백만원"":""20079"",""출처"":""2025년도 드론산업 실태조사, 항공안전기술원 표 2-16~18""}"
9d723f06e5a2e963debf02d6,드론산업_매출규모별_사업체_및_매출액_2024,4,,"{""분야"":""전체"",""매출규모"":""1억 이상~5억 미만"",""업체수_개사"":""1782"",""평균매출액_백만원"":""65.6"",""전체매출액_백만원"":""116891"",""출처"":""2025년도 드론산업 실태조사, 항공안전기술원 표 2-16~18""}"
4582945aac74069ae60174ef,드론산업_매출규모별_사업체_및_매출액_2024,5,,"{""분야"":""전체"",""매출규모"":""5억 이상~20억 미만"",""업체수_개사"":""1475"",""평균매출액_백만원"":""246.8"",""전체매출액_백만원"":""363998"",""출처"":""2025년도 드론산업 실태조사, 항공안전기술원 표 2-16~18""}"
bdbb3800ef401b31a0761e56,드론산업_매출규모별_사업체_및_매출액_2024,6,,"{""분야"":""전체"",""매출규모"":""20억 이상"",""업체수_개사"":""371"",""평균매출액_백만원"":""1635.0"",""전체매출액_백만원"":""606751"",""출처"":""2025년도 드론산업 실태조사, 항공안전기술원 표 2-16~18""}"
12c79b1373e1be0618e923d1,드론산업_매출규모별_사업체_및_매출액_2024,7,,"{""분야"":""제작"",""매출규모"":""합계"",""업체수_개사"":""678"",""평균매출액_백만원"":""686.4"",""전체매출액_백만원"":""465400"",""출처"":""2025년도 드론산업 실태조사, 항공안전기술원 표 2-16~18""}"
38efd273189e188425858153,드론산업_매출규모별_사업체_및_매출액_2024,8,,"{""분야"":""제작"",""매출규모"":""1억 미만"",""업체수_개사"":""142"",""평균매출액_백만원"":""18.5"",""전체매출액_백만원"":""2633"",""출처"":""2025년도 드론산업 실태조사, 항공안전기술원 표 2-16~18""}"
d5ae073447eee2bf9b8f56a3,드론산업_매출규모별_사업체_및_매출액_2024,9,,"{""분야"":""제작"",""매출규모"":""1억 이상~5억 미만"",""업체수_개사"":""217"",""평균매출액_백만원"":""123.7"",""전체매출액_백만원"":""26847"",""출처"":""2025년도 드론산업 실태조사, 항공안전기술원 표 2-16~18""}"
a125c50de1517f3ab68615b0,드론산업_매출규모별_사업체_및_매출액_2024,10,,"{""분야"":""제작"",""매출규모"":""5억 이상~20억 미만"",""업체수_개사"":""239"",""평균매출액_백만원"":""579.4"",""전체매출액_백만원"":""138473"",""출처"":""2025년도 드론산업 실태조사, 항공안전기술원 표 2-16~18""}"
9991cb1230fa7dd92c1bdf88,드론산업_매출규모별_사업체_및_매출액_2024,11,,"{""분야"":""제작"",""매출규모"":""20억 이상"",""업체수_개사"":""80"",""평균매출액_백만원"":""3718.1"",""전체매출액_백만원"":""297447"",""출처"":""2025년도 드론산업 실태조사, 항공안전기술원 표 2-16~18""}"
d4e18b0250c4ff32a8397ccc,드론산업_매출규모별_사업체_및_매출액_2024,12,,"{""분야"":""활용"",""매출규모"":""합계"",""업체수_개사"":""5815"",""평균매출액_백만원"":""110.5"",""전체매출액_백만원"":""642319"",""출처"":""2025년도 드론산업 실태조사, 항공안전기술원 표 2-16~18""}"
623558a0d410052c90c69781,드론산업_매출규모별_사업체_및_매출액_2024,13,,"{""분야"":""활용"",""매출규모"":""1억 미만"",""업체수_개사"":""2723"",""평균매출액_백만원"":""6.4"",""전체매출액_백만원"":""17447"",""출처"":""2025년도 드론산업 실태조사, 항공안전기술원 표 2-16~18""}"
62199cc2f5bd9502ad3b9549,드론산업_매출규모별_사업체_및_매출액_2024,14,,"{""분야"":""활용"",""매출규모"":""1억 이상~5억 미만"",""업체수_개사"":""1565"",""평균매출액_백만원"":""57.5"",""전체매출액_백만원"":""90043"",""출처"":""2025년도 드론산업 실태조사, 항공안전기술원 표 2-16~18""}"
dbada0b571b9b488e6d7be85,드론산업_매출규모별_사업체_및_매출액_2024,15,,"{""분야"":""활용"",""매출규모"":""5억 이상~20억 미만"",""업체수_개사"":""1236"",""평균매출액_백만원"":""182.5"",""전체매출액_백만원"":""225525"",""출처"":""2025년도 드론산업 실태조사, 항공안전기술원 표 2-16~18""}"
1c795d57638a24d9e2275b5a,드론산업_매출규모별_사업체_및_매출액_2024,16,,"{""분야"":""활용"",""매출규모"":""20억 이상"",""업체수_개사"":""291"",""평균매출액_백만원"":""1062.9"",""전체매출액_백만원"":""309304"",""출처"":""2025년도 드론산업 실태조사, 항공안전기술원 표 2-16~18""}"
fd1d0f69c13cac7f33fe2dfe,드론산업_매출액_권역별_연도별_,2,,"{""권역"":""합계"",""2022_매출액_백만원"":""980377"",""2023_매출액_백만원"":""1099281"",""2024_매출액_백만원"":""1107719"",""출처"":""2025년도 드론산업 실태조사, 항공안전기술원 표 2-19""}"
9833c200bd813b7b8aaa57b4,드론산업_매출액_권역별_연도별_,3,,"{""권역"":""수도권"",""2022_매출액_백만원"":""539416"",""2023_매출액_백만원"":""510947"",""2024_매출액_백만원"":""546369"",""출처"":""2025년도 드론산업 실태조사, 항공안전기술원 표 2-19""}"
bb842c95541cb9f3caf078be,드론산업_매출액_권역별_연도별_,4,,"{""권역"":""강원권"",""2022_매출액_백만원"":""22745"",""2023_매출액_백만원"":""28418"",""2024_매출액_백만원"":""19408"",""출처"":""2025년도 드론산업 실태조사, 항공안전기술원 표 2-19""}"
dbafc35d45c5f59377a86a71,드론산업_매출액_권역별_연도별_,5,,"{""권역"":""충청권"",""2022_매출액_백만원"":""112777"",""2023_매출액_백만원"":""150529"",""2024_매출액_백만원"":""148188"",""출처"":""2025년도 드론산업 실태조사, 항공안전기술원 표 2-19""}"
e6d2e3fcd77dd5bbb1fca673,드론산업_매출액_권역별_연도별_,6,,"{""권역"":""전라권"",""2022_매출액_백만원"":""127856"",""2023_매출액_백만원"":""97085"",""2024_매출액_백만원"":""148605"",""출처"":""2025년도 드론산업 실태조사, 항공안전기술원 표 2-19""}"
1b0fa00e71c979a1c757a902,드론산업_매출액_권역별_연도별_,7,,"{""권역"":""경상권"",""2022_매출액_백만원"":""169047"",""2023_매출액_백만원"":""281061"",""2024_매출액_백만원"":""223702"",""출처"":""2025년도 드론산업 실태조사, 항공안전기술원 표 2-19""}"
93b4b608b97c08f54f8494e4,드론산업_매출액_권역별_연도별_,8,,"{""권역"":""제주권"",""2022_매출액_백만원"":""8536"",""2023_매출액_백만원"":""31242"",""2024_매출액_백만원"":""21448"",""출처"":""2025년도 드론산업 실태조사, 항공안전기술원 표 2-19""}"
0c7d3e85d6339625eb6653f3,드론산업_분야별 고용인원_2021_2024,2,2021,"{""보고서연도"":""2022"",""기준연도"":""2021"",""분야"":""제작분야"",""남성_명"":""3730"",""여성_명"":""422"",""전체_명"":""4152"",""여성비율_pct"":""10.163776493256261""}"
e5b848cf8137a9bbfd2c38fa,드론산업_분야별 고용인원_2021_2024,3,2021,"{""보고서연도"":""2022"",""기준연도"":""2021"",""분야"":""활용분야"",""남성_명"":""11975"",""여성_명"":""626"",""전체_명"":""12601"",""여성비율_pct"":""4.967859693675105""}"
0b38386eae6fa3d65d8e2225,드론산업_분야별 고용인원_2021_2024,4,2021,"{""보고서연도"":""2022"",""기준연도"":""2021"",""분야"":""합계"",""남성_명"":""15705"",""여성_명"":""1048"",""전체_명"":""16753"",""여성비율_pct"":""6.2555960126544505""}"
21788741d5764dce03c46c7a,드론산업_분야별 고용인원_2021_2024,5,2022,"{""보고서연도"":""2023"",""기준연도"":""2022"",""분야"":""제작분야"",""남성_명"":""6217"",""여성_명"":""756"",""전체_명"":""6973"",""여성비율_pct"":""10.841818442564175""}"
6e1b70fdc67d1fa7d72b583c,드론산업_분야별 고용인원_2021_2024,6,2022,"{""보고서연도"":""2023"",""기준연도"":""2022"",""분야"":""활용분야"",""남성_명"":""15113"",""여성_명"":""1044"",""전체_명"":""16157"",""여성비율_pct"":""6.461595593241319""}"
3d1a54cce1f2fff33ecb2193,드론산업_분야별 고용인원_2021_2024,7,2022,"{""보고서연도"":""2023"",""기준연도"":""2022"",""분야"":""합계"",""남성_명"":""21330"",""여성_명"":""1800"",""전체_명"":""23130"",""여성비율_pct"":""7.782101167315175""}"
e5f0c52be955c80ed65d3154,드론산업_분야별 고용인원_2021_2024,8,2023,"{""보고서연도"":""2024"",""기준연도"":""2023"",""분야"":""제작분야"",""남성_명"":""2510"",""여성_명"":""230"",""전체_명"":""2740"",""여성비율_pct"":""8.394160583941606""}"
f04413599bfc649579a5f07a,드론산업_분야별 고용인원_2021_2024,9,2023,"{""보고서연도"":""2024"",""기준연도"":""2023"",""분야"":""활용분야"",""남성_명"":""12404"",""여성_명"":""574"",""전체_명"":""12978"",""여성비율_pct"":""4.4228694714131604""}"
032566ff9259b87725eb2921,드론산업_분야별 고용인원_2021_2024,10,2023,"{""보고서연도"":""2024"",""기준연도"":""2023"",""분야"":""합계"",""남성_명"":""14914"",""여성_명"":""804"",""전체_명"":""15718"",""여성비율_pct"":""5.11515459982186""}"
acd453e7524ff30d4f2c4a39,드론산업_분야별 고용인원_2021_2024,11,2024,"{""보고서연도"":""2025"",""기준연도"":""2024"",""분야"":""제작분야"",""남성_명"":""3013"",""여성_명"":""302"",""전체_명"":""3315"",""여성비율_pct"":""9.110105580693816""}"
282331283ee8cf0a0e3a2fc1,드론산업_분야별 고용인원_2021_2024,12,2024,"{""보고서연도"":""2025"",""기준연도"":""2024"",""분야"":""활용분야"",""남성_명"":""13200"",""여성_명"":""689"",""전체_명"":""13889"",""여성비율_pct"":""4.960760313917489""}"
1d15af74d4c4334100a94695,드론산업_분야별 고용인원_2021_2024,13,2024,"{""보고서연도"":""2025"",""기준연도"":""2024"",""분야"":""합계"",""남성_명"":""16213"",""여성_명"":""991"",""전체_명"":""17204"",""여성비율_pct"":""5.760288305045338""}"
f7802a848c5bd3d9a12f3526,드론산업_분야별 매출액_2021_2024,2,2021,"{""보고서연도"":""2022"",""기준연도"":""2021"",""분야"":""제작분야"",""업체수"":""345"",""평균매출액_백만원"":""1020"",""전체매출액_백만원"":""351961"",""전체매출액_억원"":""3519.61"",""평균매출액_억원"":""10.2""}"
3b1323854e5f113dae2ae706,드론산업_분야별 매출액_2021_2024,3,2021,"{""보고서연도"":""2022"",""기준연도"":""2021"",""분야"":""활용분야"",""업체수"":""4649"",""평균매출액_백만원"":""105"",""전체매출액_백만원"":""488658"",""전체매출액_억원"":""4886.58"",""평균매출액_억원"":""1.05""}"
e597356da11a99b98c681408,드론산업_분야별 매출액_2021_2024,4,2021,"{""보고서연도"":""2022"",""기준연도"":""2021"",""분야"":""합계"",""업체수"":""4994"",""평균매출액_백만원"":""168"",""전체매출액_백만원"":""840619"",""전체매출액_억원"":""8406.19"",""평균매출액_억원"":""1.68""}"
44d6e71578169fa89665cd1e,드론산업_분야별 매출액_2021_2024,5,2022,"{""보고서연도"":""2023"",""기준연도"":""2022"",""분야"":""제작분야"",""업체수"":""584"",""평균매출액_백만원"":""1031"",""전체매출액_백만원"":""602104"",""전체매출액_억원"":""6021.04"",""평균매출액_억원"":""10.31""}"
e0b208c0d521f4ccb9db5c2f,드론산업_분야별 매출액_2021_2024,6,2022,"{""보고서연도"":""2023"",""기준연도"":""2022"",""분야"":""활용분야"",""업체수"":""5283"",""평균매출액_백만원"":""72"",""전체매출액_백만원"":""378273"",""전체매출액_억원"":""3782.73"",""평균매출액_억원"":""0.72""}"
03d1c18a49b9904a1272a735,드론산업_분야별 매출액_2021_2024,7,2022,"{""보고서연도"":""2023"",""기준연도"":""2022"",""분야"":""합계"",""업체수"":""5867"",""평균매출액_백만원"":""167"",""전체매출액_백만원"":""980377"",""전체매출액_억원"":""9803.77"",""평균매출액_억원"":""1.67""}"
789d1849a5651cfbee808d28,드론산업_분야별 매출액_2021_2024,8,2023,"{""보고서연도"":""2024"",""기준연도"":""2023"",""분야"":""제작분야"",""업체수"":""608"",""평균매출액_백만원"":""647"",""전체매출액_백만원"":""393548"",""전체매출액_억원"":""3935.48"",""평균매출액_억원"":""6.47""}"
4b78fc92c52586c49cccdb7f,드론산업_분야별 매출액_2021_2024,9,2023,"{""보고서연도"":""2024"",""기준연도"":""2023"",""분야"":""활용분야"",""업체수"":""6227"",""평균매출액_백만원"":""113"",""전체매출액_백만원"":""705733"",""전체매출액_억원"":""7057.33"",""평균매출액_억원"":""1.13""}"
0e4c807034d7ead595014941,드론산업_분야별 매출액_2021_2024,10,2023,"{""보고서연도"":""2024"",""기준연도"":""2023"",""분야"":""합계"",""업체수"":""6835"",""평균매출액_백만원"":""161"",""전체매출액_백만원"":""1099281"",""전체매출액_억원"":""10992.81"",""평균매출액_억원"":""1.61""}"
dc8d9f7ecea8d4613be8592d,드론산업_분야별 매출액_2021_2024,11,2024,"{""보고서연도"":""2025"",""기준연도"":""2024"",""분야"":""제작분야"",""업체수"":""686"",""평균매출액_백만원"":""679"",""전체매출액_백만원"":""465400"",""전체매출액_억원"":""4654.0"",""평균매출액_억원"":""6.79""}"
624bcf1c9584e832bf7657d4,드론산업_분야별 매출액_2021_2024,12,2024,"{""보고서연도"":""2025"",""기준연도"":""2024"",""분야"":""활용분야"",""업체수"":""5815"",""평균매출액_백만원"":""110"",""전체매출액_백만원"":""642319"",""전체매출액_억원"":""6423.19"",""평균매출액_억원"":""1.1""}"
406121f151ff7c1acdeb1694,드론산업_분야별 매출액_2021_2024,13,2024,"{""보고서연도"":""2025"",""기준연도"":""2024"",""분야"":""합계"",""업체수"":""6501"",""평균매출액_백만원"":""171"",""전체매출액_백만원"":""1107719"",""전체매출액_억원"":""11077.19"",""평균매출액_억원"":""1.71""}"
c62cd1c555f50227ef863aa4,드론산업_분야별 업체수_2021_2024,2,2021,"{""보고서연도"":""2022"",""기준연도"":""2021"",""제작업체수"":""345"",""활용업체수"":""4649"",""전체업체수"":""4994"",""제작업체_비중_pct"":""6.908289947937525"",""활용업체_비중_pct"":""93.09171005206247""}"
0fdb500afef4315db34ac746,드론산업_분야별 업체수_2021_2024,3,2022,"{""보고서연도"":""2023"",""기준연도"":""2022"",""제작업체수"":""584"",""활용업체수"":""5283"",""전체업체수"":""5867"",""제작업체_비중_pct"":""9.953979887506392"",""활용업체_비중_pct"":""90.04602011249361""}"
5cfbeb7ed7092c85de54c857,드론산업_분야별 업체수_2021_2024,4,2023,"{""보고서연도"":""2024"",""기준연도"":""2023"",""제작업체수"":""608"",""활용업체수"":""6227"",""전체업체수"":""6835"",""제작업체_비중_pct"":""8.895391367959034"",""활용업체_비중_pct"":""91.10460863204096""}"
eecf16dcd6243fb9d512c940,드론산업_분야별 업체수_2021_2024,5,2024,"{""보고서연도"":""2025"",""기준연도"":""2024"",""제작업체수"":""686"",""활용업체수"":""5815"",""전체업체수"":""6501"",""제작업체_비중_pct"":""10.552222734963852"",""활용업체_비중_pct"":""89.44777726503614""}"
430e4c4ef134b47f0e181517,드론산업_활용분야별_매출액_2024,2,,"{""구분"":""합계"",""평균매출액_백만원"":""110.5"",""전체매출액_백만원"":""642319"",""매출비율_pct"":""100.0"",""출처"":""2025년도 드론산업 실태조사, 항공안전기술원 표 2-23""}"
a8db30c0a3d7aae101d47ef1,드론산업_활용분야별_매출액_2024,3,,"{""구분"":""농업·방제"",""평균매출액_백만원"":""89.7"",""전체매출액_백만원"":""156859"",""매출비율_pct"":""24.4"",""출처"":""2025년도 드론산업 실태조사, 항공안전기술원 표 2-23""}"
36ac839da98e5085209fe879,드론산업_활용분야별_매출액_2024,4,,"{""구분"":""측량·관측"",""평균매출액_백만원"":""152.7"",""전체매출액_백만원"":""166715"",""매출비율_pct"":""26.0"",""출처"":""2025년도 드론산업 실태조사, 항공안전기술원 표 2-23""}"
55e7130f39ee7b6be4e08476,드론산업_활용분야별_매출액_2024,5,,"{""구분"":""촬영·방송"",""평균매출액_백만원"":""100.3"",""전체매출액_백만원"":""240200"",""매출비율_pct"":""37.4"",""출처"":""2025년도 드론산업 실태조사, 항공안전기술원 표 2-23""}"
44a231da253bb565a69172ff,드론산업_활용분야별_매출액_2024,6,,"{""구분"":""교육 및 기타"",""평균매출액_백만원"":""135.4"",""전체매출액_백만원"":""78544"",""매출비율_pct"":""12.2"",""출처"":""2025년도 드론산업 실태조사, 항공안전기술원 표 2-23""}"
95478e54a02cffd1124b92db,드론위규비행_연도별_유형별_15~24,2,~2016,"{""기준연도"":""~2016"",""위반유형"":""비행금지구역"",""위반건수_건"":""10""}"
8e925df7c73a1ebd320dd6f1,드론위규비행_연도별_유형별_15~24,3,2017,"{""기준연도"":""2017"",""위반유형"":""비행금지구역"",""위반건수_건"":""12""}"
959a0e4016a7ac7a6b4f9cc2,드론위규비행_연도별_유형별_15~24,4,2018,"{""기준연도"":""2018"",""위반유형"":""비행금지구역"",""위반건수_건"":""8""}"
087be2b59254a904d72c675b,드론위규비행_연도별_유형별_15~24,5,2019,"{""기준연도"":""2019"",""위반유형"":""비행금지구역"",""위반건수_건"":""40""}"
531417b336497de8ff366b7e,드론위규비행_연도별_유형별_15~24,6,2020,"{""기준연도"":""2020"",""위반유형"":""비행금지구역"",""위반건수_건"":""53""}"
1e821a07dbc340a620cd0625,드론위규비행_연도별_유형별_15~24,7,2021,"{""기준연도"":""2021"",""위반유형"":""비행금지구역"",""위반건수_건"":""46""}"
657834c0b04199fa410c3b84,드론위규비행_연도별_유형별_15~24,8,2022,"{""기준연도"":""2022"",""위반유형"":""비행금지구역"",""위반건수_건"":""94""}"
065c46262019a3af7b933785,드론위규비행_연도별_유형별_15~24,9,2023,"{""기준연도"":""2023"",""위반유형"":""비행금지구역"",""위반건수_건"":""252""}"
1ce920e1687f4f114a11087c,드론위규비행_연도별_유형별_15~24,10,2024,"{""기준연도"":""2024"",""위반유형"":""비행금지구역"",""위반건수_건"":""223""}"
07112648e9aef8577f3670f6,드론위규비행_연도별_유형별_15~24,11,~2016,"{""기준연도"":""~2016"",""위반유형"":""관제권"",""위반건수_건"":""14""}"
ee7cebb0ac45932491262080,드론위규비행_연도별_유형별_15~24,12,2017,"{""기준연도"":""2017"",""위반유형"":""관제권"",""위반건수_건"":""14""}"
cff86b0329414535cf9f3f8c,드론위규비행_연도별_유형별_15~24,13,2018,"{""기준연도"":""2018"",""위반유형"":""관제권"",""위반건수_건"":""18""}"
f4a6ddb20de58a556da1dd5b,드론위규비행_연도별_유형별_15~24,14,2019,"{""기준연도"":""2019"",""위반유형"":""관제권"",""위반건수_건"":""11""}"
16182f98e82d88dd4b216ae5,드론위규비행_연도별_유형별_15~24,15,2020,"{""기준연도"":""2020"",""위반유형"":""관제권"",""위반건수_건"":""34""}"
74ccce9d26e1aeb76a0e76b7,드론위규비행_연도별_유형별_15~24,16,2021,"{""기준연도"":""2021"",""위반유형"":""관제권"",""위반건수_건"":""63""}"
9becb66db127bd8044768b96,드론위규비행_연도별_유형별_15~24,17,2022,"{""기준연도"":""2022"",""위반유형"":""관제권"",""위반건수_건"":""47""}"
64acbb2476f64b45653e0a5c,드론위규비행_연도별_유형별_15~24,18,2023,"{""기준연도"":""2023"",""위반유형"":""관제권"",""위반건수_건"":""58""}"
fd129a4bdb12fdd0bce92a46,드론위규비행_연도별_유형별_15~24,19,2024,"{""기준연도"":""2024"",""위반유형"":""관제권"",""위반건수_건"":""88""}"
2b0611bca3350b623cc51275,드론위규비행_연도별_유형별_15~24,20,~2016,"{""기준연도"":""~2016"",""위반유형"":""야간비행"",""위반건수_건"":""13""}"
6ffe30a3b58f6aee36c9b286,드론위규비행_연도별_유형별_15~24,21,2017,"{""기준연도"":""2017"",""위반유형"":""야간비행"",""위반건수_건"":""9""}"
82d7e3537357f426575501ad,드론위규비행_연도별_유형별_15~24,22,2018,"{""기준연도"":""2018"",""위반유형"":""야간비행"",""위반건수_건"":""2""}"
bd81d314c58604726c410380,드론위규비행_연도별_유형별_15~24,23,2019,"{""기준연도"":""2019"",""위반유형"":""야간비행"",""위반건수_건"":""19""}"
3e3081469a807ea092c876a4,드론위규비행_연도별_유형별_15~24,24,2020,"{""기준연도"":""2020"",""위반유형"":""야간비행"",""위반건수_건"":""14""}"
304eb89ef8ec79c53c7fdef2,드론위규비행_연도별_유형별_15~24,25,2021,"{""기준연도"":""2021"",""위반유형"":""야간비행"",""위반건수_건"":""20""}"
49861733dbdf826929d25492,드론위규비행_연도별_유형별_15~24,26,2022,"{""기준연도"":""2022"",""위반유형"":""야간비행"",""위반건수_건"":""12""}"
67590d32fc3967950f306dcc,드론위규비행_연도별_유형별_15~24,27,2023,"{""기준연도"":""2023"",""위반유형"":""야간비행"",""위반건수_건"":""27""}"
50b406fbd28a385756993778,드론위규비행_연도별_유형별_15~24,28,2024,"{""기준연도"":""2024"",""위반유형"":""야간비행"",""위반건수_건"":""29""}"
2f3065c8ff32f593572e9784,드론위규비행_연도별_유형별_15~24,29,~2016,"{""기준연도"":""~2016"",""위반유형"":""기타"",""위반건수_건"":""3""}"
4d04359003a6c04b53b2e73d,드론위규비행_연도별_유형별_15~24,30,2017,"{""기준연도"":""2017"",""위반유형"":""기타"",""위반건수_건"":""2""}"
b360fd895a13c4f927859253,드론위규비행_연도별_유형별_15~24,31,2018,"{""기준연도"":""2018"",""위반유형"":""기타"",""위반건수_건"":""0""}"
2b6178b668470b5a5ff5ba6a,드론위규비행_연도별_유형별_15~24,32,2019,"{""기준연도"":""2019"",""위반유형"":""기타"",""위반건수_건"":""4""}"
000daa6a754e65f9d56b5936,드론위규비행_연도별_유형별_15~24,33,2020,"{""기준연도"":""2020"",""위반유형"":""기타"",""위반건수_건"":""0""}"
6f2b162148612a71f9a6bb9c,드론위규비행_연도별_유형별_15~24,34,2021,"{""기준연도"":""2021"",""위반유형"":""기타"",""위반건수_건"":""0""}"
f005b81ba0be2e6b559dc63b,드론위규비행_연도별_유형별_15~24,35,2022,"{""기준연도"":""2022"",""위반유형"":""기타"",""위반건수_건"":""21""}"
1b9a348feab1c860d50073ef,드론위규비행_연도별_유형별_15~24,36,2023,"{""기준연도"":""2023"",""위반유형"":""기타"",""위반건수_건"":""39""}"
c493af1edfa8b8ad5d46484b,드론위규비행_연도별_유형별_15~24,37,2024,"{""기준연도"":""2024"",""위반유형"":""기타"",""위반건수_건"":""45""}"
31595c740da0838ecb95cfa0,세계드론시장_연도별_전망,2,2021,"{""기준연도"":""2021"",""시장구분"":""상업용"",""시장규모_억달러"":""242.4""}"
2c1b05e4c6ec07ff070dc307,세계드론시장_연도별_전망,3,2022,"{""기준연도"":""2022"",""시장구분"":""상업용"",""시장규모_억달러"":""281.4""}"
658f13d76720a16c00373cc7,세계드론시장_연도별_전망,4,2023,"{""기준연도"":""2023"",""시장구분"":""상업용"",""시장규모_억달러"":""314.8""}"
a0c0315598c0532d6865c207,세계드론시장_연도별_전망,5,2024,"{""기준연도"":""2024"",""시장구분"":""상업용"",""시장규모_억달러"":""342.6""}"
d34d529c354b4f6debf6087c,세계드론시장_연도별_전망,6,2025,"{""기준연도"":""2025"",""시장구분"":""상업용"",""시장규모_억달러"":""365.7""}"
0d238e18601def13f224f2e3,세계드론시장_연도별_전망,7,2026,"{""기준연도"":""2026"",""시장구분"":""상업용"",""시장규모_억달러"":""393.3""}"
997969741c07fa1acd60a3f6,세계드론시장_연도별_전망,8,2027,"{""기준연도"":""2027"",""시장구분"":""상업용"",""시장규모_억달러"":""427.9""}"
e6c4d9caa106a196b2e91270,세계드론시장_연도별_전망,9,2028,"{""기준연도"":""2028"",""시장구분"":""상업용"",""시장규모_억달러"":""462.1""}"
bcdacbfc3e9eb3a054468cea,세계드론시장_연도별_전망,10,2029,"{""기준연도"":""2029"",""시장구분"":""상업용"",""시장규모_억달러"":""497.5""}"
8a2fdbda97179d4c8353f1e7,세계드론시장_연도별_전망,11,2030,"{""기준연도"":""2030"",""시장구분"":""상업용"",""시장규모_억달러"":""534.2""}"
14f00c8632c9aeaf5d4ff14c,세계드론시장_연도별_전망,12,2021,"{""기준연도"":""2021"",""시장구분"":""레저용"",""시장규모_억달러"":""23.8""}"
26b272f95682635b12b36cc4,세계드론시장_연도별_전망,13,2022,"{""기준연도"":""2022"",""시장구분"":""레저용"",""시장규모_억달러"":""24.2""}"
cba31e3f8f16cd8e08c13c52,세계드론시장_연도별_전망,14,2023,"{""기준연도"":""2023"",""시장구분"":""레저용"",""시장규모_억달러"":""24.4""}"
892dd2968ad27c5cc3161075,세계드론시장_연도별_전망,15,2024,"{""기준연도"":""2024"",""시장구분"":""레저용"",""시장규모_억달러"":""24.5""}"
535763b186713c57a1b1545b,세계드론시장_연도별_전망,16,2025,"{""기준연도"":""2025"",""시장구분"":""레저용"",""시장규모_억달러"":""24.6""}"
d1b0670ccbfc1eb311467544,세계드론시장_연도별_전망,17,2026,"{""기준연도"":""2026"",""시장구분"":""레저용"",""시장규모_억달러"":""24.5""}"
2f8d746a98d49813a5a81d03,세계드론시장_연도별_전망,18,2027,"{""기준연도"":""2027"",""시장구분"":""레저용"",""시장규모_억달러"":""24.3""}"
67f62dea1e16c74e4a50e6c3,세계드론시장_연도별_전망,19,2028,"{""기준연도"":""2028"",""시장구분"":""레저용"",""시장규모_억달러"":""24.1""}"
4906961958564fb09f67c087,세계드론시장_연도별_전망,20,2029,"{""기준연도"":""2029"",""시장구분"":""레저용"",""시장규모_억달러"":""23.9""}"
7a77e44f5ac77172758e5c02,세계드론시장_연도별_전망,21,2030,"{""기준연도"":""2030"",""시장구분"":""레저용"",""시장규모_억달러"":""23.6""}"
33d74dac1d81ebc7199a817b,세계드론시장_연도별_전망,22,2021,"{""기준연도"":""2021"",""시장구분"":""전체"",""시장규모_억달러"":""266.2""}"
38036ff394b676b013091600,세계드론시장_연도별_전망,23,2022,"{""기준연도"":""2022"",""시장구분"":""전체"",""시장규모_억달러"":""305.6""}"
d64db681cfdf1f9075267c9c,세계드론시장_연도별_전망,24,2023,"{""기준연도"":""2023"",""시장구분"":""전체"",""시장규모_억달러"":""339.2""}"
9f7aa32879538cdabc95a221,세계드론시장_연도별_전망,25,2024,"{""기준연도"":""2024"",""시장구분"":""전체"",""시장규모_억달러"":""367.1""}"
7aeae7c2012cda9f6b2b8048,세계드론시장_연도별_전망,26,2025,"{""기준연도"":""2025"",""시장구분"":""전체"",""시장규모_억달러"":""390.3""}"
f4098945d8a5f35d346224fd,세계드론시장_연도별_전망,27,2026,"{""기준연도"":""2026"",""시장구분"":""전체"",""시장규모_억달러"":""417.9""}"
f1d01b2967b69efe505978a6,세계드론시장_연도별_전망,28,2027,"{""기준연도"":""2027"",""시장구분"":""전체"",""시장규모_억달러"":""452.2""}"
d92cd552b9528965412ede3d,세계드론시장_연도별_전망,29,2028,"{""기준연도"":""2028"",""시장구분"":""전체"",""시장규모_억달러"":""486.3""}"
cd6f3c0e30d95db285369e6c,세계드론시장_연도별_전망,30,2029,"{""기준연도"":""2029"",""시장구분"":""전체"",""시장규모_억달러"":""521.4""}"
a5c69f9894f5bc8aa71d159e,세계드론시장_연도별_전망,31,2030,"{""기준연도"":""2030"",""시장구분"":""전체"",""시장규모_억달러"":""557.7""}"
6e02d2b2ecfac122f3d80697,세계지역별_드론시장성장률_2024_2030,2,,"{""지역"":""아시아"",""하드웨어_CAGR_pct"":""6.6"",""소프트웨어_CAGR_pct"":""4.5"",""서비스_CAGR_pct"":""6.2"",""전망기간"":""2024~2030""}"
e95150a5b38c35444e2eb01d,세계지역별_드론시장성장률_2024_2030,3,,"{""지역"":""유럽"",""하드웨어_CAGR_pct"":""7.7"",""소프트웨어_CAGR_pct"":""7.9"",""서비스_CAGR_pct"":""5.0"",""전망기간"":""2024~2030""}"
0bbd982848e285b7420a244d,세계지역별_드론시장성장률_2024_2030,4,,"{""지역"":""북미"",""하드웨어_CAGR_pct"":""5.2"",""소프트웨어_CAGR_pct"":""3.6"",""서비스_CAGR_pct"":""9.4"",""전망기간"":""2024~2030""}"
2529c2077404ba7673ed4589,세계지역별_드론시장성장률_2024_2030,5,,"{""지역"":""남미"",""하드웨어_CAGR_pct"":""11.1"",""소프트웨어_CAGR_pct"":""11.3"",""서비스_CAGR_pct"":""10.1"",""전망기간"":""2024~2030""}"
da6655008a5bdbf061abfe77,세계지역별_드론시장성장률_2024_2030,6,,"{""지역"":""중동·아프리카"",""하드웨어_CAGR_pct"":""15.4"",""소프트웨어_CAGR_pct"":""14.4"",""서비스_CAGR_pct"":""16.5"",""전망기간"":""2024~2030""}"
fb4ac37959d0949d5f01faed,세계지역별_드론시장성장률_2024_2030,7,,"{""지역"":""오세아니아"",""하드웨어_CAGR_pct"":""8.6"",""소프트웨어_CAGR_pct"":""8.2"",""서비스_CAGR_pct"":""12.5"",""전망기간"":""2024~2030""}"
e1a604565e66a7e935ac6b8b,조사_표본및응답현황,2,,"{""조사구분"":""전체 제작"",""모집단수"":""678"",""회수응답수"":""401"",""유효표본또는유효응답수"":""380"",""응답률_pct"":"""",""출처"":""2025년도 드론산업 실태조사, 항공안전기술원 표 2-6~7, 표 3-1~2""}"
7aa39963752cafd42f221c76,조사_표본및응답현황,3,,"{""조사구분"":""제작-하드웨어"",""모집단수"":""503"",""회수응답수"":""277"",""유효표본또는유효응답수"":""271"",""응답률_pct"":"""",""출처"":""2025년도 드론산업 실태조사, 항공안전기술원 표 2-6~7, 표 3-1~2""}"
8ba7056628f939ba8fc0a0de,조사_표본및응답현황,4,,"{""조사구분"":""제작-소프트웨어"",""모집단수"":""175"",""회수응답수"":""124"",""유효표본또는유효응답수"":""109"",""응답률_pct"":"""",""출처"":""2025년도 드론산업 실태조사, 항공안전기술원 표 2-6~7, 표 3-1~2""}"
e9a416048eeb7b9b10daf5bb,조사_표본및응답현황,5,,"{""조사구분"":""활용"",""모집단수"":""5815"",""회수응답수"":""1259"",""유효표본또는유효응답수"":""1259"",""응답률_pct"":"""",""출처"":""2025년도 드론산업 실태조사, 항공안전기술원 표 2-6~7, 표 3-1~2""}"
313f74f3e1f9a1ddbf588662,조사_표본및응답현황,6,,"{""조사구분"":""공공분야 전체"",""모집단수"":""394"",""회수응답수"":""117"",""유효표본또는유효응답수"":""117"",""응답률_pct"":""29.7"",""출처"":""2025년도 드론산업 실태조사, 항공안전기술원 표 2-6~7, 표 3-1~2""}"
9db634781ff1b1f3a43ff09f,조사_표본및응답현황,7,,"{""조사구분"":""공공-국가기관"",""모집단수"":""50"",""회수응답수"":""21"",""유효표본또는유효응답수"":""21"",""응답률_pct"":""42.0"",""출처"":""2025년도 드론산업 실태조사, 항공안전기술원 표 2-6~7, 표 3-1~2""}"
c44eb26dbb31f16a685620b5,조사_표본및응답현황,8,,"{""조사구분"":""공공-지자체"",""모집단수"":""17"",""회수응답수"":""17"",""유효표본또는유효응답수"":""17"",""응답률_pct"":""100.0"",""출처"":""2025년도 드론산업 실태조사, 항공안전기술원 표 2-6~7, 표 3-1~2""}"
9f8d1478fc85707ea5819524,조사_표본및응답현황,9,,"{""조사구분"":""공공-공공기관"",""모집단수"":""327"",""회수응답수"":""79"",""유효표본또는유효응답수"":""79"",""응답률_pct"":""24.2"",""출처"":""2025년도 드론산업 실태조사, 항공안전기술원 표 2-6~7, 표 3-1~2""}"
