posting_id,title,employer_name,job_group,job_major_category,job_middle_category,province_name,district_name,drone_relevance,data_confidence,career_type,career_min_years,career_max_years,education_normalized,salary_type,annual_salary_min_10k_krw,annual_salary_max_10k_krw,employment_types,keyword_count,duplicate_candidate_type,analysis_use_flag,original_company_name,original_location,career_requirement_raw,education_raw,major_requirement_raw,salary_raw,responsibilities,verification_note,primary_source_platform,primary_source_url
JOB_49713038,2026년 하반기 드론 R&D 경력직 채용,풍산,개발·R&D,연구개발,,대전,유성구,높음,중간,불명,,,대졸,회사내규,,,불명,2,,1,풍산,대전광역시 유성구 테크노2로 266 (탑립동),,대졸이상,,회사 내규에 따름,,원본 요약 텍스트 확인; 이미지형 상세요강이나 미표시 자격조건은 확인 불가,잡코리아,https://www.jobkorea.co.kr/Recruit/GI_Read/49713038?Oem_Code=C900&api=592
JOB_49713064,2026년 하반기 드론 R&D 경력직 채용 - 비행제어,풍산,개발·R&D,비행제어/자율비행,,대전,유성구,높음,중간,불명,,,대졸,회사내규,,,불명,3,,1,풍산,대전광역시 유성구 테크노2로 266 (탑립동),,대졸이상,,회사 내규에 따름,,원본 요약 텍스트 확인; 이미지형 상세요강이나 미표시 자격조건은 확인 불가,잡코리아,https://www.jobkorea.co.kr/Recruit/GI_Read/49713064?Oem_Code=C900&api=592
JOB_49713071,2026년 하반기 드론 R&D 경력직 채용 - 전자,풍산,개발·R&D,연구개발,,대전,유성구,높음,중간,불명,,,대졸,회사내규,,,불명,2,,1,풍산,대전광역시 유성구 테크노2로 266 (탑립동),,대졸이상,,회사 내규에 따름,,원본 요약 텍스트 확인; 이미지형 상세요강이나 미표시 자격조건은 확인 불가,잡코리아,https://www.jobkorea.co.kr/Recruit/GI_Read/49713071?Oem_Code=C900&api=592
JOB_49713079,2026년 하반기 드론 R&D 경력직 채용 - S/W,풍산,개발·R&D,연구개발,,대전,유성구,높음,중간,불명,,,대졸,회사내규,,,불명,2,,1,풍산,대전광역시 유성구 테크노2로 266 (탑립동),,대졸이상,,회사 내규에 따름,,원본 요약 텍스트 확인; 이미지형 상세요강이나 미표시 자격조건은 확인 불가,잡코리아,https://www.jobkorea.co.kr/Recruit/GI_Read/49713079?Oem_Code=C900&api=592
JOB_49713087,2026년 하반기 드론 R&D 경력직 채용 - 기계(고정익),풍산,개발·R&D,연구개발,,대전,유성구,높음,중간,불명,,,대졸,회사내규,,,불명,2,,1,풍산,대전광역시 유성구 테크노2로 266 (탑립동),,대졸이상,,회사 내규에 따름,,원본 요약 텍스트 확인; 이미지형 상세요강이나 미표시 자격조건은 확인 불가,잡코리아,https://www.jobkorea.co.kr/Recruit/GI_Read/49713087?Oem_Code=C900&api=592
JOB_49713094,2026년 하반기 드론 R&D 경력직 채용 - 기계(회전익),풍산,개발·R&D,연구개발,,대전,유성구,높음,중간,불명,,,대졸,회사내규,,,불명,2,,1,풍산,대전광역시 유성구 테크노2로 266 (탑립동),,대졸이상,,회사 내규에 따름,,원본 요약 텍스트 확인; 이미지형 상세요강이나 미표시 자격조건은 확인 불가,잡코리아,https://www.jobkorea.co.kr/Recruit/GI_Read/49713094?Oem_Code=C900&api=592
JOB_49819175,아크로사(ACROXAR) 픽스호크 드론제작 정직원 모집,아크로사,생산·품질,생산/제조,드론 제작·세팅,경기,수원시,높음,중간,불명,,,초대졸,연봉,4000.0,,정규직,8,,1,㈜아크로사,경기 수원시 권선구 호매실로90번길 24 (호매실동) 248호 프리마비즈타워,,초대졸이상,,"연봉 4,000만원 이상 (면접 후 결정)",,원본 요약 텍스트 확인; 이미지형 상세요강이나 미표시 자격조건은 확인 불가,잡코리아,https://www.jobkorea.co.kr/Recruit/GI_Read/49819175?Oem_Code=C900&api=592
JOB_49844334,지형 측량·드론 LiDAR 촬영 담당자 채용,다원솔루텍,운용·서비스,GIS/측량/공간정보,,서울,구로구,높음,중간,불명,,,학력무관,연봉,4000.0,,계약직,6,,1,㈜다원솔루텍,"서울 구로구 디지털로27길 36 (구로동, 이스페이스) 904호",,학력무관,,"연봉 4,000만원 이상 (면접 후 결정)",,원본 요약 텍스트 확인; 이미지형 상세요강이나 미표시 자격조건은 확인 불가,잡코리아,https://www.jobkorea.co.kr/Recruit/GI_Read/49844334?Oem_Code=C900&api=592
JOB_49865329,[K-드론 혁신기업] (주)프리뉴 기체제작팀(복합재 제작) 채용,프리뉴,생산·품질,생산/제조,복합재 기체 제작,경기,안산시,높음,중간,불명,,,학력무관,회사내규,,,정규직,3,,1,㈜프리뉴,"경기 안산시 단원구 산단로 325 (신길동, 리드스마트스퀘어지식산업센터) 678호",,학력무관,,회사 내규에 따름,,원본 요약 텍스트 확인; 이미지형 상세요강이나 미표시 자격조건은 확인 불가,잡코리아,https://www.jobkorea.co.kr/Recruit/GI_Read/49865329?Oem_Code=C900&api=592
JOB_49893527,드론 SW/FW 및 자율비행 알고리즘/GUI 개발,모빌리티랩,개발·R&D,비행제어/자율비행,,경기,안산시,높음,중간,불명,,,대졸,연봉,8000.0,,"계약직, 정규직",5,,1,㈜모빌리티랩,경기 안산시 상록구 한양대학로 55 (사동) 창업보육센터 304호,,대졸이상,,"연봉 5,000~8,000만원 (면접 후 결정)",,원본 요약 텍스트 확인; 이미지형 상세요강이나 미표시 자격조건은 확인 불가,잡코리아,https://www.jobkorea.co.kr/Recruit/GI_Read/49893527?Oem_Code=C900&api=592
JOB_49899071,"[헬셀] 드론 생산, 정비 사원 모집 (산업용 드론 생산 및 정비)",헬셀,운용·서비스,정비,,경기,하남시,높음,중간,불명,,,초대졸,회사내규/협의,,,"계약직, 정규직",1,,1,㈜헬셀,경기 하남시 초이동 130-3,,초대졸이상,,회사 내규에 따름 (면접 후 결정),,원본 요약 텍스트 확인; 이미지형 상세요강이나 미표시 자격조건은 확인 불가,잡코리아,https://www.jobkorea.co.kr/Recruit/GI_Read/49899071?Oem_Code=C900&api=592
JOB_49913994,[기업부설연구소]드론 운용 및 시험 담당자 모집,태경전자,운용·서비스,드론조종/운영,,대전,유성구,높음,중간,불명,,,대졸,회사내규/협의,,,정규직,2,,1,태경전자㈜,대전 유성구 테크노5로 43-4 (관평동) 1~2층,,대졸이상,,회사 내규에 따름 (면접 후 결정),,원본 요약 텍스트 확인; 이미지형 상세요강이나 미표시 자격조건은 확인 불가,잡코리아,https://www.jobkorea.co.kr/Recruit/GI_Read/49913994?Oem_Code=C900&api=592
JOB_49933088,DJI 코리아 드론 (Drone) 하남 공식 서비스 센터 팀원 (엔지니어) 모집,리포나,운용·서비스,정비,드론 서비스센터 엔지니어,경기,하남시,높음,중간,불명,,,학력무관,회사내규/협의,,,정규직,4,,1,㈜리포나,"경기 하남시 조정대로 150 (덕풍동, 아이테코) 블루존 609호",,학력무관,,회사 내규에 따름 (면접 후 결정),,원본 요약 텍스트 확인; 이미지형 상세요강이나 미표시 자격조건은 확인 불가,잡코리아,https://www.jobkorea.co.kr/Recruit/GI_Read/49933088?Oem_Code=C900&api=592
JOB_49940210,[사원모집] 2026년도 아이온 드론 엔지니어 경력 모집 공고,아이온,개발·R&D,HW/전자,드론 하드웨어 엔지니어,충북,충주시,높음,중간,불명,,,대졸,회사내규/협의,,,정규직,8,,1,아이온,충북 충주시 목행산단7로 2 (목행동) ICT혁신센터 201호,,대졸이상,,회사 내규에 따름 (면접 후 결정),,원본 요약 텍스트 확인; 이미지형 상세요강이나 미표시 자격조건은 확인 불가,잡코리아,https://www.jobkorea.co.kr/Recruit/GI_Read/49940210?Oem_Code=C900&api=592
JOB_49955059,"드론 - 멀티콥터, VTOL, 고정익 기구 설계 엔지니어 채용",에이럭스,개발·R&D,기구/기계설계,VTOL 기구설계,인천,부평구,높음,중간,불명,,,초대졸,회사내규,,,정규직,4,,1,에이럭스,인천 부평구 안남로434번길 57 (청천동) 4층,,초대졸이상,,회사 내규에 따름,,원본 요약 텍스트 확인; 이미지형 상세요강이나 미표시 자격조건은 확인 불가,잡코리아,https://www.jobkorea.co.kr/Recruit/GI_Read/49955059?Oem_Code=C900&api=592
JOB_49955114,"드론 - 멀티콥터, VTOL, 고정익 항전 엔지니어 채용",에이럭스,개발·R&D,HW/전자,항전 엔지니어,인천,부평구,높음,중간,불명,,,초대졸,회사내규,,,정규직,10,,1,에이럭스,인천 부평구 안남로434번길 57 (청천동) 4층,,초대졸이상,,회사 내규에 따름,,원본 요약 텍스트 확인; 이미지형 상세요강이나 미표시 자격조건은 확인 불가,잡코리아,https://www.jobkorea.co.kr/Recruit/GI_Read/49955114?Oem_Code=C900&api=592
JOB_49955170,"드론 - 멀티콥터, VTOL, 고정익 드론 파일럿 경력자 채용",에이럭스,운용·서비스,드론조종/운영,드론 파일럿,인천,부평구,높음,중간,불명,,,초대졸,회사내규,,,정규직,10,,1,에이럭스,인천 부평구 안남로434번길 57 (청천동) 4층,,초대졸이상,,회사 내규에 따름,,원본 요약 텍스트 확인; 이미지형 상세요강이나 미표시 자격조건은 확인 불가,잡코리아,https://www.jobkorea.co.kr/Recruit/GI_Read/49955170?Oem_Code=C900&api=592
JOB_49960036,"고정익,VTOL 무인항공기 형상 및 구조설계 [기체제작팀]",프리뉴,개발·R&D,기구/기계설계,무인항공기 형상·구조설계,경기,안산시,높음,중간,불명,,,초대졸,회사내규/협의,,,정규직,12,,1,㈜프리뉴,"경기 안산시 단원구 산단로 325 (신길동, 리드스마트스퀘어지식산업센터) 678호",,초대졸이상,,회사 내규에 따름 (면접 후 결정),,원본 요약 텍스트 확인; 이미지형 상세요강이나 미표시 자격조건은 확인 불가,잡코리아,https://www.jobkorea.co.kr/Recruit/GI_Read/49960036?Oem_Code=C900&api=592
JOB_49982623,항공기 드론 전장 설계 엔지니어 채용,패리티,개발·R&D,HW/전자,전장설계,경기,안양시,높음,중간,불명,,,대졸,회사내규/협의,,,정규직,2,,1,패리티,"경기 안양시 동안구 시민대로109번길 29 (호계동, 에이스하이테크시티범계) 8층 패리티",,대졸이상,,회사 내규에 따름 (면접 후 결정),,원본 요약 텍스트 확인; 이미지형 상세요강이나 미표시 자격조건은 확인 불가,잡코리아,https://www.jobkorea.co.kr/Recruit/GI_Read/49982623?Oem_Code=C900&api=592
JOB_49994334,산업용 드론제작 및 운영 업무모집,케이프로시스템,운용·서비스,드론조종/운영,,경기,남양주시,높음,중간,불명,,,학력무관,연봉,5000.0,,정규직,3,,1,케이프로시스템㈜,경기 남양주시 와부읍 궁촌로64번길 10 (도곡리),,학력무관,,"연봉 2,600~5,000만원 (면접 후 결정)",,원본 요약 텍스트 확인; 이미지형 상세요강이나 미표시 자격조건은 확인 불가,잡코리아,https://www.jobkorea.co.kr/Recruit/GI_Read/49994334?Oem_Code=C900&api=592
JOB_49994716,드론 운용 엔지니어 (신입),데이터디자인엔지니어링,운용·서비스,드론조종/운영,,서울,구로구,높음,낮음,불명,,,불명,불명,,,정규직,2,,1,㈜데이터디자인엔지니어링,서울 구로구,,,,,,포털 목록 기반; keyword는 공고제목에서 확인한 용어이며 요구역량으로 단정 불가; 원본 상세본문 확인 불가,잡코리아,https://www.jobkorea.co.kr/Recruit/GI_Read/49994716?Oem_Code=C900&api=592
JOB_49994720,드론 운용 엔지니어 (경력),데이터디자인엔지니어링,운용·서비스,드론조종/운영,,서울,구로구,높음,낮음,불명,,,불명,불명,,,정규직,2,,1,㈜데이터디자인엔지니어링,서울 구로구,,,,,,포털 목록 기반; keyword는 공고제목에서 확인한 용어이며 요구역량으로 단정 불가; 원본 상세본문 확인 불가,잡코리아,https://www.jobkorea.co.kr/Recruit/GI_Read/49994720?Oem_Code=C900&api=592
JOB_50000499,"로봇키트, 드론부품 대학교 교보재 영업직 모집",아크로사,사업·기획,영업/사업개발,,경기,수원시,높음,중간,불명,,,초대졸,연봉,4500.0,,정규직,9,,1,㈜아크로사,경기 수원시 권선구 호매실로90번길 24 (호매실동) 248호 프리마비즈타워,,초대졸이상,,"연봉 4,500만원 이상 (면접 후 결정)",,원본 요약 텍스트 확인; 이미지형 상세요강이나 미표시 자격조건은 확인 불가,잡코리아,https://www.jobkorea.co.kr/Recruit/GI_Read/50000499?Oem_Code=C900&api=592
SAR_54535195,[에코로보텍] 드론 교육운영 및 사업지원 채용 (신입·경력),에코로보텍,운용·서비스,드론조종/운영,드론조종/운영,인천,서해구,중간,중간,무관,,,학력무관,불명,,,정규직,2,,1,(주)에코로보텍,인천 서해구,경력무관,학력무관,,,드론 교육운영 및 사업지원,검색결과 카드에서 확인; 상세 자격조건 미확인,사람인,https://www.saramin.co.kr/zf_user/jobs/relay/view?view_type=search&rec_idx=54535195&location=ts&searchword=%EB%93%9C%EB%A1%A0&searchType=search&paid_fl=n&search_uuid=fac25325-6acf-4bfe-8e37-632f5645857a
SAR_54536254,[드론전문교육기관]드론 교관 채용,에이스드론,운용·서비스,드론조종/운영,드론조종/운영,서울,동작구,높음,중간,무관,,,학력무관,금액표기(유형불명),,,계약직,2,,1,(주)에이스드론,서울 동작구,경력무관,학력무관,,"150,000 원",드론 교관,검색결과 카드에서 확인; 상세 자격조건 미확인,사람인,https://www.saramin.co.kr/zf_user/jobs/relay/view?view_type=search&rec_idx=54536254&location=ts&searchword=%EB%93%9C%EB%A1%A0&searchType=search&paid_fl=n&search_uuid=fac25325-6acf-4bfe-8e37-632f5645857a
SAR_54551832,[해외영업] 드론사업부 통합엔지니어 & 해외영업 수시채용,케이테크,사업·기획,영업/사업개발,영업/사업개발,경남,진주시,높음,중간,경력,3.0,7.0,학력무관,면접후결정,,,정규직,3,,1,케이테크(주),경남 진주시,경력 3~7년,학력무관,,면접 후 결정,"부품 호환성·인터페이스(전기/기구/통신) 검토 및 적정성능 판정; 해외 벤더 기술협의·견적·샘플 평가, 공급망 기술관리; 단가 적절성 재확인",통합 엔지니어와 해외영업 복수 직무,사람인,https://www.saramin.co.kr/zf_user/jobs/relay/view?view_type=search&rec_idx=54551832&location=ts&searchword=%EB%93%9C%EB%A1%A0&searchType=search&paid_fl=n&search_uuid=e4f73fea-3c0a-4dd3-8cbe-95493b462b62
SAR_54573586,[창원본사] 산업용 드론 · 스마트 장비 기술지원 담당자 채용,엠지아이티,기타,기타,기술지원,경남,창원시,높음,중간,신입·경력,0.0,,초대졸,불명,,,정규직,2,,1,(주)엠지아이티,경남 창원시,신입·경력,초대졸↑,,,산업용 드론 · 스마트 장비 기술지원,검색결과 카드에서 확인; 상세 자격조건 미확인,사람인,https://www.saramin.co.kr/zf_user/jobs/relay/view?view_type=search&rec_idx=54573586&location=ts&searchword=%EB%93%9C%EB%A1%A0&searchType=search&paid_fl=n&search_uuid=fac25325-6acf-4bfe-8e37-632f5645857a
SAR_54583228,[농기계 & 농업용 드론] 영업 및 정비 엔지니어 채용 - 화순점,대천농기계,운용·서비스,정비,정비,전남,화순군,높음,중간,경력,,,학력무관,면접후결정,,,정규직,3,,1,(주)대천농기계,전남광주 화순군,경력,학력무관,,면접 후 결정,농기계 및 농업용 드론 영업 / 정비,,사람인,https://www.saramin.co.kr/zf_user/jobs/relay/view?view_type=search&rec_idx=54583228&location=ts&searchword=%EB%93%9C%EB%A1%A0&searchType=search&paid_fl=n&search_uuid=fac25325-6acf-4bfe-8e37-632f5645857a
SAR_54583261,[농기계 & 농업용 드론] 영업 및 정비 엔지니어 채용 - 나주,대천농기계,운용·서비스,정비,정비,전남,나주시,높음,낮음,경력,,,학력무관,면접후결정,,,정규직,3,,1,(주)대천농기계,전남광주 나주시,경력,학력무관,,면접 후 결정,농기계 및 농업용 드론 영업 / 정비,,사람인,https://www.saramin.co.kr/zf_user/jobs/relay/view?view_type=search&rec_idx=54583261&location=ts&searchword=%EB%93%9C%EB%A1%A0&searchType=search&paid_fl=n&search_uuid=fac25325-6acf-4bfe-8e37-632f5645857a
SAR_54585688,[K-드론 혁신기업] (주)프리뉴 무인항공기설계 구조/항공 설계,프리뉴,개발·R&D,기구/기계설계,기구/기계설계,경기,안산시,높음,높음,경력,3.0,,대졸,면접후결정,,,정규직,3,,1,(주)프리뉴,경기 안산시 단원구,경력 3년 ↑,대졸(4년제) 이상,"기계공학, 로봇공학, 자동차 공학, 항공 우주&조선 공학 등 관련 학과 전공자 | 구조설계 관련 전공자 또는 경력자",면접 후 결정,무인항공기 구조·항공 설계 및 장비 제품 개발,,사람인,https://www.saramin.co.kr/zf_user/jobs/relay/view?view_type=search&rec_idx=54585688&location=ts&searchword=%EB%93%9C%EB%A1%A0&searchType=search&paid_fl=n&search_uuid=e4f73fea-3c0a-4dd3-8cbe-95493b462b62
SAR_54586416,무인항공기(드론) 드론 양산·제조 / 생산기술 경력직 채용,다온아이앤씨,생산·품질,생산/제조,생산/제조,경기,광명시,높음,중간,경력,10.0,,대졸,불명,,,계약직,4,,1,(주)다온아이앤씨,경기 광명시,경력10년↑,대졸↑,,,무인항공기(드론) 드론 양산·제조 / 생산기술 경력직,검색결과 카드에서 확인; 상세 자격조건 미확인,사람인,https://www.saramin.co.kr/zf_user/jobs/relay/view?view_type=search&rec_idx=54586416&location=ts&searchword=%EB%93%9C%EB%A1%A0&searchType=search&paid_fl=n&search_uuid=fac25325-6acf-4bfe-8e37-632f5645857a
SAR_54622417,[창원본사/정규직] 산업용 드론 및 스마트 장비 기술지원,엠지아이티,기타,기타,기술지원,경남,창원시,높음,중간,무관,,,초대졸,금액표기(유형불명),,,정규직,2,,1,주식회사엠지아이티,경남 창원시 의창구,경력무관,초대졸,,"3,400 만원",산업용 드론 및 스마트 장비 기술지원,검색결과 카드에서 확인; 상세 자격조건 미확인,사람인,https://www.saramin.co.kr/zf_user/jobs/relay/view?view_type=search&rec_idx=54622417&location=ts&searchword=%EB%93%9C%EB%A1%A0&searchType=search&paid_fl=n&search_uuid=1140ba88-2c6e-4ad8-8abb-b2fbb48b31d5
SAR_54623164,파이온시스템즈에서 인공지능 기반의 드론과 안티드론 기술의 미래를 함께 만들어나가세요,파이온시스템즈,개발·R&D,AI/컴퓨터비전,AI/컴퓨터비전,경기,성남시,높음,중간,경력,3.0,,초대졸,금액표기(유형불명),,,정규직,2,,1,주식회사 파이온시스템즈,경기 성남시 수정구,경력3년↑,초대졸,,"5,000 만원",파이온시스템즈에서 인공지능 기반의 드론과 안티드론 기술의 미래를 함께 만들어나가세요,검색결과 카드에서 확인; 상세 자격조건 미확인,사람인,https://www.saramin.co.kr/zf_user/jobs/relay/view?view_type=search&rec_idx=54623164&location=ts&searchword=%EB%93%9C%EB%A1%A0&searchType=search&paid_fl=n&search_uuid=1140ba88-2c6e-4ad8-8abb-b2fbb48b31d5
SAR_54632689,"드론 사업부 HW, SW 연구원 및 기술직 상시채용",와우미래기술,개발·R&D,SW개발,SW개발,인천,서해구,중간,중간,무관,,,초대졸,금액표기(유형불명),,,"계약직, 정규직",1,,1,(주)와우미래기술,인천 서해구,경력무관,초대졸↑,,"2,760 만원","드론 사업부 HW, SW 연구원 및 기술직 상시",검색결과 카드에서 확인; 상세 자격조건 미확인,사람인,https://www.saramin.co.kr/zf_user/jobs/relay/view?view_type=search&rec_idx=54632689&location=ts&searchword=%EB%93%9C%EB%A1%A0&searchType=search&paid_fl=n&search_uuid=fac25325-6acf-4bfe-8e37-632f5645857a
SAR_54643517,Vision Sensing & AI Algorithm Engineer (드론/자율비행)개발자,모빌리티랩,개발·R&D,AI/컴퓨터비전,AI/컴퓨터비전,경기,안산시,높음,중간,경력,3.0,,대졸,연봉,8000.0,,"계약직, 정규직",8,,1,(주)모빌리티랩,경기 안산시 상록구,경력 3년 ↑,대졸(4년제) 이상,,"연봉 8,000 만원 (주 40시간)","1. 비전 기반 인지 알고리즘 개발; EO/IR 카메라 기반 객체 탐지/추적 (화재, 연기, 장애물 등) 실시간 영상 처리 및 타겟 인식; 다중 센서 융합 (Camera + GNSS + IMU); 2. AI 모델 개발 및 최적화",긴 상세요강에서 핵심업무만 요약,사람인,https://www.saramin.co.kr/zf_user/jobs/relay/view?view_type=search&rec_idx=54643517&location=ts&searchword=%EB%93%9C%EB%A1%A0&searchType=search&paid_fl=n&search_uuid=e4f73fea-3c0a-4dd3-8cbe-95493b462b62
SAR_54646364,(주)풍산 드론 R&D 경력직 채용,풍산,개발·R&D,연구개발,,대전,유성구,높음,중간,경력,3.0,11.0,대졸,불명,,,정규직,1,,1,(주)풍산,대전 유성구,경력 3~11년,대졸↑,,,풍산 드론 R&D 경력직,검색결과 카드에서 확인; 상세 자격조건 미확인,사람인,https://www.saramin.co.kr/zf_user/jobs/relay/view?view_type=search&rec_idx=54646364&location=ts&searchword=%EB%93%9C%EB%A1%A0&searchType=search&paid_fl=n&search_uuid=e4f73fea-3c0a-4dd3-8cbe-95493b462b62
SAR_54659761,무인항공기 (설계 - 공력 /구조 /복합재) 연구개발 모집,화인코왁,개발·R&D,기구/기계설계,기구/기계설계,경기,의왕시,높음,낮음,무관,,,학력무관,면접후결정,,,정규직,2,,1,(주)화인코왁,경기 의왕시,경력무관,학력무관,,면접 후 결정,무인항공기 (설계 - 공력 /구조 /복합재) 연구개발,,사람인,https://www.saramin.co.kr/zf_user/jobs/relay/view?view_type=search&rec_idx=54659761&location=ts&searchword=%EB%93%9C%EB%A1%A0&searchType=search&paid_fl=n&search_uuid=00dfea56-5a93-476f-8eb1-5072f66504f2
SAR_54659774,[㈜파블로항공] 임베디드 시스템 소프트웨어 엔지니어 채용,파블로항공,개발·R&D,임베디드/펌웨어,임베디드/펌웨어,인천,연수구,중간,높음,경력,5.0,,대졸,면접후결정,,,계약직,10,,1,(주)파블로항공,인천 연수구,경력5년↑,대졸↑,,면접 후 결정,"■ 임베디드 시스템 개발; PDU(전력 분배 장치) 설계, 개발, 검증 (통신 모듈 /카메라 모듈/ 조종기 등); BMS(배터리 관리 시스템) 설계, 개발, 검증 (과충전/과방전/과전류 보호); MCU 기반 통신 인터페이스 모듈 개발",기존 사람인 CSV의 동일 공고 ID 값 대조; keyword에 검색 카드 직무 태그 포함; 요구역량과 구분 필요,사람인,https://www.saramin.co.kr/zf_user/jobs/relay/view?view_type=search&rec_idx=54659774&location=ts&searchword=%ED%8C%8C%EB%B8%94%EB%A1%9C%ED%95%AD%EA%B3%B5+%EB%93%9C%EB%A1%A0&searchType=search&paid_fl=n&search_uuid=e5ac6382-efcc-4ddc-bb78-7a9966a01c18
SAR_54659785,무인항공기 (제작 / 조종사) 모집,화인코왁,운용·서비스,드론조종/운영,드론조종/운영,경기,의왕시,높음,낮음,무관,,,학력무관,면접후결정,,,정규직,1,,1,(주)화인코왁,경기 의왕시,경력무관,학력무관,,면접 후 결정,무인항공기 (제작 / 조종사),,사람인,https://www.saramin.co.kr/zf_user/jobs/relay/view?view_type=search&rec_idx=54659785&location=ts&searchword=%EB%93%9C%EB%A1%A0&searchType=search&paid_fl=n&search_uuid=da4f4f69-f654-40a0-8d80-f64210802a29
SAR_54659796,무인항공기 (S/W) 연구개발 모집,화인코왁,개발·R&D,SW개발,SW개발,경기,의왕시,높음,낮음,무관,,,학력무관,면접후결정,,,정규직,1,,1,(주)화인코왁,경기 의왕시,경력무관,학력무관,,면접 후 결정,무인항공기 (S/W) 연구개발,,사람인,https://www.saramin.co.kr/zf_user/jobs/relay/view?view_type=search&rec_idx=54659796&location=ts&searchword=%EB%93%9C%EB%A1%A0&searchType=search&paid_fl=n&search_uuid=00dfea56-5a93-476f-8eb1-5072f66504f2
SAR_54663935,드론 A/S 직원 채용,케이(K)드론,운용·서비스,정비,정비,전북,김제시,높음,중간,무관,,,학력무관,불명,,,정규직,1,,1,케이(K)드론,전북 김제시,경력무관,학력무관,,,드론 A/S 직원,검색결과 카드에서 확인; 상세 자격조건 미확인,사람인,https://www.saramin.co.kr/zf_user/jobs/relay/view?view_type=search&rec_idx=54663935&location=ts&searchword=%EB%93%9C%EB%A1%A0&searchType=search&paid_fl=n&search_uuid=1140ba88-2c6e-4ad8-8abb-b2fbb48b31d5
SAR_54681373,"[기술연구소] 드론, 사진측량 분야 채용",대한이앤씨,운용·서비스,GIS/측량/공간정보,GIS/측량/공간정보,경기,성남시,높음,높음,무관,,,대졸,면접후결정,,,정규직,4,,1,(주)대한이앤씨,경기 성남시 수정구,경력무관(신입포함),대졸(4년제) 이상(예정자 가능),,면접 후 결정,현장 촬영·데이터 정리(드론 활용); 사진측량 도구로 3D 메쉬 제작,,사람인,https://www.saramin.co.kr/zf_user/jobs/relay/view?view_type=search&rec_idx=54681373&location=ts&searchword=%EB%93%9C%EB%A1%A0&searchType=search&paid_fl=n&search_uuid=e4f73fea-3c0a-4dd3-8cbe-95493b462b62
SAR_54694482,드론 및 무인항공기 생산·가공 정규직 채용(신입),그리폰다이나믹스,생산·품질,생산/제조,생산/제조,경북,경산시,높음,높음,신입,0.0,,고졸,면접후결정,,,정규직,4,,1,(주)그리폰다이나믹스,경북 경산시,신입,고졸↑,,면접 후 결정,드론 카본 원자재 생산; 드론 카본 원자재 가공,,사람인,https://www.saramin.co.kr/zf_user/jobs/relay/view?view_type=search&rec_idx=54694482&location=ts&searchword=%EB%93%9C%EB%A1%A0&searchType=search&paid_fl=n&search_uuid=fac25325-6acf-4bfe-8e37-632f5645857a
SAR_54708677,[K-드론 혁신기업] (주)프리뉴 영업관리,프리뉴,사업·기획,영업/사업개발,영업/사업개발,경기,안산시,높음,중간,무관,,,대졸,불명,,,정규직,2,,1,(주)프리뉴,경기 안산시 단원구,경력무관,대졸↑,,,프리뉴 영업관리,검색결과 카드에서 확인; 상세 자격조건 미확인,사람인,https://www.saramin.co.kr/zf_user/jobs/relay/view?view_type=search&rec_idx=54708677&location=ts&searchword=%EB%93%9C%EB%A1%A0&searchType=search&paid_fl=n&search_uuid=fac25325-6acf-4bfe-8e37-632f5645857a
SAR_54708690,[K-드론 혁신기업] (주)프리뉴 CNC조각기·라우터 가공(CAD/CAM),프리뉴,생산·품질,생산/제조,생산/제조,경기,안산시,높음,중간,경력,3.0,,초대졸,불명,,,정규직,2,,1,(주)프리뉴,경기 안산시 단원구,경력3년↑,초대졸↑,,,프리뉴 CNC조각기·라우터 가공(CAD/CAM),검색결과 카드에서 확인; 상세 자격조건 미확인,사람인,https://www.saramin.co.kr/zf_user/jobs/relay/view?view_type=search&rec_idx=54708690&location=ts&searchword=%EB%93%9C%EB%A1%A0&searchType=search&paid_fl=n&search_uuid=fac25325-6acf-4bfe-8e37-632f5645857a
SAR_54742633,임베디드 하드웨어&펌웨어 엔지니어,시프트다이나믹스,개발·R&D,임베디드/펌웨어,임베디드/펌웨어,경기,성남시,높음,중간,경력,5.0,,대졸,면접후결정,,,정규직,13,,1,시프트다이나믹스(주),경기 성남시 수정구,경력5년↑,대졸↑,,면접 후 결정,비행제어기·임베디드 제어용 커스텀 보드 설계; MCU 펌웨어와 Embedded Linux 개발,,사람인,https://www.saramin.co.kr/zf_user/jobs/relay/view?view_type=search&rec_idx=54742633&location=ts&searchword=%EB%93%9C%EB%A1%A0&searchType=search&paid_fl=n&search_uuid=00dfea56-5a93-476f-8eb1-5072f66504f2
SAR_54742673,Perception Engineer,시프트다이나믹스,개발·R&D,AI/컴퓨터비전,AI/컴퓨터비전,경기,성남시,높음,중간,경력,3.0,,대졸,면접후결정,,,정규직,11,,1,시프트다이나믹스(주),경기 성남시 수정구,경력3년↑,대졸↑,,면접 후 결정,무인비행체 카메라·LiDAR 기반 표적 탐지·추적 알고리즘 개발; 드론 탑재 Jetson 환경 최적화,,사람인,https://www.saramin.co.kr/zf_user/jobs/relay/view?view_type=search&rec_idx=54742673&location=ts&searchword=%EB%93%9C%EB%A1%A0&searchType=search&paid_fl=n&search_uuid=00dfea56-5a93-476f-8eb1-5072f66504f2
SAR_54770502,"프리랜서 강사 모집(AI, 코딩, 로봇, 드론, 논술, 블록)",와이즈교육,운용·서비스,드론조종/운영,드론조종/운영,부산,해운대구,중간,중간,무관,,,초대졸,불명,,,프리랜서,1,,1,(주)와이즈교육,부산 해운대구,경력무관,초대졸↑,,,프리랜서 강사,검색결과 카드에서 확인; 상세 자격조건 미확인,사람인,https://www.saramin.co.kr/zf_user/jobs/relay/view?view_type=search&rec_idx=54770502&location=ts&searchword=%EB%93%9C%EB%A1%A0&searchType=search&paid_fl=n&search_uuid=1140ba88-2c6e-4ad8-8abb-b2fbb48b31d5
SAR_54773198,[네패르(주)] 드론 FC 검증 및 비행 테스트 전문가 채용,네패르,개발·R&D,비행제어/자율비행,비행제어/자율비행,경기,과천시,높음,높음,경력,3.0,,대졸,면접후결정,,,정규직,7,재공고 후보,1,네패르주식회사,경기 과천시,경력 3년 ↑,대졸(4년제) 이상(예정자 가능),"학력: 학사 이상 (전자공학, 제어계측, 항공우주 등 관련 전공) | 무인비행장치 관련 자격증(드론 조종 자격) 소지자 (교통안전공단)",면접 후 결정,"드론 FC(Flight Controller) 하드웨어/소프트웨어 기능 검증 및 테스트; 필드(Field) 비행 테스트 주도 및 데이터 분석; FC 제품의 문제점 분석(Debug), 로그 분석 및 성능 최적화 업무; 고객사 요구사항에 따른 맞춤형 FC 튜닝 및 기술 지원",동일 기업·동일 제목이나 사람인 공고ID가 달라 재공고 가능성으로 유지,사람인,https://www.saramin.co.kr/zf_user/jobs/relay/view?view_type=search&rec_idx=54773198&location=ts&searchword=%EB%93%9C%EB%A1%A0&searchType=search&paid_fl=n&search_uuid=e4f73fea-3c0a-4dd3-8cbe-95493b462b62
SAR_54781970,드론측량·3D스캔 전문인력 채용,대용,운용·서비스,GIS/측량/공간정보,GIS/측량/공간정보,경기,부천시,높음,높음,경력,1.0,,고졸,면접후결정,,,정규직,9,,1,주식회사 대용,경기 부천시,경력1년↑,고졸↑,,면접 후 결정,드론(UAV) 항공촬영 및 현장측량; RTK/PPK 기반 드론측량; GCP 및 검사점 측량; 드론 촬영계획 및 비행계획 수립,,사람인,https://www.saramin.co.kr/zf_user/jobs/relay/view?view_type=search&rec_idx=54781970&location=ts&searchword=%EB%93%9C%EB%A1%A0&searchType=search&paid_fl=n&search_uuid=fac25325-6acf-4bfe-8e37-632f5645857a
SAR_54782418,드론 개발/전장 담당,나르마,개발·R&D,HW/전자,HW/전자,대전,유성구,높음,중간,경력,10.0,,대졸,면접후결정,,,정규직,14,,1,(주)나르마,대전 유성구,경력 10년 ↑,대졸(4년제) 이상,"학력: 학사(4년제) 이상 (전자/전기공학, 제어계측, 항공우주, 기계공학 등 관련 전공)",면접 후 결정,"드론 전장 시스템 설계 및 통합; FC(Flight Controller), PDB, ESC, 모터, 센서, 통신 모듈 등 전장 부품 선정 및 시스템 인티그레이션; 와이어링 하네스(Wiring Harness) 설계, 배선 작업 및 기체 내 전장 패키징; 시작품 제작 및 하드웨어 트러블슈팅",상단 경력 10년 이상과 상세 직무 경력 3년 이상 상충,사람인,https://www.saramin.co.kr/zf_user/jobs/relay/view?view_type=search&rec_idx=54782418&location=ts&searchword=%EB%93%9C%EB%A1%A0&searchType=search&paid_fl=n&search_uuid=e4f73fea-3c0a-4dd3-8cbe-95493b462b62
SAR_54782754,아주실업(주) 무인표적기 연구개발·제작·운용 엔지니어 채용 공고,아주실업,개발·R&D,연구개발,,경기,용인시,높음,중간,무관,,,초대졸,면접후결정,,,정규직,3,,1,아주실업(주),경기 용인시 처인구,경력무관,초대졸↑,,면접 후 결정,무인표적기 직접 제작·점검·시험; 군 사격훈련 현장 운용 결과를 연구개발에 반영,,사람인,https://www.saramin.co.kr/zf_user/jobs/relay/view?view_type=search&rec_idx=54782754&location=ts&searchword=%EB%93%9C%EB%A1%A0&searchType=search&paid_fl=n&search_uuid=00dfea56-5a93-476f-8eb1-5072f66504f2
SAR_54786041,드론 및 측량관련 업무 담당 구인공고,연안관리기술연구소,운용·서비스,GIS/측량/공간정보,GIS/측량/공간정보,전남,무안군,높음,높음,경력,1.0,,초대졸,면접후결정,,,정규직,1,,1,(주)연안관리기술연구소,전남광주 무안군,경력 1년 ↑,"대졸(2,3년제) 이상(예정자 가능)",,면접 후 결정,해양관련 측량업무 담당; 드론 운영; 기타현장조사 지원업무,,사람인,https://www.saramin.co.kr/zf_user/jobs/relay/view?view_type=search&rec_idx=54786041&location=ts&searchword=%EB%93%9C%EB%A1%A0&searchType=search&paid_fl=n&search_uuid=e4f73fea-3c0a-4dd3-8cbe-95493b462b62
SAR_54787231,드론 운용 엔지니어(Drone Operation Engineer),데이터디자인엔지니어링,운용·서비스,드론조종/운영,드론조종/운영,서울,구로구,높음,중간,무관,,,대졸,회사내규/협의,,,정규직,3,교차플랫폼 통합,1,(주)데이터디자인엔지니어링,서울 구로구,경력무관,대졸↑,,회사 내규에 따름 (면접 후 결정),드론 운용 엔지니어(Drone Operation Engineer),검색결과 카드에서 확인; 상세 자격조건 미확인; 동일 기업·동일 공고제목·동일 지역의 교차 플랫폼 공고 통합,사람인,https://www.saramin.co.kr/zf_user/jobs/relay/view?view_type=search&rec_idx=54787231&location=ts&searchword=%EB%93%9C%EB%A1%A0&searchType=search&paid_fl=n&search_uuid=e4f73fea-3c0a-4dd3-8cbe-95493b462b62
SAR_54794551,(드론/무인기) 제작 및 비행 담당자 모집 (경력),그리폰다이나믹스,운용·서비스,드론조종/운영,드론조종/운영,대구,수성구,높음,높음,경력,1.0,10.0,고졸,면접후결정,,,정규직,4,,1,(주)그리폰다이나믹스,대구 수성구 (재택근무 가능),경력 1~10년,고교졸업 이상,,면접 후 결정,대형 드론 조립 및 셋팅 업무; 대형 드론 조종자 업무,,사람인,https://www.saramin.co.kr/zf_user/jobs/relay/view?view_type=search&rec_idx=54794551&location=ts&searchword=%EB%93%9C%EB%A1%A0&searchType=search&paid_fl=n&search_uuid=e4f73fea-3c0a-4dd3-8cbe-95493b462b62
SAR_54799206,[무인항공기(드론)] UAV 체계종합·PX4 야전대응 경력직 채용,다온아이앤씨,개발·R&D,연구개발,,경기,광명시,높음,중간,경력,7.0,,대졸,불명,,,계약직,4,,1,(주)다온아이앤씨,경기 광명시,경력7년↑,대졸↑,,,UAV 체계종합·PX4 야전대응 경력직,검색결과 카드에서 확인; 상세 자격조건 미확인,사람인,https://www.saramin.co.kr/zf_user/jobs/relay/view?view_type=search&rec_idx=54799206&location=ts&searchword=%EB%93%9C%EB%A1%A0&searchType=search&paid_fl=n&search_uuid=e4f73fea-3c0a-4dd3-8cbe-95493b462b62
SAR_54801514,드론메이커스(주)에서 산업용 드론 R&D를 함께해요,드론메이커스,개발·R&D,연구개발,,서울,광진구,높음,높음,무관,,,학력무관,연봉,3000.0,,정규직,6,,1,드론메이커스(주),서울 광진구,경력무관(신입포함),학력무관,,"연봉 3,000 만원 (주 40시간)",산업용 드론 기체 설계·개발해요; 비행 시험 수행해요; 비행 용역 비행을 수행해요,,사람인,https://www.saramin.co.kr/zf_user/jobs/relay/view?view_type=search&rec_idx=54801514&location=ts&searchword=%EB%93%9C%EB%A1%A0&searchType=search&paid_fl=n&search_uuid=e4f73fea-3c0a-4dd3-8cbe-95493b462b62
SAR_54802679,[드론/기계 R&D] 나무 심는 드론 하드웨어 엔지니어,미온포레스트(MiONForestCorp.),개발·R&D,기구/기계설계,드론 페이로드·기구 설계,서울,강남구,높음,높음,경력,1.0,20.0,대졸,면접후결정,,,계약직,17,,1,주식회사미온포레스트(MiONForestCorp.),서울 강남구,경력 1~20년,대졸(4년제) 이상,"[필수] 공학계열(기계공학, 메카트로닉스, 로봇공학, 항공우주공학, 전기전자 등) 학사 이상 학위 소지자 (※ 기업부설연구소 연구원 등록 필수 요건) • [필수] 3D CAD(SolidWorks, Fusion360, Inventor 등)를 활용한 기구 설계 역량 • 에어컨 나오는 사무실보다 흙먼지 날리는 현장(Field)에서 본인이 직접 조립한 기체가 작동하는 것을 볼 때 피가 끓는 야성과 실행력을 갖춘 분",면접 후 결정,드론 페이로드·투하장치 기구 설계; 시제품 제조·조립; 현장 비행·결함 개선,,사람인,https://www.saramin.co.kr/zf_user/jobs/relay/view?view_type=search&rec_idx=54802679&location=ts&searchword=%EB%93%9C%EB%A1%A0&searchType=search&paid_fl=n&search_uuid=e4f73fea-3c0a-4dd3-8cbe-95493b462b62
SAR_54805687,[K-드론 혁신기업] (주)프리뉴 생산기술팀 경력 채용,프리뉴,생산·품질,생산/제조,생산/제조,경기,안산시,중간,높음,경력,3.0,,초대졸,면접후결정,,,정규직,5,,1,(주)프리뉴,경기 안산시 단원구,경력 3년 ↑,"대졸(2,3년제) 이상",,면접 후 결정,멀티콥터/고정익 비행기의 생산 part; 멀티콥터/고정익 비행기의 테스트 part; 멀티콥터/고정익 비행기의 생산/시험 데이터 기록 및 관리; 생산 공정 관리 및 작업 표준 준수,,사람인,https://www.saramin.co.kr/zf_user/jobs/relay/view?view_type=search&rec_idx=54805687&location=ts&searchword=%EB%93%9C%EB%A1%A0&searchType=search&paid_fl=n&search_uuid=e4f73fea-3c0a-4dd3-8cbe-95493b462b62
SAR_54812157,평택전자회사 드론조립 좌식근무 주간근무 스크류조립 통근버스,선우,생산·품질,생산/제조,생산/제조,경기,평택시,높음,중간,무관,,,학력무관,금액표기(유형불명),,,"계약직, 무기계약직",2,,1,주식회사 선우,경기 평택시,경력무관,학력무관,,300 만원,평택전자회사 드론조립 좌식근무 주간근무 스크류조립 통근버스,검색결과 카드에서 확인; 상세 자격조건 미확인,사람인,https://www.saramin.co.kr/zf_user/jobs/relay/view?view_type=search&rec_idx=54812157&location=ts&searchword=%EB%93%9C%EB%A1%A0&searchType=search&paid_fl=n&search_uuid=1140ba88-2c6e-4ad8-8abb-b2fbb48b31d5
SAR_54813336,드론촬영 데이터 후처리 담당자 모집,제이와이시스템,운용·서비스,GIS/측량/공간정보,GIS/측량/공간정보,경기,성남시,높음,높음,무관,,,대졸,면접후결정,,,계약직,7,교차플랫폼 통합,1,(주)제이와이시스템,"경기 성남시 중원구, 성남시",경력무관(신입포함),대졸(4년제) 이상(예정자 가능),,면접 후 결정,드론 촬영 데이터(항공사진) 후처리 및 파일 관리; 드론 비행 지원,원본 요약 텍스트 확인; 이미지형 상세요강이나 미표시 자격조건은 확인 불가; 동일 기업·동일 공고제목·동일 지역의 교차 플랫폼 공고 통합,사람인,https://www.saramin.co.kr/zf_user/jobs/relay/view?view_type=search&rec_idx=54813336&location=ts&searchword=%EB%93%9C%EB%A1%A0&searchType=search&paid_fl=n&search_uuid=e4f73fea-3c0a-4dd3-8cbe-95493b462b62
SAR_54815550,[해외영업] 드론사업부문 통합엔지니어 모집,케이테크,사업·기획,영업/사업개발,영업/사업개발,경남,진주시,높음,중간,경력,3.0,,학력무관,금액표기(유형불명),,,정규직,1,,1,케이테크 주식회사,경남 진주시,경력3년↑,학력무관,,"3,500 만원",드론사업부문 통합엔지니어,검색결과 카드에서 확인; 상세 자격조건 미확인,사람인,https://www.saramin.co.kr/zf_user/jobs/relay/view?view_type=search&rec_idx=54815550&location=ts&searchword=%EB%93%9C%EB%A1%A0&searchType=search&paid_fl=n&search_uuid=1140ba88-2c6e-4ad8-8abb-b2fbb48b31d5
SAR_54823087,(주)코세코 산업용 DJI 드론 기술영업 담당자 모집(경력/신입),코세코,사업·기획,영업/사업개발,영업/사업개발,서울,양천구,높음,높음,신입·경력,0.0,,초대졸,면접후결정,,,정규직,5,,1,(주)코세코,서울 양천구,신입·경력,초대졸↑,,면접 후 결정,산업용 드론 제품 기술 상담을 담당합니다; 고객 요구에 맞춘 솔루션 제안을 수행합니다; 시장 조사 및 신규 고객 발굴을 진행합니다; 고객과의 지속적인 관계 유지를 관리합니다,,사람인,https://www.saramin.co.kr/zf_user/jobs/relay/view?view_type=search&rec_idx=54823087&location=ts&searchword=%EB%93%9C%EB%A1%A0&searchType=search&paid_fl=n&search_uuid=fac25325-6acf-4bfe-8e37-632f5645857a
SAR_54834065,DJI 농업용드론 영업담당자 모집,디제이아이테크놀로지코리아,사업·기획,영업/사업개발,영업/사업개발,서울,강서구,높음,중간,신입·경력,0.0,,대졸,불명,,,"계약직, 정규직",3,,1,디제이아이테크놀로지코리아(유),서울 강서구,신입·경력,대졸↑,,,DJI 농업용드론 영업,검색결과 카드에서 확인; 상세 자격조건 미확인,사람인,https://www.saramin.co.kr/zf_user/jobs/relay/view?view_type=search&rec_idx=54834065&location=ts&searchword=%EB%93%9C%EB%A1%A0&searchType=search&paid_fl=n&search_uuid=fac25325-6acf-4bfe-8e37-632f5645857a
SAR_54834503,드론 및 3D 프린팅 전문가를 찾습니다.,라이트모형,기타,기타,드론·3D 프린팅 전문가,부산,강서구,높음,중간,무관,,,학력무관,금액표기(유형불명),,,정규직,2,,1,(주)라이트모형,부산 강서구,경력무관,학력무관,,"2,640 만원",드론 및 3D 프린팅 전문가를 찾습니다.,검색결과 카드에서 확인; 상세 자격조건 미확인,사람인,https://www.saramin.co.kr/zf_user/jobs/relay/view?view_type=search&rec_idx=54834503&location=ts&searchword=%EB%93%9C%EB%A1%A0&searchType=search&paid_fl=n&search_uuid=1140ba88-2c6e-4ad8-8abb-b2fbb48b31d5
SAR_54841559,신세계백화점 사우스시티점 DJI 드론ARS 공식스토어 정직원 채용,게이트비젼,사업·기획,영업/사업개발,영업/사업개발,경기,용인시,높음,중간,무관,,,학력무관,불명,,,정규직,3,,1,게이트비젼(주),경기 용인시 수지구,경력무관,학력무관,,,신세계백화점 사우스시티점 DJI 드론ARS 공식스토어 정직원,검색결과 카드에서 확인; 상세 자격조건 미확인,사람인,https://www.saramin.co.kr/zf_user/jobs/relay/view?view_type=search&rec_idx=54841559&location=ts&searchword=%EB%93%9C%EB%A1%A0&searchType=search&paid_fl=n&search_uuid=fac25325-6acf-4bfe-8e37-632f5645857a
SAR_54842647,[게이트비젼 본사] DJI 매장 관리 트레이너 구인,게이트비젼,사업·기획,영업/사업개발,영업/사업개발,서울,강남구,높음,중간,경력,5.0,,초대졸,불명,,,정규직,2,,1,게이트비젼(주),서울 강남구,경력5년↑,초대졸↑,,,DJI 매장 관리 트레이너 구인,검색결과 카드에서 확인; 상세 자격조건 미확인,사람인,https://www.saramin.co.kr/zf_user/jobs/relay/view?view_type=search&rec_idx=54842647&location=ts&searchword=%EB%93%9C%EB%A1%A0&searchType=search&paid_fl=n&search_uuid=8097d250-43b3-4a71-88b2-f5db61abd03c
SAR_54855139,무인항공기 개발·비행 연구원 채용합니다.,단디(Dandi),개발·R&D,연구개발,,경북,구미시,높음,중간,무관,,,초대졸,불명,,,정규직,1,,1,단디(Dandi),경북 구미시,경력무관,초대졸↑,,,무인항공기 개발·비행 연구원,검색결과 카드에서 확인; 상세 자격조건 미확인,사람인,https://www.saramin.co.kr/zf_user/jobs/relay/view?view_type=search&rec_idx=54855139&location=ts&searchword=%EB%93%9C%EB%A1%A0&searchType=search&paid_fl=n&search_uuid=2cf8010e-2b72-4def-88ee-91764d84e6dd
SAR_54855373,[둠둠] 드론 백엔드 개발자 (1년 이상),둠둠,개발·R&D,SW개발,SW개발,경기,하남시,높음,중간,경력,2.0,7.0,대졸,불명,,,계약직,1,,1,둠둠(주),경기 하남시,경력 2~7년,대졸↑,,,드론 백엔드 개발자 (1년 이상),검색결과 카드에서 확인; 상세 자격조건 미확인,사람인,https://www.saramin.co.kr/zf_user/jobs/relay/view?view_type=search&rec_idx=54855373&location=ts&searchword=%EB%93%9C%EB%A1%A0&searchType=search&paid_fl=n&search_uuid=e4f73fea-3c0a-4dd3-8cbe-95493b462b62
SAR_54868174,[개발부문]기구설계 엔지니어(13~20년),니어스랩,개발·R&D,기구/기계설계,기구/기계설계,서울,송파구,중간,낮음,경력,13.0,20.0,고졸,불명,,,정규직,6,,1,(주)니어스랩,서울 송파구,경력 13~20년,고졸↑,,,,검색 카드의 직무 범주 또는 드론 기업의 제품 직무를 근거로 선별; 상세 업무 미검증; 주요업무 본문 미확인; 검색 카드의 직무 범주 또는 드론 기업의 제품 직무를 근거로 선별; 상세 업무 미검증; 주요업무 본문 미확인; 기존 사람인 CSV의 동일 공고 ID 값 대조; keyword에 검색 카드 직무 태그 포함; 요구역량과 구분 필요,사람인,https://www.saramin.co.kr/zf_user/jobs/relay/view?view_type=search&rec_idx=54868174&location=ts&searchword=%EB%93%9C%EB%A1%A0&searchType=search&paid_fl=n&search_uuid=fac25325-6acf-4bfe-8e37-632f5645857a
SAR_54868194,[개발부문] 기구설계 엔지니어 (5~12년),니어스랩,개발·R&D,기구/기계설계,드론 기체·장비 기구설계,서울,송파구,높음,높음,경력,5.0,12.0,고졸,불명,,,정규직,12,,1,(주)니어스랩,서울 송파구,경력 5~12년,고졸↑,,,드론 기체와 관련 장비 기계·기구설계; 제작·수정 지그 설계; 양산 제품 고도화,기존 사람인 CSV의 동일 공고 ID 값 대조; keyword에 검색 카드 직무 태그 포함; 요구역량과 구분 필요,사람인,https://www.saramin.co.kr/zf_user/jobs/relay/view?view_type=search&rec_idx=54868194&location=ts&searchword=%EB%8B%88%EC%96%B4%EC%8A%A4%EB%9E%A9+%EB%93%9C%EB%A1%A0&searchType=search&paid_fl=n&search_uuid=3348b6ac-bb0d-42ba-98b0-af1947aad547
SAR_54868217,[개발부문] 전장 엔지니어 (5~9년),니어스랩,개발·R&D,HW/전자,HW/전자,서울,송파구,중간,낮음,경력,5.0,9.0,고졸,불명,,,정규직,6,,1,(주)니어스랩,서울 송파구,경력 5~9년,고졸↑,,,,검색 카드의 직무 범주 또는 드론 기업의 제품 직무를 근거로 선별; 상세 업무 미검증; 주요업무 본문 미확인; 검색 카드의 직무 범주 또는 드론 기업의 제품 직무를 근거로 선별; 상세 업무 미검증; 주요업무 본문 미확인; 기존 사람인 CSV의 동일 공고 ID 값 대조; keyword에 검색 카드 직무 태그 포함; 요구역량과 구분 필요,사람인,https://www.saramin.co.kr/zf_user/jobs/relay/view?view_type=search&rec_idx=54868217&location=ts&searchword=%EB%93%9C%EB%A1%A0&searchType=search&paid_fl=n&search_uuid=fac25325-6acf-4bfe-8e37-632f5645857a
SAR_54868236,"항공/로보틱스 엔지니어 (UAV, 7~20년)",니어스랩,개발·R&D,연구개발,,서울,송파구,높음,중간,경력,7.0,20.0,고졸,불명,,,정규직,6,,1,(주)니어스랩,서울 송파구,경력 7~20년,고졸↑,,,"항공/로보틱스 엔지니어 (UAV, 7~20년)",검색결과 카드에서 확인; 상세 자격조건 미확인; 검색결과 카드에서 확인; 상세 자격조건 미확인; 기존 사람인 CSV의 동일 공고 ID 값 대조; keyword에 검색 카드 직무 태그 포함; 요구역량과 구분 필요; 검색 대상 기업명과 실제 공고 기업명 상이; 검색결과 카드에서 확인; 상세 자격조건 미확인; 기존 사람인 CSV의 동일 공고 ID 값 대조; keyword에 검색 카드 직무 태그 포함; 요구역량과 구분 필요; 동일 공고가 복수 기업 검색어에 노출,사람인,https://www.saramin.co.kr/zf_user/jobs/relay/view?view_type=search&rec_idx=54868236&location=ts&searchword=%EB%93%9C%EB%A1%A0&searchType=search&paid_fl=n&search_uuid=fac25325-6acf-4bfe-8e37-632f5645857a
SAR_54868383,"항공 및 로보틱스 엔지니어(SW, 3~6년)",니어스랩,개발·R&D,SW개발,SW개발,서울,송파구,중간,낮음,경력,3.0,6.0,고졸,불명,,,정규직,5,,1,(주)니어스랩,서울 송파구,경력 3~6년,고졸↑,,,,검색 카드의 직무 범주 또는 드론 기업의 제품 직무를 근거로 선별; 상세 업무 미검증; 주요업무 본문 미확인; 기존 사람인 CSV의 동일 공고 ID 값 대조; keyword에 검색 카드 직무 태그 포함; 요구역량과 구분 필요; 검색 대상 기업명과 실제 공고 기업명 상이; 검색 카드의 직무 범주 또는 드론 기업의 제품 직무를 근거로 선별; 상세 업무 미검증; 주요업무 본문 미확인; 기존 사람인 CSV의 동일 공고 ID 값 대조; keyword에 검색 카드 직무 태그 포함; 요구역량과 구분 필요; 동일 공고가 복수 기업 검색어에 노출; 검색 카드의 직무 범주 또는 드론 기업의 제품 직무를 근거로 선별; 상세 업무 미검증; 주요업무 본문 미확인,사람인,https://www.saramin.co.kr/zf_user/jobs/relay/view?view_type=search&rec_idx=54868383&location=ts&searchword=%ED%95%9C%EA%B5%AD%ED%95%AD%EA%B3%B5%EC%9A%B0%EC%A3%BC%EC%82%B0%EC%97%85%28KAI%29+%EB%93%9C%EB%A1%A0&searchType=search&paid_fl=n&search_uuid=a2d29763-6354-48c1-9e02-d7212b5cc593
SAR_54868408,"항공/로보틱스 엔지니어 (UAV, 3~6년)",니어스랩,개발·R&D,연구개발,,서울,송파구,높음,중간,경력,3.0,6.0,고졸,불명,,,정규직,6,,1,(주)니어스랩,서울 송파구,경력 3~6년,고졸↑,,,"항공/로보틱스 엔지니어 (UAV, 3~6년)",검색결과 카드에서 확인; 상세 자격조건 미확인; 검색결과 카드에서 확인; 상세 자격조건 미확인; 기존 사람인 CSV의 동일 공고 ID 값 대조; keyword에 검색 카드 직무 태그 포함; 요구역량과 구분 필요; 검색 대상 기업명과 실제 공고 기업명 상이; 검색결과 카드에서 확인; 상세 자격조건 미확인; 기존 사람인 CSV의 동일 공고 ID 값 대조; keyword에 검색 카드 직무 태그 포함; 요구역량과 구분 필요; 동일 공고가 복수 기업 검색어에 노출,사람인,https://www.saramin.co.kr/zf_user/jobs/relay/view?view_type=search&rec_idx=54868408&location=ts&searchword=%EB%93%9C%EB%A1%A0&searchType=search&paid_fl=n&search_uuid=2cf8010e-2b72-4def-88ee-91764d84e6dd
SAR_54868449,무인기(로보틱스) 시스템 엔지니어,니어스랩,개발·R&D,연구개발,,서울,송파구,높음,중간,경력,5.0,,고졸,불명,,,정규직,6,,1,(주)니어스랩,서울 송파구,경력5년↑,고졸↑,,,무인기(로보틱스) 시스템 엔지니어,검색결과 카드에서 확인; 상세 자격조건 미확인; 검색결과 카드에서 확인; 상세 자격조건 미확인; 기존 사람인 CSV의 동일 공고 ID 값 대조; keyword에 검색 카드 직무 태그 포함; 요구역량과 구분 필요,사람인,https://www.saramin.co.kr/zf_user/jobs/relay/view?view_type=search&rec_idx=54868449&location=ts&searchword=%EB%93%9C%EB%A1%A0&searchType=search&paid_fl=n&search_uuid=fac25325-6acf-4bfe-8e37-632f5645857a
SAR_54868472,"항공 및 로보틱스 엔지니어(SW,7~20년)",니어스랩,개발·R&D,SW개발,SW개발,서울,송파구,중간,낮음,경력,7.0,20.0,고졸,불명,,,정규직,5,,1,(주)니어스랩,서울 송파구,경력 7~20년,고졸↑,,,,검색 카드의 직무 범주 또는 드론 기업의 제품 직무를 근거로 선별; 상세 업무 미검증; 주요업무 본문 미확인; 기존 사람인 CSV의 동일 공고 ID 값 대조; keyword에 검색 카드 직무 태그 포함; 요구역량과 구분 필요; 검색 대상 기업명과 실제 공고 기업명 상이; 검색 카드의 직무 범주 또는 드론 기업의 제품 직무를 근거로 선별; 상세 업무 미검증; 주요업무 본문 미확인; 기존 사람인 CSV의 동일 공고 ID 값 대조; keyword에 검색 카드 직무 태그 포함; 요구역량과 구분 필요; 동일 공고가 복수 기업 검색어에 노출; 검색 카드의 직무 범주 또는 드론 기업의 제품 직무를 근거로 선별; 상세 업무 미검증; 주요업무 본문 미확인,사람인,https://www.saramin.co.kr/zf_user/jobs/relay/view?view_type=search&rec_idx=54868472&location=ts&searchword=%ED%95%9C%EA%B5%AD%ED%95%AD%EA%B3%B5%EC%9A%B0%EC%A3%BC%EC%82%B0%EC%97%85%28KAI%29+%EB%93%9C%EB%A1%A0&searchType=search&paid_fl=n&search_uuid=a2d29763-6354-48c1-9e02-d7212b5cc593
SAR_54868483,"항공/로보틱스 엔지니어(GNC, 7~20년)",니어스랩,개발·R&D,비행제어/자율비행,비행제어/자율비행,서울,송파구,높음,중간,경력,7.0,20.0,고졸,불명,,,정규직,6,,1,(주)니어스랩,서울 송파구,경력 7~20년,고졸↑,,,"항공/로보틱스 엔지니어(GNC, 7~20년)",검색결과 카드에서 확인; 상세 자격조건 미확인; 검색결과 카드에서 확인; 상세 자격조건 미확인; 기존 사람인 CSV의 동일 공고 ID 값 대조; keyword에 검색 카드 직무 태그 포함; 요구역량과 구분 필요; 검색 대상 기업명과 실제 공고 기업명 상이; 검색결과 카드에서 확인; 상세 자격조건 미확인; 기존 사람인 CSV의 동일 공고 ID 값 대조; keyword에 검색 카드 직무 태그 포함; 요구역량과 구분 필요; 동일 공고가 복수 기업 검색어에 노출,사람인,https://www.saramin.co.kr/zf_user/jobs/relay/view?view_type=search&rec_idx=54868483&location=ts&searchword=%EB%93%9C%EB%A1%A0&searchType=search&paid_fl=n&search_uuid=fac25325-6acf-4bfe-8e37-632f5645857a
SAR_54868500,"항공/로보틱스 엔지니어(GNC, 3~6년)",니어스랩,개발·R&D,비행제어/자율비행,비행제어/자율비행,서울,송파구,높음,중간,경력,3.0,6.0,고졸,불명,,,정규직,6,,1,(주)니어스랩,서울 송파구,경력 3~6년,고졸↑,,,"항공/로보틱스 엔지니어(GNC, 3~6년)",검색결과 카드에서 확인; 상세 자격조건 미확인; 검색결과 카드에서 확인; 상세 자격조건 미확인; 기존 사람인 CSV의 동일 공고 ID 값 대조; keyword에 검색 카드 직무 태그 포함; 요구역량과 구분 필요; 검색 대상 기업명과 실제 공고 기업명 상이; 검색결과 카드에서 확인; 상세 자격조건 미확인; 기존 사람인 CSV의 동일 공고 ID 값 대조; keyword에 검색 카드 직무 태그 포함; 요구역량과 구분 필요; 동일 공고가 복수 기업 검색어에 노출,사람인,https://www.saramin.co.kr/zf_user/jobs/relay/view?view_type=search&rec_idx=54868500&location=ts&searchword=%EB%93%9C%EB%A1%A0&searchType=search&paid_fl=n&search_uuid=2cf8010e-2b72-4def-88ee-91764d84e6dd
SAR_54868521,[개발부문] 구조/공력 엔지니어,니어스랩,개발·R&D,기구/기계설계,기구/기계설계,서울,송파구,중간,낮음,경력,5.0,,고졸,불명,,,정규직,5,,1,(주)니어스랩,서울 송파구,경력5년↑,고졸↑,,,,검색 카드의 직무 범주 또는 드론 기업의 제품 직무를 근거로 선별; 상세 업무 미검증; 주요업무 본문 미확인; 기존 사람인 CSV의 동일 공고 ID 값 대조; keyword에 검색 카드 직무 태그 포함; 요구역량과 구분 필요; 검색 대상 기업명과 실제 공고 기업명 상이; 검색 카드의 직무 범주 또는 드론 기업의 제품 직무를 근거로 선별; 상세 업무 미검증; 주요업무 본문 미확인; 기존 사람인 CSV의 동일 공고 ID 값 대조; keyword에 검색 카드 직무 태그 포함; 요구역량과 구분 필요; 동일 공고가 복수 기업 검색어에 노출; 검색 카드의 직무 범주 또는 드론 기업의 제품 직무를 근거로 선별; 상세 업무 미검증; 주요업무 본문 미확인,사람인,https://www.saramin.co.kr/zf_user/jobs/relay/view?view_type=search&rec_idx=54868521&location=ts&searchword=%ED%95%9C%EA%B5%AD%ED%95%AD%EA%B3%B5%EC%9A%B0%EC%A3%BC%EC%82%B0%EC%97%85%28KAI%29+%EB%93%9C%EB%A1%A0&searchType=search&paid_fl=n&search_uuid=a2d29763-6354-48c1-9e02-d7212b5cc593
SAR_54868554,[개발부문] 전장 엔지니어 (10~20년),니어스랩,개발·R&D,HW/전자,HW/전자,서울,송파구,중간,낮음,경력,10.0,20.0,고졸,불명,,,정규직,6,,1,(주)니어스랩,서울 송파구,경력 10~20년,고졸↑,,,,검색 카드의 직무 범주 또는 드론 기업의 제품 직무를 근거로 선별; 상세 업무 미검증; 주요업무 본문 미확인; 검색 카드의 직무 범주 또는 드론 기업의 제품 직무를 근거로 선별; 상세 업무 미검증; 주요업무 본문 미확인; 기존 사람인 CSV의 동일 공고 ID 값 대조; keyword에 검색 카드 직무 태그 포함; 요구역량과 구분 필요,사람인,https://www.saramin.co.kr/zf_user/jobs/relay/view?view_type=search&rec_idx=54868554&location=ts&searchword=%EB%93%9C%EB%A1%A0&searchType=search&paid_fl=n&search_uuid=fac25325-6acf-4bfe-8e37-632f5645857a
SAR_54879406,드론 연구개발 정규직 채용- 경력무관,캣츠,운용·서비스,드론조종/운영,드론조종/운영,강원,원주시,높음,중간,무관,,,학력무관,면접후결정,,,정규직,4,,1,캣츠,강원 원주시,경력무관(신입포함),학력무관(예정자 가능),,면접 후 결정,드론 조종 및 제작 정비 (기타 연구개발),채용대행 공고일 수 있으며 실제 근무기업 미확인; 화면 상단 이전 공고 잔여 요소 제외하고 현재 공고 본문만 사용,사람인,https://www.saramin.co.kr/zf_user/jobs/relay/view?view_type=search&rec_idx=54879406&location=ts&searchword=%EB%93%9C%EB%A1%A0&searchType=search&paid_fl=n&search_uuid=e4f73fea-3c0a-4dd3-8cbe-95493b462b62
SAR_54881233,기술혁신연구소 드론 프로그램 및 사업개발업무 담당자 채용,유아이헬리콥터,개발·R&D,SW개발,SW개발,충남,예산군,높음,중간,무관,,,초대졸,면접후결정,,,정규직,7,,1,(주)유아이헬리콥터,충남 예산군,경력무관(신입포함),"대졸(2,3년제) 이상","컴퓨터 공학, 소프트웨어 공학, 전자 공학 등 관련분야 지식 보유자",면접 후 결정,"드론 프로그램 개발 분야 (신입/경력 각 O명); 드론 운용 및 임무 통제 프로그래밍; GCS, Flight Controller, 통신 프로토콜 연동 프로그래밍; 영상처리, 자율비행, 임무 프로그램 설계 및 개발",프로그램 개발/사업개발 복수 직무; 자격요건 문단에 일부 우대 표기 포함,사람인,https://www.saramin.co.kr/zf_user/jobs/relay/view?view_type=search&rec_idx=54881233&location=ts&searchword=%EB%93%9C%EB%A1%A0&searchType=search&paid_fl=n&search_uuid=e4f73fea-3c0a-4dd3-8cbe-95493b462b62
SAR_54883185,휴머노이드 로봇 액추에이터·드론 전기추진시스템 R&D 및 사업,이파워트레인코리아,개발·R&D,HW/전자,HW/전자,경북,구미시,높음,중간,무관,,,학력무관,면접후결정,,,"계약직, 정규직",6,,1,이파워트레인코리아,경북 구미시,경력무관(신입포함),학력무관,,면접 후 결정,드론 전기추진시스템·모터 설계 및 연구개발,긴 상세요강에서 핵심업무만 요약; 긴 상세요강에서 핵심업무만 요약; 기존 사람인 CSV의 동일 공고 ID 값 대조; keyword에 검색 카드 직무 태그 포함; 요구역량과 구분 필요; 검색 대상 기업명과 실제 공고 기업명 상이,사람인,https://www.saramin.co.kr/zf_user/jobs/relay/view?view_type=search&rec_idx=54883185&location=ts&searchword=%EB%93%9C%EB%A1%A0&searchType=search&paid_fl=n&search_uuid=e4f73fea-3c0a-4dd3-8cbe-95493b462b62
SAR_54890935,[창원] 드론·3D프린터 기술운영 신입 채용,엠지아이티,운용·서비스,드론조종/운영,드론조종/운영,경남,창원시,높음,높음,신입,0.0,,초대졸,연봉,3000.0,,정규직,4,,1,(주)엠지아이티,경남 창원시 의창구,신입,"대졸(2,3년제) 이상",,"연봉 3,000 만원 (주 40시간)","산업용 드론 및 3D프린터 제품 입고·검수·출고; 거래처 제품 납품, 설치 및 기본 사용방법 안내; 드론 테스트비행, 제품 시연 및 교육 지원; 3D프린터 설치, 출력 테스트 및 기본 세팅",,사람인,https://www.saramin.co.kr/zf_user/jobs/relay/view?view_type=search&rec_idx=54890935&location=ts&searchword=%EB%93%9C%EB%A1%A0&searchType=search&paid_fl=n&search_uuid=e4f73fea-3c0a-4dd3-8cbe-95493b462b62
SAR_54897501,대드론 및 통합관제 솔루션 영업,필라넷,사업·기획,영업/사업개발,영업/사업개발,서울,강남구,높음,중간,경력,5.0,15.0,학력무관,불명,,,정규직,4,,1,(주)필라넷,서울 강남구,경력 5~15년,학력무관,,,대드론 및 통합관제 솔루션 영업,검색결과 카드에서 확인; 상세 자격조건 미확인,사람인,https://www.saramin.co.kr/zf_user/jobs/relay/view?view_type=search&rec_idx=54897501&location=ts&searchword=%EB%93%9C%EB%A1%A0&searchType=search&paid_fl=n&search_uuid=8097d250-43b3-4a71-88b2-f5db61abd03c
SAR_54901580,"드림그룹 토목설계, 인허가, 드론업무 각 분야 담당자 채용",드림엔지니어링,운용·서비스,GIS/측량/공간정보,GIS/측량/공간정보,서울,금천구,높음,중간,신입·경력,0.0,,초대졸,불명,,,정규직,1,,1,(주)드림엔지니어링,서울 금천구,신입·경력,초대졸↑,,,"드림그룹 토목설계, 인허가, 드론업무 각 분야",검색결과 카드에서 확인; 상세 자격조건 미확인,사람인,https://www.saramin.co.kr/zf_user/jobs/relay/view?view_type=search&rec_idx=54901580&location=ts&searchword=%EB%93%9C%EB%A1%A0&searchType=search&paid_fl=n&search_uuid=fac25325-6acf-4bfe-8e37-632f5645857a
SAR_54902427,드론 SW/FW 및 자율비행 제어 알고리즘/GUI 개발,모빌리티랩,개발·R&D,비행제어/자율비행,비행제어/자율비행,경기,안산시,높음,높음,신입·경력,0.0,,대졸,면접후결정,,,"계약직, 정규직",4,,1,(주)모빌리티랩,경기 안산시 상록구,신입·경력,대졸↑,"신입 : 관련 학과(컴퓨터공학, 전자공학, 로봇공학, 인공지능 등) 석사 이상인 분",면접 후 결정,자율비행 제어 알고리즘 및 AI 추론 모델(객체 인식/분할/추적/자세/깊이 추정 등) 개발; 하드웨어 아키텍처 설계 및 검증; 프로세스 체계 및 매뉴얼 등 설계 문서를 구체화,,사람인,https://www.saramin.co.kr/zf_user/jobs/relay/view?view_type=search&rec_idx=54902427&location=ts&searchword=%EB%93%9C%EB%A1%A0&searchType=search&paid_fl=n&search_uuid=fac25325-6acf-4bfe-8e37-632f5645857a
SAR_54903531,"측량(지적,측지,GIS,드론)및 GIS DB 구축 직원모집",한토공간기술,운용·서비스,GIS/측량/공간정보,GIS/측량/공간정보,경남,진주시,중간,중간,무관,,,고졸,금액표기(유형불명),,,정규직,2,,1,주식회사 한토공간기술,경남 진주시,경력무관,고졸,,"2,600 만원","측량(지적,측지,GIS,드론)및 GIS DB 구축 직원",검색결과 카드에서 확인; 상세 자격조건 미확인,사람인,https://www.saramin.co.kr/zf_user/jobs/relay/view?view_type=search&rec_idx=54903531&location=ts&searchword=%EB%93%9C%EB%A1%A0&searchType=search&paid_fl=n&search_uuid=1140ba88-2c6e-4ad8-8abb-b2fbb48b31d5
SAR_54916355,"드론, VTOL 제작원 모집 공고",아스트로엑스,생산·품질,생산/제조,생산/제조,경기,김포시,높음,높음,신입·경력,,,초대졸,면접후결정,,,"계약직, 정규직",5,,1,(주)아스트로엑스,경기 김포시,신입·경력 2년 ↑,"대졸(2,3년제) 이상(예정자 가능)",,면접 후 결정,"탄소복합재(CFRP) 기체 제작; 드론 무인항공기(드론, PAV) 조립 생산; 전자부품 및 와이어링하네스 납땜 조립; 지상 및 비행 테스트 지원",신입·경력 혼합 조건으로 경력최소년/최대년 미산정,사람인,https://www.saramin.co.kr/zf_user/jobs/relay/view?view_type=search&rec_idx=54916355&location=ts&searchword=%EB%93%9C%EB%A1%A0&searchType=search&paid_fl=n&search_uuid=e4f73fea-3c0a-4dd3-8cbe-95493b462b62
SAR_54916362,"드론, VTOL 개발자 모집 공고",아스트로엑스,개발·R&D,기구/기계설계,기구/기계설계,경기,김포시,높음,높음,신입·경력,,,초대졸,면접후결정,,,"계약직, 정규직",5,,1,(주)아스트로엑스,경기 김포시,신입·경력 2년 ↑,"대졸(2,3년제) 이상(예정자 가능)",,면접 후 결정,"드론(멀티콥터 또는 고정익, VTOL) 기체 설계, 해석; 지상 및 비행 테스트 지원; 기체 제작 기술 지원",신입·경력 혼합 조건으로 경력최소년/최대년 미산정,사람인,https://www.saramin.co.kr/zf_user/jobs/relay/view?view_type=search&rec_idx=54916362&location=ts&searchword=%EB%93%9C%EB%A1%A0&searchType=search&paid_fl=n&search_uuid=e4f73fea-3c0a-4dd3-8cbe-95493b462b62
SAR_54918825,드론(무인기) 복합재 제작 생산직 (경력/신입) 채용,유콘시스템,생산·품질,생산/제조,생산/제조,대전,유성구,중간,높음,신입·경력,0.0,,학력무관,면접후결정,,,계약직,6,,1,유콘시스템(주),대전 유성구,신입·경력,학력무관,,면접 후 결정,복합재 무인기 기체 및 부품 제작·생산; 에폭시 적층/성형/가공/도장 등,기존 사람인 CSV의 동일 공고 ID 값 대조; keyword에 검색 카드 직무 태그 포함; 요구역량과 구분 필요,사람인,https://www.saramin.co.kr/zf_user/jobs/relay/view?view_type=search&rec_idx=54918825&location=ts&searchword=%EC%9C%A0%EC%BD%98%EC%8B%9C%EC%8A%A4%ED%85%9C+%EB%93%9C%EB%A1%A0&searchType=search&paid_fl=n&search_uuid=b6882b4c-f284-4114-9e73-20ebf1a1c584
SAR_54919618,지오랩스(주) 드론영상 건물 3D 모델링 계약직 채용,지오랩스,운용·서비스,GIS/측량/공간정보,GIS/측량/공간정보,경기,김포시,높음,중간,무관,,,고졸,불명,,,계약직,1,,1,지오랩스(주),경기 김포시,경력무관,고졸↑,,,지오랩스(주) 드론영상 건물 3D 모델링 계약직,검색결과 카드에서 확인; 상세 자격조건 미확인,사람인,https://www.saramin.co.kr/zf_user/jobs/relay/view?view_type=search&rec_idx=54919618&location=ts&searchword=%EB%93%9C%EB%A1%A0&searchType=search&paid_fl=n&search_uuid=fac25325-6acf-4bfe-8e37-632f5645857a
SAR_54923547,무인항공기 연구개발 부문 채용,단디(Dandi),개발·R&D,연구개발,,경북,구미시,높음,높음,무관,,,대졸,금액표기(유형불명),,,정규직,6,,1,단디(Dandi),경북 구미시,경력무관,대졸↑,무인항공기 관련 분야 전공자,"3,500 만원",무인항공기 및 드론 시스템 연구개발; 무인항공기 설계 및 구조 설계; 비행제어 및 시스템 개발; 비행제어장치 및 각종 센서 연동,,사람인,https://www.saramin.co.kr/zf_user/jobs/relay/view?view_type=search&rec_idx=54923547&location=ts&searchword=%EB%93%9C%EB%A1%A0&searchType=search&paid_fl=n&search_uuid=2cf8010e-2b72-4def-88ee-91764d84e6dd
SAR_54923648,"무인항공기 조립, 수리 및 조종 업무 직원 채용",단디(Dandi),운용·서비스,정비,정비,경북,구미시,높음,높음,무관,,,초대졸,면접후결정,,,정규직,2,,1,단디(Dandi),경북 구미시,경력무관,초대졸↑,,면접 후 결정,"드론 조립 및 셋팅; 드론 테스트 비행; 드론 조종사 전반적인 업무; 비행 테스트, 결과 보고서 작성",,사람인,https://www.saramin.co.kr/zf_user/jobs/relay/view?view_type=search&rec_idx=54923648&location=ts&searchword=%EB%93%9C%EB%A1%A0&searchType=search&paid_fl=n&search_uuid=00dfea56-5a93-476f-8eb1-5072f66504f2
SAR_54926472,"BCDenc 드론 조종(비행운용, 기술개발 엔지니어) 모집",비씨디이엔씨,운용·서비스,드론조종/운영,드론조종/운영,경기,양주시,높음,높음,경력,,,학력무관,면접후결정,,,정규직,5,,1,(주)비씨디이엔씨,경기 양주시,경력(년수무관),학력무관,,면접 후 결정,"드론 관련 입찰 업무(입찰참가,입찰견적서작성 등); 드론 관련 지원사업 사업계획서 작성 및 제반서류 작성; 드론 배송(양주시) 관련 비행 지원",,사람인,https://www.saramin.co.kr/zf_user/jobs/relay/view?view_type=search&rec_idx=54926472&location=ts&searchword=%EB%93%9C%EB%A1%A0&searchType=search&paid_fl=n&search_uuid=e4f73fea-3c0a-4dd3-8cbe-95493b462b62
SAR_54927518,스마일드론 드론교관 모집 (지도조종자 필수),스마일드론,운용·서비스,드론조종/운영,드론조종/운영,경기,양주시,높음,높음,무관,,,학력무관,면접후결정,,,"계약직, 정규직",3,,1,스마일드론,경기 양주시,경력무관,학력무관,,면접 후 결정,". 드론방제,방역,측량 및 건물 외벽청소 지원관리; 촬영 및 외벽청소 방제방역 업무 진행시 출장업무 가능한 자; 수강생관리 및 지도; 드론 기물 관리 및 안전지도",,사람인,https://www.saramin.co.kr/zf_user/jobs/relay/view?view_type=search&rec_idx=54927518&location=ts&searchword=%EB%93%9C%EB%A1%A0&searchType=search&paid_fl=n&search_uuid=fac25325-6acf-4bfe-8e37-632f5645857a
SAR_54928630,드론 관제 통합플랫폼 구축,아이티포,개발·R&D,SW개발,SW개발,서울,금천구,높음,중간,무관,,,대졸,불명,,,계약직,2,,1,주식회사아이티포,서울 금천구,경력무관,대졸↑,,,드론 관제 통합플랫폼 구축,검색결과 카드에서 확인; 상세 자격조건 미확인,사람인,https://www.saramin.co.kr/zf_user/jobs/relay/view?view_type=search&rec_idx=54928630&location=ts&searchword=%EB%93%9C%EB%A1%A0&searchType=search&paid_fl=n&search_uuid=fac25325-6acf-4bfe-8e37-632f5645857a
SAR_54930845,[대전] 항공/로보틱스 엔지니어 (GNC),니어스랩,개발·R&D,비행제어/자율비행,비행제어/자율비행,대전,대덕구,높음,중간,경력,3.0,20.0,고졸,불명,,,정규직,6,,1,(주)니어스랩,대전 대덕구,경력 3~20년,고졸↑,,,항공/로보틱스 엔지니어 (GNC),검색결과 카드에서 확인; 상세 자격조건 미확인; 검색결과 카드에서 확인; 상세 자격조건 미확인; 기존 사람인 CSV의 동일 공고 ID 값 대조; keyword에 검색 카드 직무 태그 포함; 요구역량과 구분 필요; 검색 대상 기업명과 실제 공고 기업명 상이; 검색결과 카드에서 확인; 상세 자격조건 미확인; 기존 사람인 CSV의 동일 공고 ID 값 대조; keyword에 검색 카드 직무 태그 포함; 요구역량과 구분 필요; 동일 공고가 복수 기업 검색어에 노출,사람인,https://www.saramin.co.kr/zf_user/jobs/relay/view?view_type=search&rec_idx=54930845&location=ts&searchword=%EB%93%9C%EB%A1%A0&searchType=search&paid_fl=n&search_uuid=00dfea56-5a93-476f-8eb1-5072f66504f2
SAR_54930905,[대전] 항공/로보틱스 엔지니어 (UAV),니어스랩,개발·R&D,연구개발,,대전,대덕구,높음,중간,경력,3.0,20.0,고졸,불명,,,정규직,6,,1,(주)니어스랩,대전 대덕구,경력 3~20년,고졸↑,,,항공/로보틱스 엔지니어 (UAV),검색결과 카드에서 확인; 상세 자격조건 미확인; 검색결과 카드에서 확인; 상세 자격조건 미확인; 기존 사람인 CSV의 동일 공고 ID 값 대조; keyword에 검색 카드 직무 태그 포함; 요구역량과 구분 필요; 검색 대상 기업명과 실제 공고 기업명 상이; 검색결과 카드에서 확인; 상세 자격조건 미확인; 기존 사람인 CSV의 동일 공고 ID 값 대조; keyword에 검색 카드 직무 태그 포함; 요구역량과 구분 필요; 동일 공고가 복수 기업 검색어에 노출,사람인,https://www.saramin.co.kr/zf_user/jobs/relay/view?view_type=search&rec_idx=54930905&location=ts&searchword=%EB%93%9C%EB%A1%A0&searchType=search&paid_fl=n&search_uuid=00dfea56-5a93-476f-8eb1-5072f66504f2
SAR_54931008,[UAV드론스타트업체/판교] H/W 엔지니어5-13년,스카우트파트너스,개발·R&D,HW/전자,드론 플랫폼 HW 설계,경기,성남시,높음,중간,경력,5.0,13.0,대졸,불명,,,정규직,5,,1,(주)스카우트파트너스,경기 성남시 수정구,경력 5~13년,대졸↑,,,드론 플랫폼 HW·PCB 설계; 센서·전원 인터페이스 통합; EMI/EMC 검증,채용대행사 명의 공고; 실제 근무기업 미확인,사람인,https://www.saramin.co.kr/zf_user/jobs/relay/view?view_type=search&rec_idx=54931008&location=ts&searchword=%EB%93%9C%EB%A1%A0&searchType=search&paid_fl=n&search_uuid=e4f73fea-3c0a-4dd3-8cbe-95493b462b62
SAR_54932066,"공공측량, 해양측량, 드론측량 신입 및 경력직 사원 모집합니다",트라이디,운용·서비스,GIS/측량/공간정보,지형현황·UAV 측량,경기,김포시,중간,중간,무관,,,초대졸,불명,,,정규직,11,,1,(주)트라이디,경기 김포시,경력무관,초대졸↑,,,RTK 현황측량 및 기준점측량; 초경량비행장치(UAV)를 이용한 3차원 지형도 제작,동일 공고에 수로측량과 UAV 지형측량 직무가 함께 기재됨,사람인,https://www.saramin.co.kr/zf_user/jobs/relay/view?view_type=search&rec_idx=54932066&location=ts&searchword=%EB%93%9C%EB%A1%A0&searchType=search&paid_fl=n&search_uuid=e4f73fea-3c0a-4dd3-8cbe-95493b462b62
SAR_54936543,드론자격 실무업무자,솔더,운용·서비스,드론조종/운영,드론조종/운영,강원,강릉시,높음,중간,경력,1.0,,학력무관,금액표기(유형불명),,,정규직,2,,1,주식회사 솔더,강원 강릉시,경력1년↑,학력무관,,"2,760 만원",드론자격 실무업무자,검색결과 카드에서 확인; 상세 자격조건 미확인,사람인,https://www.saramin.co.kr/zf_user/jobs/relay/view?view_type=search&rec_idx=54936543&location=ts&searchword=%EB%93%9C%EB%A1%A0&searchType=search&paid_fl=n&search_uuid=1140ba88-2c6e-4ad8-8abb-b2fbb48b31d5
SAR_54966581,[신호보안연구실 : 연구3팀] HW개발(안티드론 모뎀) 팀장 채용,엔키화이트햇,개발·R&D,HW/전자,안티드론 통신모뎀 개발,서울,송파구,높음,높음,경력,5.0,,대졸,불명,,,정규직,3,,1,(주)엔키화이트햇,서울 송파구,경력5년↑,대졸↑,,,안티드론 모뎀 아키텍처·RTL 설계; RFSoC 송수신 체인 구성·실측 검증,,사람인,https://www.saramin.co.kr/zf_user/jobs/relay/view?view_type=search&rec_idx=54966581&location=ts&searchword=%EB%93%9C%EB%A1%A0&searchType=search&paid_fl=n&search_uuid=e4f73fea-3c0a-4dd3-8cbe-95493b462b62
SAR_54970878,현대백화점 목동점 DJI ARS공식 매장 정규직(시니어모집),게이트비젼,사업·기획,영업/사업개발,영업/사업개발,서울,양천구,높음,중간,무관,,,학력무관,불명,,,정규직,2,,1,게이트비젼(주),서울 양천구,경력무관,학력무관,,,현대백화점 목동점 DJI ARS공식 매장 정규직(시니어,검색결과 카드에서 확인; 상세 자격조건 미확인,사람인,https://www.saramin.co.kr/zf_user/jobs/relay/view?view_type=search&rec_idx=54970878&location=ts&searchword=%EB%93%9C%EB%A1%A0&searchType=search&paid_fl=n&search_uuid=97e55ae6-4adc-4a89-936a-11a601b9fc25
SAR_54972353,자율비행 시스템 SW 엔지니어,퀀텀에어로,개발·R&D,비행제어/자율비행,비행제어/자율비행,서울,강남구,높음,높음,무관,,,대졸,면접후결정,,,정규직,22,,1,퀀텀에어로,서울 강남구,경력무관,대졸↑,컴퓨터공학·전자공학·항공우주·로보틱스 등 관련 분야 학사 이상 (석사 신입 환영),면접 후 결정,"ROS2 기반 드론 자율비행 프레임워크의 통합 아키텍처를 설계하고 구현하는 포지션입니다.; 또한, 퀄컴 및 NVIDIA 등 다양한 엣지 플랫폼 환경에서 동작하는 자율비행 시스템을 구축합니다.; ROS 2 기반 항법·인식 노드 개발; VIO 출력과 비행제어기(PX4) 간 데이터 흐름을 구성하는 파이프라인의 개별 모듈 구현",,사람인,https://www.saramin.co.kr/zf_user/jobs/relay/view?view_type=search&rec_idx=54972353&location=ts&searchword=%EB%93%9C%EB%A1%A0&searchType=search&paid_fl=n&search_uuid=8097d250-43b3-4a71-88b2-f5db61abd03c
SAR_54979490,[테라로보틱스] 드론·AI 연구개발 연구원 및 엔지니어 채용,테라로보틱스,개발·R&D,연구개발,드론 자율비행·AI 연구개발,광주,북구,높음,높음,무관,,,대졸,불명,,,"정규직, 무기계약직",32,,1,주식회사 테라로보틱스,전남광주 북구,경력무관,대졸↑,,,RF·센서 기반 위치추정; 드론 자율비행·경로계획; AI 영상 인식 및 다중드론 협력,,사람인,https://www.saramin.co.kr/zf_user/jobs/relay/view?view_type=search&rec_idx=54979490&location=ts&searchword=%EB%93%9C%EB%A1%A0&searchType=search&paid_fl=n&search_uuid=e4f73fea-3c0a-4dd3-8cbe-95493b462b62
SAR_54981251,(주)아리온 SW·AI 연구개발 신입 및 경력직 채용,아리온,개발·R&D,AI/컴퓨터비전,AI/컴퓨터비전,대구,수성구,높음,높음,무관,,,대졸,면접후결정,,,정규직,3,,1,(주)아리온,대구 수성구,경력무관,대졸↑,,면접 후 결정,드론 제어·자율비행 연구개발; Vision AI·온디바이스 AI 연구개발; LLM·온톨로지 기반 지능형 시스템 연구개발; GCS·전술폰 관제 S/W 개발,,사람인,https://www.saramin.co.kr/zf_user/jobs/relay/view?view_type=search&rec_idx=54981251&location=ts&searchword=%EB%93%9C%EB%A1%A0&searchType=search&paid_fl=n&search_uuid=00dfea56-5a93-476f-8eb1-5072f66504f2
SAR_54985475,제4차 기간제근로자 통합채용(컨소시엄사업(드론 임무특화교육)),한국교통안전공단,사업·기획,PM/기획,드론 교육사업 운영,경기,시흥시,높음,중간,무관,,,대졸,불명,,,계약직,2,,1,한국교통안전공단,경기 시흥시,경력무관,대졸↑,,,드론 임무특화교육 사업 운영,검색결과 카드에서 확인; 상세 자격조건 미확인,사람인,https://www.saramin.co.kr/zf_user/jobs/relay/view?view_type=search&rec_idx=54985475&location=ts&searchword=%EB%93%9C%EB%A1%A0&searchType=search&paid_fl=n&search_uuid=fac25325-6acf-4bfe-8e37-632f5645857a
SAR_54985837,"농업 데이터 촬영 ,판독 (드론촬영 농작물) 인력 채용",이노드,운용·서비스,영상/촬영,영상/촬영,전남,나주시,높음,높음,신입·경력,,,초대졸,면접후결정,,,정규직,5,,1,(주)이노드,전남광주 나주시,신입·경력(년수무관),"대졸(2,3년제) 이상(예정자 가능)","전공: 농수산/해양학, 임학/임예학",면접 후 결정,"영상판독 서비스; 드론촬영 운영 전략을 세워요; 촬영·판독 프로세스 개선해요; 작물재배지의 병충해 , 작물구분",,사람인,https://www.saramin.co.kr/zf_user/jobs/relay/view?view_type=search&rec_idx=54985837&location=ts&searchword=%EB%93%9C%EB%A1%A0&searchType=search&paid_fl=n&search_uuid=e4f73fea-3c0a-4dd3-8cbe-95493b462b62
SAR_54985881,제4차 기간제근로자 통합채용(시흥드론교육센터 운영지원 및),한국교통안전공단,운용·서비스,드론조종/운영,드론조종/운영,경기,시흥시,중간,중간,무관,,,학력무관,불명,,,인턴,2,,1,한국교통안전공단,경기 시흥시,경력무관,학력무관,,,시흥드론교육센터 운영지원,검색결과 카드에서 확인; 상세 자격조건 미확인,사람인,https://www.saramin.co.kr/zf_user/jobs/relay/view?view_type=search&rec_idx=54985881&location=ts&searchword=%EB%93%9C%EB%A1%A0&searchType=search&paid_fl=n&search_uuid=fac25325-6acf-4bfe-8e37-632f5645857a
SAR_54986012,"멀티콥터, VTOL, 고정익 기구설계 경력자 채용",에이럭스,개발·R&D,기구/기계설계,기구/기계설계,인천,부평구,높음,높음,경력,1.0,,초대졸,면접후결정,,,정규직,3,,1,(주)에이럭스,인천 부평구,경력1년↑,초대졸↑,,면접 후 결정,"드론 기구 설계 (멀티콥터, VTOL 등 드론 기구 설계); 드론 임무장비 기구 설계; 드론 관련 지그 설계; 양산 설계",,사람인,https://www.saramin.co.kr/zf_user/jobs/relay/view?view_type=search&rec_idx=54986012&location=ts&searchword=%EB%93%9C%EB%A1%A0&searchType=search&paid_fl=n&search_uuid=00dfea56-5a93-476f-8eb1-5072f66504f2
SAR_54986029,"멀티콥터, VTOL, 고정익 항전 엔지니어 경력자 채용",에이럭스,개발·R&D,HW/전자,HW/전자,인천,부평구,높음,높음,경력,1.0,,초대졸,면접후결정,,,정규직,2,,1,(주)에이럭스,인천 부평구,경력1년↑,초대졸↑,,면접 후 결정,기체 개발 및 제작 (하드웨어 조립 및 테스트); 하드웨어 통합 및 시스템 안정화; 드론 하드웨어 조립 및 제작; 비행 제어 및 시스템 셋업 (드론 항전 셋업 및 테스트),,사람인,https://www.saramin.co.kr/zf_user/jobs/relay/view?view_type=search&rec_idx=54986029&location=ts&searchword=%EB%93%9C%EB%A1%A0&searchType=search&paid_fl=n&search_uuid=2cf8010e-2b72-4def-88ee-91764d84e6dd
SAR_54986192,"멀티콥터, VTOL, 고정익 드론 파일럿 경력자 채용",에이럭스,운용·서비스,드론조종/운영,드론조종/운영,인천,부평구,높음,높음,경력,1.0,,초대졸,면접후결정,,,정규직,6,,1,(주)에이럭스,인천 부평구,경력 1년 ↑,"대졸(2,3년제) 이상",,면접 후 결정,"비행 제어 및 시스템 셋업 (드론 항전 셋업 및 테스트); Pixhawk 기반 Ardupilot 설정 및 튜닝; 드론 항전 시스템 설계, 제작, 테스트; 시스템 배선 설계, 개조, 점검",,사람인,https://www.saramin.co.kr/zf_user/jobs/relay/view?view_type=search&rec_idx=54986192&location=ts&searchword=%EB%93%9C%EB%A1%A0&searchType=search&paid_fl=n&search_uuid=e4f73fea-3c0a-4dd3-8cbe-95493b462b62
SAR_54987042,"[유비파이] 드론라이트쇼 디자이너 모집 (시각,모션 그래픽)",유비파이,운용·서비스,영상/촬영,영상/촬영,서울,관악구,높음,중간,경력,2.0,,학력무관,불명,,,정규직,5,,1,(주)유비파이,서울 관악구,경력2년↑,학력무관,,,드론라이트쇼 디자이너,검색결과 카드에서 확인; 상세 자격조건 미확인; 검색결과 카드에서 확인; 상세 자격조건 미확인; 기존 사람인 CSV의 동일 공고 ID 값 대조; keyword에 검색 카드 직무 태그 포함; 요구역량과 구분 필요,사람인,https://www.saramin.co.kr/zf_user/jobs/relay/view?view_type=search&rec_idx=54987042&location=ts&searchword=%EB%93%9C%EB%A1%A0&searchType=search&paid_fl=n&search_uuid=fac25325-6acf-4bfe-8e37-632f5645857a
SAR_54996441,[송도] 3D 공간 영상 현장 촬영 인력 신입 채용,애나,운용·서비스,영상/촬영,영상/촬영,인천,연수구,높음,중간,경력,1.0,,학력무관,금액표기(유형불명),,,계약직,2,,1,(주)애나,인천 연수구,경력1년↑,학력무관,,230 만원,360 카메라 및 드론을 활용한 영상 촬영; 3D 공간 변환 SW를 활용한 공간 매핑,,사람인,https://www.saramin.co.kr/zf_user/jobs/relay/view?view_type=search&rec_idx=54996441&location=ts&searchword=%EB%93%9C%EB%A1%A0&searchType=search&paid_fl=n&search_uuid=00dfea56-5a93-476f-8eb1-5072f66504f2
SAR_55001565,UAV 엔진 구조체 설계 - 자동차부품 글로벌 제조사,에이치알원컨설팅,생산·품질,생산/제조,생산/제조,경기,화성시,높음,중간,경력,3.0,,대졸,불명,,,정규직,1,,1,(주)에이치알원컨설팅,경기 화성시 효행구,경력3년↑,대졸↑,,,UAV 엔진 구조체 설계 - 자동차부품 글로벌 제조사,검색결과 카드에서 확인; 상세 자격조건 미확인; 제목과 세부 직무가 서로 달라 중복 후보에서 제외,사람인,https://www.saramin.co.kr/zf_user/jobs/relay/view?view_type=search&rec_idx=55001565&location=ts&searchword=%EB%93%9C%EB%A1%A0&searchType=search&paid_fl=n&search_uuid=da4f4f69-f654-40a0-8d80-f64210802a29
SAR_55001570,UAV 엔진 회전계 설계 - 중견 자동차부품 제조사,에이치알원컨설팅,생산·품질,생산/제조,생산/제조,경기,화성시,높음,중간,경력,3.0,,대졸,불명,,,정규직,1,,1,(주)에이치알원컨설팅,경기 화성시 효행구,경력3년↑,대졸↑,,,UAV 엔진 회전계 설계 - 중견 자동차부품 제조사,검색결과 카드에서 확인; 상세 자격조건 미확인; 제목과 세부 직무가 서로 달라 중복 후보에서 제외,사람인,https://www.saramin.co.kr/zf_user/jobs/relay/view?view_type=search&rec_idx=55001570&location=ts&searchword=%EB%93%9C%EB%A1%A0&searchType=search&paid_fl=n&search_uuid=da4f4f69-f654-40a0-8d80-f64210802a29
SAR_55001578,UAV 엔진 설계 엔지니어 - 글로벌 자동차부품 중견기업,에이치알원컨설팅,개발·R&D,기구/기계설계,기구/기계설계,경기,화성시,높음,중간,경력,3.0,,대졸,불명,,,정규직,1,,1,(주)에이치알원컨설팅,경기 화성시 효행구,경력3년↑,대졸↑,,,UAV 엔진 설계 엔지니어 - 글로벌 자동차부품 중견기업,검색결과 카드에서 확인; 상세 자격조건 미확인; 제목과 세부 직무가 서로 달라 중복 후보에서 제외,사람인,https://www.saramin.co.kr/zf_user/jobs/relay/view?view_type=search&rec_idx=55001578&location=ts&searchword=%EB%93%9C%EB%A1%A0&searchType=search&paid_fl=n&search_uuid=da4f4f69-f654-40a0-8d80-f64210802a29
SAR_55002735,(주)아리온 드론 운용 및 제작 경력직 채용,아리온,운용·서비스,드론조종/운영,드론조종/운영,경북,경산시,높음,높음,무관,,,초대졸,면접후결정,,,정규직,14,,1,(주)아리온,경북 경산시,경력무관(신입포함),"대졸(2,3년제) 이상",,면접 후 결정,"드론 운용; 조립 및 설계, 제작 등; 드론 비행성 검증, SW 기능 검증 등; 펌웨어/매개변수 설정 등",기존 사람인 CSV의 동일 공고 ID 자료 대조; 포털 목록의 공고URL·제목·기업명 사용,사람인,http://www.saramin.co.kr/zf_user/jobs/relay/view?rec_idx=55002735&utm_source=job-search-api&utm_medium=api&utm_campaign=saramin-job-search-api
SAR_55003036,(드론/무인기) 자재 관리 및 제작 지원 담당자 모집 (신입),그리폰다이나믹스,생산·품질,생산/제조,생산/제조,대구,수성구,높음,높음,신입,0.0,,고졸,면접후결정,,,정규직,2,,1,(주)그리폰다이나믹스,대구 수성구,신입,고교졸업 이상,,면접 후 결정,자재 관리 업무; 자재 발주 및 입고 검수 업무; 주문 포장 / 배송 업무; 전자장비 제작 지원 업무,기존 사람인 CSV의 동일 공고 ID 자료 대조; 포털 목록의 공고URL·제목·기업명 사용,사람인,http://www.saramin.co.kr/zf_user/jobs/relay/view?rec_idx=55003036&utm_source=job-search-api&utm_medium=api&utm_campaign=saramin-job-search-api
SAR_55005977,"[드론행정] 드론교육(교관), 행정, 유통, 방제업무 (경력우대)",지에이,운용·서비스,드론조종/운영,드론조종/운영,경기,구리시,중간,중간,경력,1.0,,학력무관,금액표기(유형불명),,,정규직,2,,1,주식회사 지에이,경기 구리시,경력1년↑,학력무관,,"3,000 만원","드론교육(교관), 행정, 유통, 방제업무 (경력우대)",검색결과 카드에서 확인; 상세 자격조건 미확인,사람인,https://www.saramin.co.kr/zf_user/jobs/relay/view?view_type=search&rec_idx=55005977&location=ts&searchword=%EB%93%9C%EB%A1%A0&searchType=search&paid_fl=n&search_uuid=1140ba88-2c6e-4ad8-8abb-b2fbb48b31d5
SAR_55011212,[서초] AI 인프라·GPU 플랫폼 기업 Physical AI Engineer (UAV),피플뱅크코리아,개발·R&D,AI/컴퓨터비전,AI/컴퓨터비전,서울,서초구,중간,중간,무관,,,석사,불명,,,정규직,1,,1,피플뱅크코리아(주),서울 서초구,경력무관,석사↑,,,AI 인프라·GPU 플랫폼 기업 Physical AI Engineer (UAV),검색결과 카드에서 확인; 상세 자격조건 미확인; 검색결과 카드에서 확인; 상세 자격조건 미확인; 기존 사람인 CSV의 동일 공고 ID 자료 대조; 포털 목록의 공고URL·제목·기업명 사용,사람인,https://www.saramin.co.kr/zf_user/jobs/relay/view?view_type=search&rec_idx=55011212&location=ts&searchword=%EB%93%9C%EB%A1%A0&searchType=search&paid_fl=n&search_uuid=23e4441a-e6e7-4e32-88a3-c1ab4697ee84
SAR_55012005,[제노소프트] AI 영상관제(드론/로봇/CCTV) 프로젝트매니저(PM),제노소프트,사업·기획,PM/기획,PM/기획,서울,금천구,높음,높음,경력,3.0,10.0,대졸,면접후결정,,,"정규직, 병역특례",2,,1,제노소프트(주),서울 금천구,경력 3~10년,대졸(4년제) 이상,,면접 후 결정,AI 영상관제 솔루션 사업·품질 관리; 고객사 기술 문의 대응,기존 사람인 CSV의 동일 공고 ID 자료 대조; 포털 목록의 공고URL·제목·기업명 사용,사람인,http://www.saramin.co.kr/zf_user/jobs/relay/view?rec_idx=55012005&utm_source=job-search-api&utm_medium=api&utm_campaign=saramin-job-search-api
SAR_55017000,농업기계 및 드론 정비 직원구함,대동공업주화순대리점,운용·서비스,정비,정비,전남,화순군,높음,중간,무관,,,학력무관,금액표기(유형불명),,,정규직,2,,1,대동공업주화순대리점,전남광주 화순군,경력무관,학력무관,,"3,120 만원",농업기계 및 드론 정비 직원구함,검색결과 카드에서 확인; 상세 자격조건 미확인,사람인,https://www.saramin.co.kr/zf_user/jobs/relay/view?view_type=search&rec_idx=55017000&location=ts&searchword=%EB%93%9C%EB%A1%A0&searchType=search&paid_fl=n&search_uuid=1140ba88-2c6e-4ad8-8abb-b2fbb48b31d5
SAR_55022700,지상연구소 경력사원 채용 (대드론체계 시스템 개발),한화시스템,개발·R&D,연구개발,,경기,성남시,중간,낮음,경력,5.0,,대졸,면접후결정,,,정규직,11,,1,한화시스템(주),경기 성남시 분당구,경력5년↑,대졸↑,"○ 기계/전기/전자/컴퓨터공학 등 관련 전공 학사 이상 ○ 대드론체계, 대공무기체계 등 시스템 연구개발 경험 5년 이상 보유 ○ 네트워크, 전원설계 역량 보유 ○ 대드론 프로젝트 수행 및 논문/특허 실적 보유 ○ 센서 및 제어 시스템 이해도 보유 ○ 지원 분야의 자격 요건을 충족하고 채용전형 절차 종료 이후 바로 근무 가능한 분 ○ 남성의 경우, 병역 필 또는 면제자로 해외 여행에 결격 사유가 없는 분 [기술 스택] ○ SW: C++, Python, MATLAB/Simulink 등 ○ HW: 레이다, EO/IR Camera, 전원, 직렬통신/Ethernet ○ 테스트: 실제 대드론 시험",면접 후 결정,지상연구소 경력사원,기존 사람인 CSV의 동일 공고 ID 자료 대조; 포털 목록의 공고URL·제목·기업명 사용; 기존 사람인 CSV의 동일 공고 ID 값 대조; keyword에 검색 카드 직무 태그 포함; 요구역량과 구분 필요,사람인,http://www.saramin.co.kr/zf_user/jobs/relay/view?rec_idx=55022700&utm_source=job-search-api&utm_medium=api&utm_campaign=saramin-job-search-api
SAR_55023353,[항공분야] 무인기 조종/정비 모집,넥스트에어로스페이스,운용·서비스,정비,정비,경기,군포시,높음,중간,무관,,,대졸,불명,,,정규직,1,,1,(주)넥스트에어로스페이스,경기 군포시,경력무관,대졸↑,,,무인기 조종/정비,검색결과 카드에서 확인; 상세 자격조건 미확인; 검색결과 카드에서 확인; 상세 자격조건 미확인; 기존 사람인 CSV의 동일 공고 ID 자료 대조; 포털 목록의 공고URL·제목·기업명 사용,사람인,https://www.saramin.co.kr/zf_user/jobs/relay/view?view_type=search&rec_idx=55023353&location=ts&searchword=%EB%93%9C%EB%A1%A0&searchType=search&paid_fl=n&search_uuid=00dfea56-5a93-476f-8eb1-5072f66504f2
SAR_55025341,항공기 드론 전장 설계 엔지니어 채용의 건,패리티,개발·R&D,HW/전자,HW/전자,경기,안양시,높음,중간,경력,2.0,,대졸,불명,,,정규직,5,,1,(주)패리티,경기 안양시 동안구,경력2년↑,대졸↑,,,항공기 드론 전장 설계 엔지니어,검색결과 카드에서 확인; 상세 자격조건 미확인; 검색결과 카드에서 확인; 상세 자격조건 미확인; 기존 사람인 CSV의 동일 공고 ID 자료 대조; 포털 목록의 공고URL·제목·기업명 사용; 검색결과 카드에서 확인; 상세 자격조건 미확인; 기존 사람인 CSV의 동일 공고 ID 값 대조; keyword에 검색 카드 직무 태그 포함; 요구역량과 구분 필요,사람인,https://www.saramin.co.kr/zf_user/jobs/relay/view?view_type=search&rec_idx=55025341&location=ts&searchword=%EB%93%9C%EB%A1%A0&searchType=search&paid_fl=n&search_uuid=fac25325-6acf-4bfe-8e37-632f5645857a
SAR_55028013,[KAT] AAM/UAM/회전익/eVTOL 프롭시스템 설계 경력 채용,한국항공기술케이에이티,개발·R&D,기구/기계설계,기구/기계설계,서울,강서구,높음,중간,경력,5.0,,대졸,불명,,,정규직,2,,1,한국항공기술케이에이티(주),서울 강서구,경력5년↑,대졸↑,,,AAM/UAM/회전익/eVTOL 프롭시스템 설계 경력,검색결과 카드에서 확인; 상세 자격조건 미확인; 검색결과 카드에서 확인; 상세 자격조건 미확인; 기존 사람인 CSV의 동일 공고 ID 자료 대조; 포털 목록의 공고URL·제목·기업명 사용,사람인,https://www.saramin.co.kr/zf_user/jobs/relay/view?view_type=search&rec_idx=55028013&location=ts&searchword=%EB%93%9C%EB%A1%A0&searchType=search&paid_fl=n&search_uuid=00dfea56-5a93-476f-8eb1-5072f66504f2
SAR_55049630,"지하시설물(GIS) 측량,드론측량 현장직 신입, 경력자 모집합니다",유피이엔지,운용·서비스,GIS/측량/공간정보,GIS/측량/공간정보,서울,송파구,높음,높음,무관,,,초대졸,면접후결정,,,정규직,3,,1,유피이엔지(주),서울 송파구,경력무관,초대졸↑,,면접 후 결정,"지하시설물 측량; 현황 및 지형 측량, 드론측량",기존 사람인 CSV의 동일 공고 ID 자료 대조; 포털 목록의 공고URL·제목·기업명 사용,사람인,http://www.saramin.co.kr/zf_user/jobs/relay/view?rec_idx=55049630&utm_source=job-search-api&utm_medium=api&utm_campaign=saramin-job-search-api
SAR_55055172,[산업용 드론] 연구개발 및 정부수탁과제 운용 및 관리,그리폰다이나믹스,개발·R&D,연구개발,산업용 드론 R&D·과제관리,대구,수성구,높음,높음,무관,,,대졸,불명,,,정규직,3,,1,(주)그리폰다이나믹스,대구 수성구,경력무관,대졸↑,,,산업용 드론 개발; 국책사업 관리,기존 사람인 CSV의 동일 공고 ID 자료 대조; 포털 목록의 공고URL·제목·기업명 사용,사람인,http://www.saramin.co.kr/zf_user/jobs/relay/view?rec_idx=55055172&utm_source=job-search-api&utm_medium=api&utm_campaign=saramin-job-search-api
SAR_55064637,[개발부문] 드론 테크니션,니어스랩,운용·서비스,정비,드론 정비·수리,서울,송파구,높음,높음,경력,3.0,,고졸,면접후결정,,,정규직,10,,1,(주)니어스랩,서울 송파구,경력3년↑,고졸↑,이공계(고졸 이상),면접 후 결정,운영 중인 드론 유지보수·점검·정비; 고장 원인 분석·수리; 개발품 소량 제작,기존 사람인 CSV의 동일 공고 ID 자료 대조; 포털 목록의 공고URL·제목·기업명 사용; 기존 사람인 CSV의 동일 공고 ID 값 대조; keyword에 검색 카드 직무 태그 포함; 요구역량과 구분 필요,사람인,http://www.saramin.co.kr/zf_user/jobs/relay/view?rec_idx=55064637&utm_source=job-search-api&utm_medium=api&utm_campaign=saramin-job-search-api
SAR_55067065,[유비파이] 드론 생산관리 경력직 채용,유비파이,생산·품질,생산/제조,,경기,의왕시,높음,중간,경력,3.0,,학력무관,면접후결정,,,정규직,3,,1,(주)유비파이,경기 의왕시,경력3년↑,학력무관,,면접 후 결정,,원본 핵심 정보 확인; 이미지형 상세요강 또는 상세 요구역량은 확인 불가; keyword는 제목 기반; 원본 상세본문 확인 불가; 검색결과 카드 기준; keyword에 검색 카드 직무 태그 포함; 요구역량과 구분 필요,사람인,http://www.saramin.co.kr/zf_user/jobs/relay/view?rec_idx=55067065&utm_source=job-search-api&utm_medium=api&utm_campaign=saramin-job-search-api
SAR_55070181,단디(Dandi)에서 충전기 및 드론 수리 기사로 함께해요,단디(Dandi),운용·서비스,정비,,경북,구미시,높음,중간,경력,4.0,5.0,학력무관,연봉,3500.0,,정규직,2,,1,단디(Dandi),경북 구미시,경력 4~5년,학력무관,,"연봉 3,500 만원 (주 40시간)",,원본 핵심 정보 확인; 이미지형 상세요강 또는 상세 요구역량은 확인 불가; keyword는 제목 기반,사람인,http://www.saramin.co.kr/zf_user/jobs/relay/view?rec_idx=55070181&utm_source=job-search-api&utm_medium=api&utm_campaign=saramin-job-search-api
SAR_55070871,[네패르(주)] 드론 FC 검증 및 비행 테스트 전문가 채용,네패르,개발·R&D,비행제어/자율비행,,경기,과천시,높음,중간,경력,3.0,,초대졸,면접후결정,,,정규직,3,재공고 후보,1,네패르주식회사,경기 과천시,경력3년↑,"대학졸업(2,3년)이상",,면접 후 결정,,원본 핵심 정보 확인; 이미지형 상세요강 또는 상세 요구역량은 확인 불가; keyword는 제목 기반; 원본 핵심 정보 일부 확인; 상세 역량 확인 불가; keyword에 검색 카드 직무 태그 포함; 요구역량과 구분 필요; 검색 대상 기업명과 실제 공고 기업명 상이; 동일 기업·동일 제목이나 사람인 공고ID가 달라 재공고 가능성으로 유지,사람인,http://www.saramin.co.kr/zf_user/jobs/relay/view?rec_idx=55070871&utm_source=job-search-api&utm_medium=api&utm_campaign=saramin-job-search-api
