keyword_category_name,keyword_normalized,posting_count,posting_share_pct
산업/도메인,드론,67,49.63
자격증,초경량비행장치 조종자,21,15.56
산업/도메인,무인항공기/드론,18,13.33
업무/직무역량,드론조종,13,9.63
자격증,운전면허,13,9.63
산업/도메인,무인항공기,12,8.89
하드웨어/전자,임베디드,12,8.89
CAD/설계,CAD,11,8.15
기계/제조,드론제작,11,8.15
CAD/설계,기구설계,10,7.41
비행제어/드론플랫폼,비행제어,10,7.41
업무/직무역량,드론영업,9,6.67
비행제어/드론플랫폼,자율비행,8,5.93
산업/도메인,UAV,8,5.93
프로그래밍언어,C++,8,5.93
비행제어/드론플랫폼,비행제어기,7,5.19
업무/직무역량,드론교육,7,5.19
CAD/설계,SolidWorks,6,4.44
비행제어/드론플랫폼,Pixhawk,6,4.44
비행제어/드론플랫폼,VTOL,6,4.44
업무/직무역량,R&D,6,4.44
업무/직무역량,드론운용,6,4.44
업무/직무역량,설계엔지니어,6,4.44
자격증,드론 자격증,6,4.44
전공/지식,전자공학,6,4.44
프레임워크/라이브러리,ROS2,6,4.44
CAD/설계,CATIA,5,3.7
CAD/설계,장비설계,5,3.7
GIS/공간정보,GIS,5,3.7
비행제어/드론플랫폼,ArduPilot,5,3.7
비행제어/드론플랫폼,DJI,5,3.7
비행제어/드론플랫폼,PX4,5,3.7
업무/직무역량,기술연구,5,3.7
업무/직무역량,연구원,5,3.7
전공/지식,알고리즘,5,3.7
프레임워크/라이브러리,ROS,5,3.7
AI/ML,객체탐지,4,2.96
AI/ML,영상처리,4,2.96
CAD/설계,기계설계,4,2.96
GIS/공간정보,드론측량,4,2.96
기계/제조,복합재,4,2.96
비행제어/드론플랫폼,GCS,4,2.96
업무/직무역량,로봇설계,4,2.96
업무/직무역량,로봇엔지니어,4,2.96
전공/지식,기계공학,4,2.96
프로그래밍언어,Python,4,2.96
하드웨어/전자,Jetson,4,2.96
하드웨어/전자,RF,4,2.96
하드웨어/전자,회로설계,4,2.96
AI/ML,Edge AI,3,2.22
AI/ML,TensorRT,3,2.22
AI/ML,센서융합,3,2.22
CAD/설계,Altium Designer,3,2.22
CAD/설계,NX,3,2.22
CAD/설계,OrCAD,3,2.22
CAD/설계,제품설계,3,2.22
개발도구/SW,Gazebo,3,2.22
개발도구/SW,Git,3,2.22
개발도구/SW,Linux,3,2.22
개발도구/SW,MATLAB,3,2.22
기계/제조,3D 프린터,3,2.22
기계/제조,드론생산,3,2.22
기계/제조,생산기술,3,2.22
비행제어/드론플랫폼,GNC,3,2.22
비행제어/드론플랫폼,MAVLink,3,2.22
산업/도메인,대드론(C-UAS),3,2.22
업무/직무역량,경로계획,3,2.22
업무/직무역량,기술엔지니어,3,2.22
업무/직무역량,드론개발,3,2.22
업무/직무역량,드론촬영,3,2.22
하드웨어/전자,전장설계,3,2.22
AI/ML,ONNX,2,1.48
AI/ML,PyTorch,2,1.48
AI/ML,SLAM,2,1.48
AI/ML,객체추적,2,1.48
AI/ML,딥러닝,2,1.48
AI/ML,컴퓨터비전,2,1.48
CAD/설계,AutoCAD,2,1.48
CAD/설계,Fusion 360,2,1.48
CAD/설계,KiCad,2,1.48
CAD/설계,모델링,2,1.48
GIS/공간정보,Global Mapper,2,1.48
GIS/공간정보,Pix4D,2,1.48
GIS/공간정보,RTK,2,1.48
개발도구/SW,SW,2,1.48
개발도구/SW,Simulink,2,1.48
비행제어/드론플랫폼,ArduPilot 셋업,2,1.48
비행제어/드론플랫폼,PX4 또는 ArduPilot 파라미터 이해,2,1.48
비행제어/드론플랫폼,Pixhawk 기반 드론 세팅 및 운용 경험,2,1.48
비행제어/드론플랫폼,드론 GCS 셋업,2,1.48
산업/도메인,항공,2,1.48
산업/도메인,항공기,2,1.48
업무/직무역량,기술지원,2,1.48
업무/직무역량,드론 부품 셋업,2,1.48
업무/직무역량,드론 소프트웨어 셋업,2,1.48
업무/직무역량,드론 시험 비행,2,1.48
업무/직무역량,드론관제,2,1.48
업무/직무역량,드론정비,2,1.48
업무/직무역량,촬영,2,1.48
자격증,지도제작기능사,2,1.48
전공/지식,아키텍처,2,1.48
하드웨어/전자,Compass등 센서 이해,2,1.48
하드웨어/전자,GPS,2,1.48
하드웨어/전자,IMU,2,1.48
하드웨어/전자,기본적인 전원 시스템 및 배선 이해,2,1.48
하드웨어/전자,드론 하드웨어 조립,2,1.48
하드웨어/전자,무선 통신 셋업,2,1.48
하드웨어/전자,짐벌 및 카메라 셋업,2,1.48
AI/ML,AI 영상관제,1,0.74
AI/ML,YOLO,1,0.74
AI/ML,강화학습,1,0.74
AI/ML,영상분할,1,0.74
CAD/설계,2D 설계,1,0.74
CAD/설계,3D 설계,1,0.74
CAD/설계,ANSYS,1,0.74
CAD/설계,Abaqus,1,0.74
CAD/설계,Inventor,1,0.74
CAD/설계,MIDAS FEA,1,0.74
CAD/설계,도면해독,1,0.74
CAD/설계,모터설계,1,0.74
GIS/공간정보,ContextCapture,1,0.74
GIS/공간정보,DJI TERRA,1,0.74
GIS/공간정보,GCP,1,0.74
GIS/공간정보,LiDAR,1,0.74
GIS/공간정보,PPK,1,0.74
GIS/공간정보,QGIS,1,0.74
GIS/공간정보,RealityCapture,1,0.74
GIS/공간정보,측량,1,0.74
개발도구/SW,DBMS,1,0.74
개발도구/SW,임베디드리눅스,1,0.74
기계/제조,BOM,1,0.74
기계/제조,CFRP,1,0.74
기계/제조,GFRP,1,0.74
기계/제조,기계·전자제품 조립,1,0.74
기계/제조,기타제조업,1,0.74
기계/제조,도장/도금/도색,1,0.74
기계/제조,드론 제작 및 셋팅,1,0.74
기계/제조,에폭시,1,0.74
기계/제조,자재관리,1,0.74
비행제어/드론플랫폼,Autopilot,1,0.74
비행제어/드론플랫폼,FC(Flight Controller) 제어,1,0.74
비행제어/드론플랫폼,MAVLink 개발 경험,1,0.74
비행제어/드론플랫폼,Mission Planner,1,0.74
비행제어/드론플랫폼,Pixhawk 셋팅 가능자,1,0.74
비행제어/드론플랫폼,QGroundControl,1,0.74
비행제어/드론플랫폼,eVTOL,1,0.74
비행제어/드론플랫폼,드론제어,1,0.74
산업/도메인,AS9100,1,0.74
산업/도메인,UAM,1,0.74
산업/도메인,드론제어 알고리즘,1,0.74
산업/도메인,반도체,1,0.74
산업/도메인,에너지,1,0.74
업무/직무역량,국책사업관리,1,0.74
업무/직무역량,그래픽디자인,1,0.74
업무/직무역량,드론 수리,1,0.74
업무/직무역량,멀티미디어디자인,1,0.74
업무/직무역량,모션그래픽,1,0.74
업무/직무역량,생산관리,1,0.74
업무/직무역량,성실,1,0.74
업무/직무역량,소프트웨어개발,1,0.74
업무/직무역량,시각디자인,1,0.74
업무/직무역량,알고리즘개발,1,0.74
업무/직무역량,영업,1,0.74
업무/직무역량,온보드연계,1,0.74
업무/직무역량,조종,1,0.74
업무/직무역량,팀워크,1,0.74
업무/직무역량,펌웨어,1,0.74
업무/직무역량,품질분석,1,0.74
업무/직무역량,항공정비,1,0.74
자격증,지적기사,1,0.74
자격증,초경량무인비행 조정,1,0.74
자격증,측량기능사,1,0.74
자격증,측량및지형공간정보기사,1,0.74
자격증,항공사진기능사,1,0.74
전공/지식,SE(시스템엔지니어),1,0.74
전공/지식,토목공학,1,0.74
전공/지식,항공우주공학,1,0.74
프레임워크/라이브러리,Nav2,1,0.74
프레임워크/라이브러리,OpenCV,1,0.74
프로그래밍언어,C,1,0.74
하드웨어/전자,Arduino,1,0.74
하드웨어/전자,BLDC,1,0.74
하드웨어/전자,HW,1,0.74
하드웨어/전자,PMSM,1,0.74
하드웨어/전자,Raspberry Pi,1,0.74
하드웨어/전자,STM32,1,0.74
하드웨어/전자,납땜,1,0.74
하드웨어/전자,드론부품,1,0.74
하드웨어/전자,전기추진,1,0.74
