dimension,rank,label,count,source_row_relation,source_file,source_as_of,quality_note
출원년도,1,2024,187,각 열은 독립 순위표이며 같은 행끼리 동일 특허가 아님,드론 무인기_특허실용신안.xlsx,2026 수집본,검색식·국가 범위·중복 제거 기준이 원본에 없어 추세 단정 금지
출원년도,2,2023,170,각 열은 독립 순위표이며 같은 행끼리 동일 특허가 아님,드론 무인기_특허실용신안.xlsx,2026 수집본,검색식·국가 범위·중복 제거 기준이 원본에 없어 추세 단정 금지
출원년도,3,2021,145,각 열은 독립 순위표이며 같은 행끼리 동일 특허가 아님,드론 무인기_특허실용신안.xlsx,2026 수집본,검색식·국가 범위·중복 제거 기준이 원본에 없어 추세 단정 금지
출원년도,4,2020,122,각 열은 독립 순위표이며 같은 행끼리 동일 특허가 아님,드론 무인기_특허실용신안.xlsx,2026 수집본,검색식·국가 범위·중복 제거 기준이 원본에 없어 추세 단정 금지
출원년도,5,2019,120,각 열은 독립 순위표이며 같은 행끼리 동일 특허가 아님,드론 무인기_특허실용신안.xlsx,2026 수집본,검색식·국가 범위·중복 제거 기준이 원본에 없어 추세 단정 금지
출원년도,6,2018,118,각 열은 독립 순위표이며 같은 행끼리 동일 특허가 아님,드론 무인기_특허실용신안.xlsx,2026 수집본,검색식·국가 범위·중복 제거 기준이 원본에 없어 추세 단정 금지
출원년도,7,2022,115,각 열은 독립 순위표이며 같은 행끼리 동일 특허가 아님,드론 무인기_특허실용신안.xlsx,2026 수집본,검색식·국가 범위·중복 제거 기준이 원본에 없어 추세 단정 금지
출원년도,8,2016,92,각 열은 독립 순위표이며 같은 행끼리 동일 특허가 아님,드론 무인기_특허실용신안.xlsx,2026 수집본,검색식·국가 범위·중복 제거 기준이 원본에 없어 추세 단정 금지
출원년도,9,2017,76,각 열은 독립 순위표이며 같은 행끼리 동일 특허가 아님,드론 무인기_특허실용신안.xlsx,2026 수집본,검색식·국가 범위·중복 제거 기준이 원본에 없어 추세 단정 금지
출원년도,10,2025,64,각 열은 독립 순위표이며 같은 행끼리 동일 특허가 아님,드론 무인기_특허실용신안.xlsx,2026 수집본,검색식·국가 범위·중복 제거 기준이 원본에 없어 추세 단정 금지
출원년도,11,2015,58,각 열은 독립 순위표이며 같은 행끼리 동일 특허가 아님,드론 무인기_특허실용신안.xlsx,2026 수집본,검색식·국가 범위·중복 제거 기준이 원본에 없어 추세 단정 금지
출원년도,12,2026,21,각 열은 독립 순위표이며 같은 행끼리 동일 특허가 아님,드론 무인기_특허실용신안.xlsx,2026 수집본,검색식·국가 범위·중복 제거 기준이 원본에 없어 추세 단정 금지
출원년도,13,2014,5,각 열은 독립 순위표이며 같은 행끼리 동일 특허가 아님,드론 무인기_특허실용신안.xlsx,2026 수집본,검색식·국가 범위·중복 제거 기준이 원본에 없어 추세 단정 금지
출원년도,14,2012,1,각 열은 독립 순위표이며 같은 행끼리 동일 특허가 아님,드론 무인기_특허실용신안.xlsx,2026 수집본,검색식·국가 범위·중복 제거 기준이 원본에 없어 추세 단정 금지
공개년도,1,2025,163,각 열은 독립 순위표이며 같은 행끼리 동일 특허가 아님,드론 무인기_특허실용신안.xlsx,2026 수집본,검색식·국가 범위·중복 제거 기준이 원본에 없어 추세 단정 금지
공개년도,2,2024,150,각 열은 독립 순위표이며 같은 행끼리 동일 특허가 아님,드론 무인기_특허실용신안.xlsx,2026 수집본,검색식·국가 범위·중복 제거 기준이 원본에 없어 추세 단정 금지
공개년도,3,2023,104,각 열은 독립 순위표이며 같은 행끼리 동일 특허가 아님,드론 무인기_특허실용신안.xlsx,2026 수집본,검색식·국가 범위·중복 제거 기준이 원본에 없어 추세 단정 금지
공개년도,4,2026,86,각 열은 독립 순위표이며 같은 행끼리 동일 특허가 아님,드론 무인기_특허실용신안.xlsx,2026 수집본,검색식·국가 범위·중복 제거 기준이 원본에 없어 추세 단정 금지
공개년도,5,2022,78,각 열은 독립 순위표이며 같은 행끼리 동일 특허가 아님,드론 무인기_특허실용신안.xlsx,2026 수집본,검색식·국가 범위·중복 제거 기준이 원본에 없어 추세 단정 금지
공개년도,6,2019,77,각 열은 독립 순위표이며 같은 행끼리 동일 특허가 아님,드론 무인기_특허실용신안.xlsx,2026 수집본,검색식·국가 범위·중복 제거 기준이 원본에 없어 추세 단정 금지
공개년도,7,2020,76,각 열은 독립 순위표이며 같은 행끼리 동일 특허가 아님,드론 무인기_특허실용신안.xlsx,2026 수집본,검색식·국가 범위·중복 제거 기준이 원본에 없어 추세 단정 금지
공개년도,8,2021,74,각 열은 독립 순위표이며 같은 행끼리 동일 특허가 아님,드론 무인기_특허실용신안.xlsx,2026 수집본,검색식·국가 범위·중복 제거 기준이 원본에 없어 추세 단정 금지
공개년도,9,2018,55,각 열은 독립 순위표이며 같은 행끼리 동일 특허가 아님,드론 무인기_특허실용신안.xlsx,2026 수집본,검색식·국가 범위·중복 제거 기준이 원본에 없어 추세 단정 금지
공개년도,10,2017,49,각 열은 독립 순위표이며 같은 행끼리 동일 특허가 아님,드론 무인기_특허실용신안.xlsx,2026 수집본,검색식·국가 범위·중복 제거 기준이 원본에 없어 추세 단정 금지
공개년도,11,2016,23,각 열은 독립 순위표이며 같은 행끼리 동일 특허가 아님,드론 무인기_특허실용신안.xlsx,2026 수집본,검색식·국가 범위·중복 제거 기준이 원본에 없어 추세 단정 금지
공개년도,12,2015,4,각 열은 독립 순위표이며 같은 행끼리 동일 특허가 아님,드론 무인기_특허실용신안.xlsx,2026 수집본,검색식·국가 범위·중복 제거 기준이 원본에 없어 추세 단정 금지
공개년도,13,2014,1,각 열은 독립 순위표이며 같은 행끼리 동일 특허가 아님,드론 무인기_특허실용신안.xlsx,2026 수집본,검색식·국가 범위·중복 제거 기준이 원본에 없어 추세 단정 금지
등록년도,1,2021,108,각 열은 독립 순위표이며 같은 행끼리 동일 특허가 아님,드론 무인기_특허실용신안.xlsx,2026 수집본,검색식·국가 범위·중복 제거 기준이 원본에 없어 추세 단정 금지
등록년도,2,2025,98,각 열은 독립 순위표이며 같은 행끼리 동일 특허가 아님,드론 무인기_특허실용신안.xlsx,2026 수집본,검색식·국가 범위·중복 제거 기준이 원본에 없어 추세 단정 금지
등록년도,3,2023,97,각 열은 독립 순위표이며 같은 행끼리 동일 특허가 아님,드론 무인기_특허실용신안.xlsx,2026 수집본,검색식·국가 범위·중복 제거 기준이 원본에 없어 추세 단정 금지
등록년도,4,2020,90,각 열은 독립 순위표이며 같은 행끼리 동일 특허가 아님,드론 무인기_특허실용신안.xlsx,2026 수집본,검색식·국가 범위·중복 제거 기준이 원본에 없어 추세 단정 금지
등록년도,5,2022,86,각 열은 독립 순위표이며 같은 행끼리 동일 특허가 아님,드론 무인기_특허실용신안.xlsx,2026 수집본,검색식·국가 범위·중복 제거 기준이 원본에 없어 추세 단정 금지
등록년도,6,2019,77,각 열은 독립 순위표이며 같은 행끼리 동일 특허가 아님,드론 무인기_특허실용신안.xlsx,2026 수집본,검색식·국가 범위·중복 제거 기준이 원본에 없어 추세 단정 금지
등록년도,7,2024,77,각 열은 독립 순위표이며 같은 행끼리 동일 특허가 아님,드론 무인기_특허실용신안.xlsx,2026 수집본,검색식·국가 범위·중복 제거 기준이 원본에 없어 추세 단정 금지
등록년도,8,2026,70,각 열은 독립 순위표이며 같은 행끼리 동일 특허가 아님,드론 무인기_특허실용신안.xlsx,2026 수집본,검색식·국가 범위·중복 제거 기준이 원본에 없어 추세 단정 금지
등록년도,9,2018,44,각 열은 독립 순위표이며 같은 행끼리 동일 특허가 아님,드론 무인기_특허실용신안.xlsx,2026 수집본,검색식·국가 범위·중복 제거 기준이 원본에 없어 추세 단정 금지
등록년도,10,2017,42,각 열은 독립 순위표이며 같은 행끼리 동일 특허가 아님,드론 무인기_특허실용신안.xlsx,2026 수집본,검색식·국가 범위·중복 제거 기준이 원본에 없어 추세 단정 금지
등록년도,11,2016,29,각 열은 독립 순위표이며 같은 행끼리 동일 특허가 아님,드론 무인기_특허실용신안.xlsx,2026 수집본,검색식·국가 범위·중복 제거 기준이 원본에 없어 추세 단정 금지
IPC,1,B64U,263,각 열은 독립 순위표이며 같은 행끼리 동일 특허가 아님,드론 무인기_특허실용신안.xlsx,2026 수집본,검색식·국가 범위·중복 제거 기준이 원본에 없어 추세 단정 금지
IPC,2,G06Q,151,각 열은 독립 순위표이며 같은 행끼리 동일 특허가 아님,드론 무인기_특허실용신안.xlsx,2026 수집본,검색식·국가 범위·중복 제거 기준이 원본에 없어 추세 단정 금지
IPC,3,G05D,102,각 열은 독립 순위표이며 같은 행끼리 동일 특허가 아님,드론 무인기_특허실용신안.xlsx,2026 수집본,검색식·국가 범위·중복 제거 기준이 원본에 없어 추세 단정 금지
IPC,4,G01S,71,각 열은 독립 순위표이며 같은 행끼리 동일 특허가 아님,드론 무인기_특허실용신안.xlsx,2026 수집본,검색식·국가 범위·중복 제거 기준이 원본에 없어 추세 단정 금지
IPC,5,G08G,53,각 열은 독립 순위표이며 같은 행끼리 동일 특허가 아님,드론 무인기_특허실용신안.xlsx,2026 수집본,검색식·국가 범위·중복 제거 기준이 원본에 없어 추세 단정 금지
IPC,6,B64D,44,각 열은 독립 순위표이며 같은 행끼리 동일 특허가 아님,드론 무인기_특허실용신안.xlsx,2026 수집본,검색식·국가 범위·중복 제거 기준이 원본에 없어 추세 단정 금지
IPC,7,H01M,39,각 열은 독립 순위표이며 같은 행끼리 동일 특허가 아님,드론 무인기_특허실용신안.xlsx,2026 수집본,검색식·국가 범위·중복 제거 기준이 원본에 없어 추세 단정 금지
IPC,8,H04W,35,각 열은 독립 순위표이며 같은 행끼리 동일 특허가 아님,드론 무인기_특허실용신안.xlsx,2026 수집본,검색식·국가 범위·중복 제거 기준이 원본에 없어 추세 단정 금지
IPC,9,G06T,32,각 열은 독립 순위표이며 같은 행끼리 동일 특허가 아님,드론 무인기_특허실용신안.xlsx,2026 수집본,검색식·국가 범위·중복 제거 기준이 원본에 없어 추세 단정 금지
IPC,10,B64C,30,각 열은 독립 순위표이며 같은 행끼리 동일 특허가 아님,드론 무인기_특허실용신안.xlsx,2026 수집본,검색식·국가 범위·중복 제거 기준이 원본에 없어 추세 단정 금지
IPC,11,H04L,29,각 열은 독립 순위표이며 같은 행끼리 동일 특허가 아님,드론 무인기_특허실용신안.xlsx,2026 수집본,검색식·국가 범위·중복 제거 기준이 원본에 없어 추세 단정 금지
IPC,12,F41H,27,각 열은 독립 순위표이며 같은 행끼리 동일 특허가 아님,드론 무인기_특허실용신안.xlsx,2026 수집본,검색식·국가 범위·중복 제거 기준이 원본에 없어 추세 단정 금지
IPC,13,B64F,24,각 열은 독립 순위표이며 같은 행끼리 동일 특허가 아님,드론 무인기_특허실용신안.xlsx,2026 수집본,검색식·국가 범위·중복 제거 기준이 원본에 없어 추세 단정 금지
IPC,14,G09B,24,각 열은 독립 순위표이며 같은 행끼리 동일 특허가 아님,드론 무인기_특허실용신안.xlsx,2026 수집본,검색식·국가 범위·중복 제거 기준이 원본에 없어 추세 단정 금지
IPC,15,G06F,23,각 열은 독립 순위표이며 같은 행끼리 동일 특허가 아님,드론 무인기_특허실용신안.xlsx,2026 수집본,검색식·국가 범위·중복 제거 기준이 원본에 없어 추세 단정 금지
IPC,16,H04N,23,각 열은 독립 순위표이며 같은 행끼리 동일 특허가 아님,드론 무인기_특허실용신안.xlsx,2026 수집본,검색식·국가 범위·중복 제거 기준이 원본에 없어 추세 단정 금지
IPC,17,B25J,22,각 열은 독립 순위표이며 같은 행끼리 동일 특허가 아님,드론 무인기_특허실용신안.xlsx,2026 수집본,검색식·국가 범위·중복 제거 기준이 원본에 없어 추세 단정 금지
IPC,18,G01N,17,각 열은 독립 순위표이며 같은 행끼리 동일 특허가 아님,드론 무인기_특허실용신안.xlsx,2026 수집본,검색식·국가 범위·중복 제거 기준이 원본에 없어 추세 단정 금지
IPC,19,H01S,14,각 열은 독립 순위표이며 같은 행끼리 동일 특허가 아님,드론 무인기_특허실용신안.xlsx,2026 수집본,검색식·국가 범위·중복 제거 기준이 원본에 없어 추세 단정 금지
IPC,20,H04K,14,각 열은 독립 순위표이며 같은 행끼리 동일 특허가 아님,드론 무인기_특허실용신안.xlsx,2026 수집본,검색식·국가 범위·중복 제거 기준이 원본에 없어 추세 단정 금지
IPC,21,G06V,13,각 열은 독립 순위표이며 같은 행끼리 동일 특허가 아님,드론 무인기_특허실용신안.xlsx,2026 수집본,검색식·국가 범위·중복 제거 기준이 원본에 없어 추세 단정 금지
IPC,22,E04G,12,각 열은 독립 순위표이며 같은 행끼리 동일 특허가 아님,드론 무인기_특허실용신안.xlsx,2026 수집본,검색식·국가 범위·중복 제거 기준이 원본에 없어 추세 단정 금지
IPC,23,G01C,11,각 열은 독립 순위표이며 같은 행끼리 동일 특허가 아님,드론 무인기_특허실용신안.xlsx,2026 수집본,검색식·국가 범위·중복 제거 기준이 원본에 없어 추세 단정 금지
IPC,24,G08B,11,각 열은 독립 순위표이며 같은 행끼리 동일 특허가 아님,드론 무인기_특허실용신안.xlsx,2026 수집본,검색식·국가 범위·중복 제거 기준이 원본에 없어 추세 단정 금지
IPC,25,H02J,11,각 열은 독립 순위표이며 같은 행끼리 동일 특허가 아님,드론 무인기_특허실용신안.xlsx,2026 수집본,검색식·국가 범위·중복 제거 기준이 원본에 없어 추세 단정 금지
IPC,26,A62C,10,각 열은 독립 순위표이며 같은 행끼리 동일 특허가 아님,드론 무인기_특허실용신안.xlsx,2026 수집본,검색식·국가 범위·중복 제거 기준이 원본에 없어 추세 단정 금지
IPC,27,A47G,9,각 열은 독립 순위표이며 같은 행끼리 동일 특허가 아님,드론 무인기_특허실용신안.xlsx,2026 수집본,검색식·국가 범위·중복 제거 기준이 원본에 없어 추세 단정 금지
IPC,28,H04B,9,각 열은 독립 순위표이며 같은 행끼리 동일 특허가 아님,드론 무인기_특허실용신안.xlsx,2026 수집본,검색식·국가 범위·중복 제거 기준이 원본에 없어 추세 단정 금지
IPC,29,G01W,8,각 열은 독립 순위표이며 같은 행끼리 동일 특허가 아님,드론 무인기_특허실용신안.xlsx,2026 수집본,검색식·국가 범위·중복 제거 기준이 원본에 없어 추세 단정 금지
IPC,30,G02B,8,각 열은 독립 순위표이며 같은 행끼리 동일 특허가 아님,드론 무인기_특허실용신안.xlsx,2026 수집본,검색식·국가 범위·중복 제거 기준이 원본에 없어 추세 단정 금지
IPC,31,A63F,7,각 열은 독립 순위표이며 같은 행끼리 동일 특허가 아님,드론 무인기_특허실용신안.xlsx,2026 수집본,검색식·국가 범위·중복 제거 기준이 원본에 없어 추세 단정 금지
IPC,32,H01Q,7,각 열은 독립 순위표이며 같은 행끼리 동일 특허가 아님,드론 무인기_특허실용신안.xlsx,2026 수집본,검색식·국가 범위·중복 제거 기준이 원본에 없어 추세 단정 금지
IPC,33,B63B,6,각 열은 독립 순위표이며 같은 행끼리 동일 특허가 아님,드론 무인기_특허실용신안.xlsx,2026 수집본,검색식·국가 범위·중복 제거 기준이 원본에 없어 추세 단정 금지
IPC,34,F41G,6,각 열은 독립 순위표이며 같은 행끼리 동일 특허가 아님,드론 무인기_특허실용신안.xlsx,2026 수집본,검색식·국가 범위·중복 제거 기준이 원본에 없어 추세 단정 금지
IPC,35,H02K,6,각 열은 독립 순위표이며 같은 행끼리 동일 특허가 아님,드론 무인기_특허실용신안.xlsx,2026 수집본,검색식·국가 범위·중복 제거 기준이 원본에 없어 추세 단정 금지
IPC,36,F17C,5,각 열은 독립 순위표이며 같은 행끼리 동일 특허가 아님,드론 무인기_특허실용신안.xlsx,2026 수집본,검색식·국가 범위·중복 제거 기준이 원본에 없어 추세 단정 금지
IPC,37,E04C,4,각 열은 독립 순위표이며 같은 행끼리 동일 특허가 아님,드론 무인기_특허실용신안.xlsx,2026 수집본,검색식·국가 범위·중복 제거 기준이 원본에 없어 추세 단정 금지
IPC,38,F42B,4,각 열은 독립 순위표이며 같은 행끼리 동일 특허가 아님,드론 무인기_특허실용신안.xlsx,2026 수집본,검색식·국가 범위·중복 제거 기준이 원본에 없어 추세 단정 금지
IPC,39,G01B,4,각 열은 독립 순위표이며 같은 행끼리 동일 특허가 아님,드론 무인기_특허실용신안.xlsx,2026 수집본,검색식·국가 범위·중복 제거 기준이 원본에 없어 추세 단정 금지
IPC,40,G06N,4,각 열은 독립 순위표이며 같은 행끼리 동일 특허가 아님,드론 무인기_특허실용신안.xlsx,2026 수집본,검색식·국가 범위·중복 제거 기준이 원본에 없어 추세 단정 금지
IPC,41,H02S,4,각 열은 독립 순위표이며 같은 행끼리 동일 특허가 아님,드론 무인기_특허실용신안.xlsx,2026 수집본,검색식·국가 범위·중복 제거 기준이 원본에 없어 추세 단정 금지
IPC,42,A01M,3,각 열은 독립 순위표이며 같은 행끼리 동일 특허가 아님,드론 무인기_특허실용신안.xlsx,2026 수집본,검색식·국가 범위·중복 제거 기준이 원본에 없어 추세 단정 금지
IPC,43,B60F,3,각 열은 독립 순위표이며 같은 행끼리 동일 특허가 아님,드론 무인기_특허실용신안.xlsx,2026 수집본,검색식·국가 범위·중복 제거 기준이 원본에 없어 추세 단정 금지
IPC,44,B60P,3,각 열은 독립 순위표이며 같은 행끼리 동일 특허가 아님,드론 무인기_특허실용신안.xlsx,2026 수집본,검색식·국가 범위·중복 제거 기준이 원본에 없어 추세 단정 금지
IPC,45,B63C,3,각 열은 독립 순위표이며 같은 행끼리 동일 특허가 아님,드론 무인기_특허실용신안.xlsx,2026 수집본,검색식·국가 범위·중복 제거 기준이 원본에 없어 추세 단정 금지
IPC,46,B63G,3,각 열은 독립 순위표이며 같은 행끼리 동일 특허가 아님,드론 무인기_특허실용신안.xlsx,2026 수집본,검색식·국가 범위·중복 제거 기준이 원본에 없어 추세 단정 금지
IPC,47,C04B,3,각 열은 독립 순위표이며 같은 행끼리 동일 특허가 아님,드론 무인기_특허실용신안.xlsx,2026 수집본,검색식·국가 범위·중복 제거 기준이 원본에 없어 추세 단정 금지
IPC,48,E01F,3,각 열은 독립 순위표이며 같은 행끼리 동일 특허가 아님,드론 무인기_특허실용신안.xlsx,2026 수집본,검색식·국가 범위·중복 제거 기준이 원본에 없어 추세 단정 금지
IPC,49,F02B,3,각 열은 독립 순위표이며 같은 행끼리 동일 특허가 아님,드론 무인기_특허실용신안.xlsx,2026 수집본,검색식·국가 범위·중복 제거 기준이 원본에 없어 추세 단정 금지
IPC,50,F42C,3,각 열은 독립 순위표이며 같은 행끼리 동일 특허가 아님,드론 무인기_특허실용신안.xlsx,2026 수집본,검색식·국가 범위·중복 제거 기준이 원본에 없어 추세 단정 금지
CPC,1,B64C,412,각 열은 독립 순위표이며 같은 행끼리 동일 특허가 아님,드론 무인기_특허실용신안.xlsx,2026 수집본,검색식·국가 범위·중복 제거 기준이 원본에 없어 추세 단정 금지
CPC,2,B64U,125,각 열은 독립 순위표이며 같은 행끼리 동일 특허가 아님,드론 무인기_특허실용신안.xlsx,2026 수집본,검색식·국가 범위·중복 제거 기준이 원본에 없어 추세 단정 금지
CPC,3,G01S,59,각 열은 독립 순위표이며 같은 행끼리 동일 특허가 아님,드론 무인기_특허실용신안.xlsx,2026 수집본,검색식·국가 범위·중복 제거 기준이 원본에 없어 추세 단정 금지
CPC,4,B64D,54,각 열은 독립 순위표이며 같은 행끼리 동일 특허가 아님,드론 무인기_특허실용신안.xlsx,2026 수집본,검색식·국가 범위·중복 제거 기준이 원본에 없어 추세 단정 금지
CPC,5,B25J,32,각 열은 독립 순위표이며 같은 행끼리 동일 특허가 아님,드론 무인기_특허실용신안.xlsx,2026 수집본,검색식·국가 범위·중복 제거 기준이 원본에 없어 추세 단정 금지
CPC,6,B60L,27,각 열은 독립 순위표이며 같은 행끼리 동일 특허가 아님,드론 무인기_특허실용신안.xlsx,2026 수집본,검색식·국가 범위·중복 제거 기준이 원본에 없어 추세 단정 금지
CPC,7,B09B,25,각 열은 독립 순위표이며 같은 행끼리 동일 특허가 아님,드론 무인기_특허실용신안.xlsx,2026 수집본,검색식·국가 범위·중복 제거 기준이 원본에 없어 추세 단정 금지
CPC,8,B64F,24,각 열은 독립 순위표이며 같은 행끼리 동일 특허가 아님,드론 무인기_특허실용신안.xlsx,2026 수집본,검색식·국가 범위·중복 제거 기준이 원본에 없어 추세 단정 금지
CPC,9,H01M,24,각 열은 독립 순위표이며 같은 행끼리 동일 특허가 아님,드론 무인기_특허실용신안.xlsx,2026 수집본,검색식·국가 범위·중복 제거 기준이 원본에 없어 추세 단정 금지
CPC,10,A62C,23,각 열은 독립 순위표이며 같은 행끼리 동일 특허가 아님,드론 무인기_특허실용신안.xlsx,2026 수집본,검색식·국가 범위·중복 제거 기준이 원본에 없어 추세 단정 금지
CPC,11,G06F,20,각 열은 독립 순위표이며 같은 행끼리 동일 특허가 아님,드론 무인기_특허실용신안.xlsx,2026 수집본,검색식·국가 범위·중복 제거 기준이 원본에 없어 추세 단정 금지
CPC,12,A01M,19,각 열은 독립 순위표이며 같은 행끼리 동일 특허가 아님,드론 무인기_특허실용신안.xlsx,2026 수집본,검색식·국가 범위·중복 제거 기준이 원본에 없어 추세 단정 금지
CPC,13,F41H,17,각 열은 독립 순위표이며 같은 행끼리 동일 특허가 아님,드론 무인기_특허실용신안.xlsx,2026 수집본,검색식·국가 범위·중복 제거 기준이 원본에 없어 추세 단정 금지
CPC,14,H04L,17,각 열은 독립 순위표이며 같은 행끼리 동일 특허가 아님,드론 무인기_특허실용신안.xlsx,2026 수집본,검색식·국가 범위·중복 제거 기준이 원본에 없어 추세 단정 금지
CPC,15,G06N,16,각 열은 독립 순위표이며 같은 행끼리 동일 특허가 아님,드론 무인기_특허실용신안.xlsx,2026 수집본,검색식·국가 범위·중복 제거 기준이 원본에 없어 추세 단정 금지
CPC,16,H04B,16,각 열은 독립 순위표이며 같은 행끼리 동일 특허가 아님,드론 무인기_특허실용신안.xlsx,2026 수집본,검색식·국가 범위·중복 제거 기준이 원본에 없어 추세 단정 금지
CPC,17,A61L,15,각 열은 독립 순위표이며 같은 행끼리 동일 특허가 아님,드론 무인기_특허실용신안.xlsx,2026 수집본,검색식·국가 범위·중복 제거 기준이 원본에 없어 추세 단정 금지
CPC,18,G06Q,15,각 열은 독립 순위표이며 같은 행끼리 동일 특허가 아님,드론 무인기_특허실용신안.xlsx,2026 수집본,검색식·국가 범위·중복 제거 기준이 원본에 없어 추세 단정 금지
CPC,19,G06T,14,각 열은 독립 순위표이며 같은 행끼리 동일 특허가 아님,드론 무인기_특허실용신안.xlsx,2026 수집본,검색식·국가 범위·중복 제거 기준이 원본에 없어 추세 단정 금지
CPC,20,G05D,12,각 열은 독립 순위표이며 같은 행끼리 동일 특허가 아님,드론 무인기_특허실용신안.xlsx,2026 수집본,검색식·국가 범위·중복 제거 기준이 원본에 없어 추세 단정 금지
CPC,21,B60Y,11,각 열은 독립 순위표이며 같은 행끼리 동일 특허가 아님,드론 무인기_특허실용신안.xlsx,2026 수집본,검색식·국가 범위·중복 제거 기준이 원본에 없어 추세 단정 금지
CPC,22,B63B,11,각 열은 독립 순위표이며 같은 행끼리 동일 특허가 아님,드론 무인기_특허실용신안.xlsx,2026 수집본,검색식·국가 범위·중복 제거 기준이 원본에 없어 추세 단정 금지
CPC,23,G02B,11,각 열은 독립 순위표이며 같은 행끼리 동일 특허가 아님,드론 무인기_특허실용신안.xlsx,2026 수집본,검색식·국가 범위·중복 제거 기준이 원본에 없어 추세 단정 금지
CPC,24,B01D,10,각 열은 독립 순위표이며 같은 행끼리 동일 특허가 아님,드론 무인기_특허실용신안.xlsx,2026 수집본,검색식·국가 범위·중복 제거 기준이 원본에 없어 추세 단정 금지
CPC,25,H04N,10,각 열은 독립 순위표이며 같은 행끼리 동일 특허가 아님,드론 무인기_특허실용신안.xlsx,2026 수집본,검색식·국가 범위·중복 제거 기준이 원본에 없어 추세 단정 금지
CPC,26,H04W,10,각 열은 독립 순위표이며 같은 행끼리 동일 특허가 아님,드론 무인기_특허실용신안.xlsx,2026 수집본,검색식·국가 범위·중복 제거 기준이 원본에 없어 추세 단정 금지
CPC,27,A47G,9,각 열은 독립 순위표이며 같은 행끼리 동일 특허가 아님,드론 무인기_특허실용신안.xlsx,2026 수집본,검색식·국가 범위·중복 제거 기준이 원본에 없어 추세 단정 금지
CPC,28,B29C,9,각 열은 독립 순위표이며 같은 행끼리 동일 특허가 아님,드론 무인기_특허실용신안.xlsx,2026 수집본,검색식·국가 범위·중복 제거 기준이 원본에 없어 추세 단정 금지
CPC,29,G08G,9,각 열은 독립 순위표이며 같은 행끼리 동일 특허가 아님,드론 무인기_특허실용신안.xlsx,2026 수집본,검색식·국가 범위·중복 제거 기준이 원본에 없어 추세 단정 금지
CPC,30,A63F,8,각 열은 독립 순위표이며 같은 행끼리 동일 특허가 아님,드론 무인기_특허실용신안.xlsx,2026 수집본,검색식·국가 범위·중복 제거 기준이 원본에 없어 추세 단정 금지
CPC,31,B05B,8,각 열은 독립 순위표이며 같은 행끼리 동일 특허가 아님,드론 무인기_특허실용신안.xlsx,2026 수집본,검색식·국가 범위·중복 제거 기준이 원본에 없어 추세 단정 금지
CPC,32,B33Y,8,각 열은 독립 순위표이며 같은 행끼리 동일 특허가 아님,드론 무인기_특허실용신안.xlsx,2026 수집본,검색식·국가 범위·중복 제거 기준이 원본에 없어 추세 단정 금지
CPC,33,B60P,8,각 열은 독립 순위표이며 같은 행끼리 동일 특허가 아님,드론 무인기_특허실용신안.xlsx,2026 수집본,검색식·국가 범위·중복 제거 기준이 원본에 없어 추세 단정 금지
CPC,34,G01J,8,각 열은 독립 순위표이며 같은 행끼리 동일 특허가 아님,드론 무인기_특허실용신안.xlsx,2026 수집본,검색식·국가 범위·중복 제거 기준이 원본에 없어 추세 단정 금지
CPC,35,B60W,7,각 열은 독립 순위표이며 같은 행끼리 동일 특허가 아님,드론 무인기_특허실용신안.xlsx,2026 수집본,검색식·국가 범위·중복 제거 기준이 원본에 없어 추세 단정 금지
CPC,36,B63C,7,각 열은 독립 순위표이며 같은 행끼리 동일 특허가 아님,드론 무인기_특허실용신안.xlsx,2026 수집본,검색식·국가 범위·중복 제거 기준이 원본에 없어 추세 단정 금지
CPC,37,F41G,7,각 열은 독립 순위표이며 같은 행끼리 동일 특허가 아님,드론 무인기_특허실용신안.xlsx,2026 수집본,검색식·국가 범위·중복 제거 기준이 원본에 없어 추세 단정 금지
CPC,38,B60R,6,각 열은 독립 순위표이며 같은 행끼리 동일 특허가 아님,드론 무인기_특허실용신안.xlsx,2026 수집본,검색식·국가 범위·중복 제거 기준이 원본에 없어 추세 단정 금지
CPC,39,G01C,6,각 열은 독립 순위표이며 같은 행끼리 동일 특허가 아님,드론 무인기_특허실용신안.xlsx,2026 수집본,검색식·국가 범위·중복 제거 기준이 원본에 없어 추세 단정 금지
CPC,40,H01S,6,각 열은 독립 순위표이며 같은 행끼리 동일 특허가 아님,드론 무인기_특허실용신안.xlsx,2026 수집본,검색식·국가 범위·중복 제거 기준이 원본에 없어 추세 단정 금지
CPC,41,A01G,5,각 열은 독립 순위표이며 같은 행끼리 동일 특허가 아님,드론 무인기_특허실용신안.xlsx,2026 수집본,검색식·국가 범위·중복 제거 기준이 원본에 없어 추세 단정 금지
CPC,42,A61B,5,각 열은 독립 순위표이며 같은 행끼리 동일 특허가 아님,드론 무인기_특허실용신안.xlsx,2026 수집본,검색식·국가 범위·중복 제거 기준이 원본에 없어 추세 단정 금지
CPC,43,B63G,5,각 열은 독립 순위표이며 같은 행끼리 동일 특허가 아님,드론 무인기_특허실용신안.xlsx,2026 수집본,검색식·국가 범위·중복 제거 기준이 원본에 없어 추세 단정 금지
CPC,44,F17C,5,각 열은 독립 순위표이며 같은 행끼리 동일 특허가 아님,드론 무인기_특허실용신안.xlsx,2026 수집본,검색식·국가 범위·중복 제거 기준이 원본에 없어 추세 단정 금지
CPC,45,G01N,5,각 열은 독립 순위표이며 같은 행끼리 동일 특허가 아님,드론 무인기_특허실용신안.xlsx,2026 수집본,검색식·국가 범위·중복 제거 기준이 원본에 없어 추세 단정 금지
CPC,46,H04K,5,각 열은 독립 순위표이며 같은 행끼리 동일 특허가 아님,드론 무인기_특허실용신안.xlsx,2026 수집본,검색식·국가 범위·중복 제거 기준이 원본에 없어 추세 단정 금지
CPC,47,B05D,4,각 열은 독립 순위표이며 같은 행끼리 동일 특허가 아님,드론 무인기_특허실용신안.xlsx,2026 수집본,검색식·국가 범위·중복 제거 기준이 원본에 없어 추세 단정 금지
CPC,48,B32B,4,각 열은 독립 순위표이며 같은 행끼리 동일 특허가 아님,드론 무인기_특허실용신안.xlsx,2026 수집본,검색식·국가 범위·중복 제거 기준이 원본에 없어 추세 단정 금지
CPC,49,F41A,4,각 열은 독립 순위표이며 같은 행끼리 동일 특허가 아님,드론 무인기_특허실용신안.xlsx,2026 수집본,검색식·국가 범위·중복 제거 기준이 원본에 없어 추세 단정 금지
CPC,50,H01Q,4,각 열은 독립 순위표이며 같은 행끼리 동일 특허가 아님,드론 무인기_특허실용신안.xlsx,2026 수집본,검색식·국가 범위·중복 제거 기준이 원본에 없어 추세 단정 금지
출원인,1,에코산업 주식회사,79,각 열은 독립 순위표이며 같은 행끼리 동일 특허가 아님,드론 무인기_특허실용신안.xlsx,2026 수집본,검색식·국가 범위·중복 제거 기준이 원본에 없어 추세 단정 금지
출원인,2,한국항공우주연구원,48,각 열은 독립 순위표이며 같은 행끼리 동일 특허가 아님,드론 무인기_특허실용신안.xlsx,2026 수집본,검색식·국가 범위·중복 제거 기준이 원본에 없어 추세 단정 금지
출원인,3,국방과학연구소,46,각 열은 독립 순위표이며 같은 행끼리 동일 특허가 아님,드론 무인기_특허실용신안.xlsx,2026 수집본,검색식·국가 범위·중복 제거 기준이 원본에 없어 추세 단정 금지
출원인,4,한국전자통신연구원,44,각 열은 독립 순위표이며 같은 행끼리 동일 특허가 아님,드론 무인기_특허실용신안.xlsx,2026 수집본,검색식·국가 범위·중복 제거 기준이 원본에 없어 추세 단정 금지
출원인,5,엘아이지디펜스앤에어로스페이스 주식회사,33,각 열은 독립 순위표이며 같은 행끼리 동일 특허가 아님,드론 무인기_특허실용신안.xlsx,2026 수집본,검색식·국가 범위·중복 제거 기준이 원본에 없어 추세 단정 금지
출원인,6,한국전력공사,29,각 열은 독립 순위표이며 같은 행끼리 동일 특허가 아님,드론 무인기_특허실용신안.xlsx,2026 수집본,검색식·국가 범위·중복 제거 기준이 원본에 없어 추세 단정 금지
출원인,7,한국과학기술연구원,18,각 열은 독립 순위표이며 같은 행끼리 동일 특허가 아님,드론 무인기_특허실용신안.xlsx,2026 수집본,검색식·국가 범위·중복 제거 기준이 원본에 없어 추세 단정 금지
출원인,8,한화에어로스페이스 주식회사,15,각 열은 독립 순위표이며 같은 행끼리 동일 특허가 아님,드론 무인기_특허실용신안.xlsx,2026 수집본,검색식·국가 범위·중복 제거 기준이 원본에 없어 추세 단정 금지
출원인,9,주식회사 한화,15,각 열은 독립 순위표이며 같은 행끼리 동일 특허가 아님,드론 무인기_특허실용신안.xlsx,2026 수집본,검색식·국가 범위·중복 제거 기준이 원본에 없어 추세 단정 금지
출원인,10,한화시스템 주식회사,14,각 열은 독립 순위표이며 같은 행끼리 동일 특허가 아님,드론 무인기_특허실용신안.xlsx,2026 수집본,검색식·국가 범위·중복 제거 기준이 원본에 없어 추세 단정 금지
출원인,11,한국과학기술원,14,각 열은 독립 순위표이며 같은 행끼리 동일 특허가 아님,드론 무인기_특허실용신안.xlsx,2026 수집본,검색식·국가 범위·중복 제거 기준이 원본에 없어 추세 단정 금지
출원인,12,한국항공대학교산학협력단,10,각 열은 독립 순위표이며 같은 행끼리 동일 특허가 아님,드론 무인기_특허실용신안.xlsx,2026 수집본,검색식·국가 범위·중복 제거 기준이 원본에 없어 추세 단정 금지
출원인,13,주식회사 나르마,9,각 열은 독립 순위표이며 같은 행끼리 동일 특허가 아님,드론 무인기_특허실용신안.xlsx,2026 수집본,검색식·국가 범위·중복 제거 기준이 원본에 없어 추세 단정 금지
출원인,14,주식회사 시너지,9,각 열은 독립 순위표이며 같은 행끼리 동일 특허가 아님,드론 무인기_특허실용신안.xlsx,2026 수집본,검색식·국가 범위·중복 제거 기준이 원본에 없어 추세 단정 금지
출원인,15,인하대학교 산학협력단,9,각 열은 독립 순위표이며 같은 행끼리 동일 특허가 아님,드론 무인기_특허실용신안.xlsx,2026 수집본,검색식·국가 범위·중복 제거 기준이 원본에 없어 추세 단정 금지
출원인,16,한국전력기술 주식회사,8,각 열은 독립 순위표이며 같은 행끼리 동일 특허가 아님,드론 무인기_특허실용신안.xlsx,2026 수집본,검색식·국가 범위·중복 제거 기준이 원본에 없어 추세 단정 금지
출원인,17,주식회사 두시텍,8,각 열은 독립 순위표이며 같은 행끼리 동일 특허가 아님,드론 무인기_특허실용신안.xlsx,2026 수집본,검색식·국가 범위·중복 제거 기준이 원본에 없어 추세 단정 금지
출원인,18,에스케이온 주식회사,8,각 열은 독립 순위표이며 같은 행끼리 동일 특허가 아님,드론 무인기_특허실용신안.xlsx,2026 수집본,검색식·국가 범위·중복 제거 기준이 원본에 없어 추세 단정 금지
출원인,19,한국철도기술연구원,8,각 열은 독립 순위표이며 같은 행끼리 동일 특허가 아님,드론 무인기_특허실용신안.xlsx,2026 수집본,검색식·국가 범위·중복 제거 기준이 원본에 없어 추세 단정 금지
출원인,20,기아 주식회사,7,각 열은 독립 순위표이며 같은 행끼리 동일 특허가 아님,드론 무인기_특허실용신안.xlsx,2026 수집본,검색식·국가 범위·중복 제거 기준이 원본에 없어 추세 단정 금지
출원인,21,현대자동차주식회사,7,각 열은 독립 순위표이며 같은 행끼리 동일 특허가 아님,드론 무인기_특허실용신안.xlsx,2026 수집본,검색식·국가 범위·중복 제거 기준이 원본에 없어 추세 단정 금지
출원인,22,주식회사 디지털커브,7,각 열은 독립 순위표이며 같은 행끼리 동일 특허가 아님,드론 무인기_특허실용신안.xlsx,2026 수집본,검색식·국가 범위·중복 제거 기준이 원본에 없어 추세 단정 금지
출원인,23,주식회사 삼정솔루션,7,각 열은 독립 순위표이며 같은 행끼리 동일 특허가 아님,드론 무인기_특허실용신안.xlsx,2026 수집본,검색식·국가 범위·중복 제거 기준이 원본에 없어 추세 단정 금지
출원인,24,(주)에이엔에이치스트럭쳐,7,각 열은 독립 순위표이며 같은 행끼리 동일 특허가 아님,드론 무인기_특허실용신안.xlsx,2026 수집본,검색식·국가 범위·중복 제거 기준이 원본에 없어 추세 단정 금지
출원인,25,주식회사 하늘숲엔지니어링,7,각 열은 독립 순위표이며 같은 행끼리 동일 특허가 아님,드론 무인기_특허실용신안.xlsx,2026 수집본,검색식·국가 범위·중복 제거 기준이 원본에 없어 추세 단정 금지
출원인,26,탑스커뮤니케이션 주식회사,7,각 열은 독립 순위표이며 같은 행끼리 동일 특허가 아님,드론 무인기_특허실용신안.xlsx,2026 수집본,검색식·국가 범위·중복 제거 기준이 원본에 없어 추세 단정 금지
출원인,27,건국대학교 산학협력단,7,각 열은 독립 순위표이며 같은 행끼리 동일 특허가 아님,드론 무인기_특허실용신안.xlsx,2026 수집본,검색식·국가 범위·중복 제거 기준이 원본에 없어 추세 단정 금지
출원인,28,이정용,7,각 열은 독립 순위표이며 같은 행끼리 동일 특허가 아님,드론 무인기_특허실용신안.xlsx,2026 수집본,검색식·국가 범위·중복 제거 기준이 원본에 없어 추세 단정 금지
출원인,29,대한민국(행정안전부 국립재난안전연구원장),6,각 열은 독립 순위표이며 같은 행끼리 동일 특허가 아님,드론 무인기_특허실용신안.xlsx,2026 수집본,검색식·국가 범위·중복 제거 기준이 원본에 없어 추세 단정 금지
출원인,30,포항공과대학교 산학협력단,6,각 열은 독립 순위표이며 같은 행끼리 동일 특허가 아님,드론 무인기_특허실용신안.xlsx,2026 수집본,검색식·국가 범위·중복 제거 기준이 원본에 없어 추세 단정 금지
출원인,31,세종대학교산학협력단,6,각 열은 독립 순위표이며 같은 행끼리 동일 특허가 아님,드론 무인기_특허실용신안.xlsx,2026 수집본,검색식·국가 범위·중복 제거 기준이 원본에 없어 추세 단정 금지
출원인,32,재단법인대구경북과학기술원,6,각 열은 독립 순위표이며 같은 행끼리 동일 특허가 아님,드론 무인기_특허실용신안.xlsx,2026 수집본,검색식·국가 범위·중복 제거 기준이 원본에 없어 추세 단정 금지
출원인,33,대한민국(방위사업청장),6,각 열은 독립 순위표이며 같은 행끼리 동일 특허가 아님,드론 무인기_특허실용신안.xlsx,2026 수집본,검색식·국가 범위·중복 제거 기준이 원본에 없어 추세 단정 금지
출원인,34,김명준,6,각 열은 독립 순위표이며 같은 행끼리 동일 특허가 아님,드론 무인기_특허실용신안.xlsx,2026 수집본,검색식·국가 범위·중복 제거 기준이 원본에 없어 추세 단정 금지
출원인,35,도레이첨단소재 주식회사,5,각 열은 독립 순위표이며 같은 행끼리 동일 특허가 아님,드론 무인기_특허실용신안.xlsx,2026 수집본,검색식·국가 범위·중복 제거 기준이 원본에 없어 추세 단정 금지
출원인,36,서울대학교산학협력단,5,각 열은 독립 순위표이며 같은 행끼리 동일 특허가 아님,드론 무인기_특허실용신안.xlsx,2026 수집본,검색식·국가 범위·중복 제거 기준이 원본에 없어 추세 단정 금지
출원인,37,주식회사포앤텍,5,각 열은 독립 순위표이며 같은 행끼리 동일 특허가 아님,드론 무인기_특허실용신안.xlsx,2026 수집본,검색식·국가 범위·중복 제거 기준이 원본에 없어 추세 단정 금지
출원인,38,주식회사 아르고스다인,5,각 열은 독립 순위표이며 같은 행끼리 동일 특허가 아님,드론 무인기_특허실용신안.xlsx,2026 수집본,검색식·국가 범위·중복 제거 기준이 원본에 없어 추세 단정 금지
출원인,39,(주)뷰런테크놀로지,5,각 열은 독립 순위표이며 같은 행끼리 동일 특허가 아님,드론 무인기_특허실용신안.xlsx,2026 수집본,검색식·국가 범위·중복 제거 기준이 원본에 없어 추세 단정 금지
출원인,40,주식회사 에브리심,5,각 열은 독립 순위표이며 같은 행끼리 동일 특허가 아님,드론 무인기_특허실용신안.xlsx,2026 수집본,검색식·국가 범위·중복 제거 기준이 원본에 없어 추세 단정 금지
출원인,41,경북대학교 산학협력단,5,각 열은 독립 순위표이며 같은 행끼리 동일 특허가 아님,드론 무인기_특허실용신안.xlsx,2026 수집본,검색식·국가 범위·중복 제거 기준이 원본에 없어 추세 단정 금지
출원인,42,경상국립대학교산학협력단,5,각 열은 독립 순위표이며 같은 행끼리 동일 특허가 아님,드론 무인기_특허실용신안.xlsx,2026 수집본,검색식·국가 범위·중복 제거 기준이 원본에 없어 추세 단정 금지
출원인,43,아주대학교산학협력단,5,각 열은 독립 순위표이며 같은 행끼리 동일 특허가 아님,드론 무인기_특허실용신안.xlsx,2026 수집본,검색식·국가 범위·중복 제거 기준이 원본에 없어 추세 단정 금지
출원인,44,안범주,5,각 열은 독립 순위표이며 같은 행끼리 동일 특허가 아님,드론 무인기_특허실용신안.xlsx,2026 수집본,검색식·국가 범위·중복 제거 기준이 원본에 없어 추세 단정 금지
출원인,45,김태산,5,각 열은 독립 순위표이며 같은 행끼리 동일 특허가 아님,드론 무인기_특허실용신안.xlsx,2026 수집본,검색식·국가 범위·중복 제거 기준이 원본에 없어 추세 단정 금지
출원인,46,주식회사 엘지유플러스,4,각 열은 독립 순위표이며 같은 행끼리 동일 특허가 아님,드론 무인기_특허실용신안.xlsx,2026 수집본,검색식·국가 범위·중복 제거 기준이 원본에 없어 추세 단정 금지
출원인,47,(주)대우건설,4,각 열은 독립 순위표이며 같은 행끼리 동일 특허가 아님,드론 무인기_특허실용신안.xlsx,2026 수집본,검색식·국가 범위·중복 제거 기준이 원본에 없어 추세 단정 금지
출원인,48,주식회사 이투온,4,각 열은 독립 순위표이며 같은 행끼리 동일 특허가 아님,드론 무인기_특허실용신안.xlsx,2026 수집본,검색식·국가 범위·중복 제거 기준이 원본에 없어 추세 단정 금지
출원인,49,엘지전자 주식회사,4,각 열은 독립 순위표이며 같은 행끼리 동일 특허가 아님,드론 무인기_특허실용신안.xlsx,2026 수집본,검색식·국가 범위·중복 제거 기준이 원본에 없어 추세 단정 금지
출원인,50,사단법인 캠틱종합기술원,4,각 열은 독립 순위표이며 같은 행끼리 동일 특허가 아님,드론 무인기_특허실용신안.xlsx,2026 수집본,검색식·국가 범위·중복 제거 기준이 원본에 없어 추세 단정 금지
발명자,1,정하익,79,각 열은 독립 순위표이며 같은 행끼리 동일 특허가 아님,드론 무인기_특허실용신안.xlsx,2026 수집본,검색식·국가 범위·중복 제거 기준이 원본에 없어 추세 단정 금지
발명자,2,이용수,23,각 열은 독립 순위표이며 같은 행끼리 동일 특허가 아님,드론 무인기_특허실용신안.xlsx,2026 수집본,검색식·국가 범위·중복 제거 기준이 원본에 없어 추세 단정 금지
발명자,3,김태우,19,각 열은 독립 순위표이며 같은 행끼리 동일 특허가 아님,드론 무인기_특허실용신안.xlsx,2026 수집본,검색식·국가 범위·중복 제거 기준이 원본에 없어 추세 단정 금지
발명자,4,김상인,18,각 열은 독립 순위표이며 같은 행끼리 동일 특허가 아님,드론 무인기_특허실용신안.xlsx,2026 수집본,검색식·국가 범위·중복 제거 기준이 원본에 없어 추세 단정 금지
발명자,5,이강인,18,각 열은 독립 순위표이며 같은 행끼리 동일 특허가 아님,드론 무인기_특허실용신안.xlsx,2026 수집본,검색식·국가 범위·중복 제거 기준이 원본에 없어 추세 단정 금지
발명자,6,정민완,15,각 열은 독립 순위표이며 같은 행끼리 동일 특허가 아님,드론 무인기_특허실용신안.xlsx,2026 수집본,검색식·국가 범위·중복 제거 기준이 원본에 없어 추세 단정 금지
발명자,7,조준용,15,각 열은 독립 순위표이며 같은 행끼리 동일 특허가 아님,드론 무인기_특허실용신안.xlsx,2026 수집본,검색식·국가 범위·중복 제거 기준이 원본에 없어 추세 단정 금지
발명자,8,김문석,14,각 열은 독립 순위표이며 같은 행끼리 동일 특허가 아님,드론 무인기_특허실용신안.xlsx,2026 수집본,검색식·국가 범위·중복 제거 기준이 원본에 없어 추세 단정 금지
발명자,9,조원일,14,각 열은 독립 순위표이며 같은 행끼리 동일 특허가 아님,드론 무인기_특허실용신안.xlsx,2026 수집본,검색식·국가 범위·중복 제거 기준이 원본에 없어 추세 단정 금지
발명자,10,김동환,13,각 열은 독립 순위표이며 같은 행끼리 동일 특허가 아님,드론 무인기_특허실용신안.xlsx,2026 수집본,검색식·국가 범위·중복 제거 기준이 원본에 없어 추세 단정 금지
발명자,11,박종석,13,각 열은 독립 순위표이며 같은 행끼리 동일 특허가 아님,드론 무인기_특허실용신안.xlsx,2026 수집본,검색식·국가 범위·중복 제거 기준이 원본에 없어 추세 단정 금지
발명자,12,유준상,13,각 열은 독립 순위표이며 같은 행끼리 동일 특허가 아님,드론 무인기_특허실용신안.xlsx,2026 수집본,검색식·국가 범위·중복 제거 기준이 원본에 없어 추세 단정 금지
발명자,13,김민기,12,각 열은 독립 순위표이며 같은 행끼리 동일 특허가 아님,드론 무인기_특허실용신안.xlsx,2026 수집본,검색식·국가 범위·중복 제거 기준이 원본에 없어 추세 단정 금지
발명자,14,김태훈,12,각 열은 독립 순위표이며 같은 행끼리 동일 특허가 아님,드론 무인기_특허실용신안.xlsx,2026 수집본,검색식·국가 범위·중복 제거 기준이 원본에 없어 추세 단정 금지
발명자,15,강태구,11,각 열은 독립 순위표이며 같은 행끼리 동일 특허가 아님,드론 무인기_특허실용신안.xlsx,2026 수집본,검색식·국가 범위·중복 제거 기준이 원본에 없어 추세 단정 금지
발명자,16,남승현,11,각 열은 독립 순위표이며 같은 행끼리 동일 특허가 아님,드론 무인기_특허실용신안.xlsx,2026 수집본,검색식·국가 범위·중복 제거 기준이 원본에 없어 추세 단정 금지
발명자,17,이상록,11,각 열은 독립 순위표이며 같은 행끼리 동일 특허가 아님,드론 무인기_특허실용신안.xlsx,2026 수집본,검색식·국가 범위·중복 제거 기준이 원본에 없어 추세 단정 금지
발명자,18,류지현,10,각 열은 독립 순위표이며 같은 행끼리 동일 특허가 아님,드론 무인기_특허실용신안.xlsx,2026 수집본,검색식·국가 범위·중복 제거 기준이 원본에 없어 추세 단정 금지
발명자,19,이승훈,10,각 열은 독립 순위표이며 같은 행끼리 동일 특허가 아님,드론 무인기_특허실용신안.xlsx,2026 수집본,검색식·국가 범위·중복 제거 기준이 원본에 없어 추세 단정 금지
발명자,20,권기정,9,각 열은 독립 순위표이며 같은 행끼리 동일 특허가 아님,드론 무인기_특허실용신안.xlsx,2026 수집본,검색식·국가 범위·중복 제거 기준이 원본에 없어 추세 단정 금지
발명자,21,장권영,9,각 열은 독립 순위표이며 같은 행끼리 동일 특허가 아님,드론 무인기_특허실용신안.xlsx,2026 수집본,검색식·국가 범위·중복 제거 기준이 원본에 없어 추세 단정 금지
발명자,22,정예지,9,각 열은 독립 순위표이며 같은 행끼리 동일 특허가 아님,드론 무인기_특허실용신안.xlsx,2026 수집본,검색식·국가 범위·중복 제거 기준이 원본에 없어 추세 단정 금지
발명자,23,정욱,9,각 열은 독립 순위표이며 같은 행끼리 동일 특허가 아님,드론 무인기_특허실용신안.xlsx,2026 수집본,검색식·국가 범위·중복 제거 기준이 원본에 없어 추세 단정 금지
발명자,24,최춘화,9,각 열은 독립 순위표이며 같은 행끼리 동일 특허가 아님,드론 무인기_특허실용신안.xlsx,2026 수집본,검색식·국가 범위·중복 제거 기준이 원본에 없어 추세 단정 금지
발명자,25,김대현,8,각 열은 독립 순위표이며 같은 행끼리 동일 특허가 아님,드론 무인기_특허실용신안.xlsx,2026 수집본,검색식·국가 범위·중복 제거 기준이 원본에 없어 추세 단정 금지
발명자,26,김형준,8,각 열은 독립 순위표이며 같은 행끼리 동일 특허가 아님,드론 무인기_특허실용신안.xlsx,2026 수집본,검색식·국가 범위·중복 제거 기준이 원본에 없어 추세 단정 금지
발명자,27,박수민,8,각 열은 독립 순위표이며 같은 행끼리 동일 특허가 아님,드론 무인기_특허실용신안.xlsx,2026 수집본,검색식·국가 범위·중복 제거 기준이 원본에 없어 추세 단정 금지
발명자,28,박재형,8,각 열은 독립 순위표이며 같은 행끼리 동일 특허가 아님,드론 무인기_특허실용신안.xlsx,2026 수집본,검색식·국가 범위·중복 제거 기준이 원본에 없어 추세 단정 금지
발명자,29,백형주,8,각 열은 독립 순위표이며 같은 행끼리 동일 특허가 아님,드론 무인기_특허실용신안.xlsx,2026 수집본,검색식·국가 범위·중복 제거 기준이 원본에 없어 추세 단정 금지
발명자,30,윤혁진,8,각 열은 독립 순위표이며 같은 행끼리 동일 특허가 아님,드론 무인기_특허실용신안.xlsx,2026 수집본,검색식·국가 범위·중복 제거 기준이 원본에 없어 추세 단정 금지
발명자,31,전해룡,8,각 열은 독립 순위표이며 같은 행끼리 동일 특허가 아님,드론 무인기_특허실용신안.xlsx,2026 수집본,검색식·국가 범위·중복 제거 기준이 원본에 없어 추세 단정 금지
발명자,32,정유미,8,각 열은 독립 순위표이며 같은 행끼리 동일 특허가 아님,드론 무인기_특허실용신안.xlsx,2026 수집본,검색식·국가 범위·중복 제거 기준이 원본에 없어 추세 단정 금지
발명자,33,정진호,8,각 열은 독립 순위표이며 같은 행끼리 동일 특허가 아님,드론 무인기_특허실용신안.xlsx,2026 수집본,검색식·국가 범위·중복 제거 기준이 원본에 없어 추세 단정 금지
발명자,34,허원태,8,각 열은 독립 순위표이며 같은 행끼리 동일 특허가 아님,드론 무인기_특허실용신안.xlsx,2026 수집본,검색식·국가 범위·중복 제거 기준이 원본에 없어 추세 단정 금지
발명자,35,황현구,8,각 열은 독립 순위표이며 같은 행끼리 동일 특허가 아님,드론 무인기_특허실용신안.xlsx,2026 수집본,검색식·국가 범위·중복 제거 기준이 원본에 없어 추세 단정 금지
발명자,36,김태원,7,각 열은 독립 순위표이며 같은 행끼리 동일 특허가 아님,드론 무인기_특허실용신안.xlsx,2026 수집본,검색식·국가 범위·중복 제거 기준이 원본에 없어 추세 단정 금지
발명자,37,나인욱,7,각 열은 독립 순위표이며 같은 행끼리 동일 특허가 아님,드론 무인기_특허실용신안.xlsx,2026 수집본,검색식·국가 범위·중복 제거 기준이 원본에 없어 추세 단정 금지
발명자,38,박덕례,7,각 열은 독립 순위표이며 같은 행끼리 동일 특허가 아님,드론 무인기_특허실용신안.xlsx,2026 수집본,검색식·국가 범위·중복 제거 기준이 원본에 없어 추세 단정 금지
발명자,39,박용희,7,각 열은 독립 순위표이며 같은 행끼리 동일 특허가 아님,드론 무인기_특허실용신안.xlsx,2026 수집본,검색식·국가 범위·중복 제거 기준이 원본에 없어 추세 단정 금지
발명자,40,박진모,7,각 열은 독립 순위표이며 같은 행끼리 동일 특허가 아님,드론 무인기_특허실용신안.xlsx,2026 수집본,검색식·국가 범위·중복 제거 기준이 원본에 없어 추세 단정 금지
발명자,41,손병택,7,각 열은 독립 순위표이며 같은 행끼리 동일 특허가 아님,드론 무인기_특허실용신안.xlsx,2026 수집본,검색식·국가 범위·중복 제거 기준이 원본에 없어 추세 단정 금지
발명자,42,이영민,7,각 열은 독립 순위표이며 같은 행끼리 동일 특허가 아님,드론 무인기_특허실용신안.xlsx,2026 수집본,검색식·국가 범위·중복 제거 기준이 원본에 없어 추세 단정 금지
발명자,43,이정용,7,각 열은 독립 순위표이며 같은 행끼리 동일 특허가 아님,드론 무인기_특허실용신안.xlsx,2026 수집본,검색식·국가 범위·중복 제거 기준이 원본에 없어 추세 단정 금지
발명자,44,이홍준,7,각 열은 독립 순위표이며 같은 행끼리 동일 특허가 아님,드론 무인기_특허실용신안.xlsx,2026 수집본,검색식·국가 범위·중복 제거 기준이 원본에 없어 추세 단정 금지
발명자,45,최종필,7,각 열은 독립 순위표이며 같은 행끼리 동일 특허가 아님,드론 무인기_특허실용신안.xlsx,2026 수집본,검색식·국가 범위·중복 제거 기준이 원본에 없어 추세 단정 금지
발명자,46,한승룡,7,각 열은 독립 순위표이며 같은 행끼리 동일 특허가 아님,드론 무인기_특허실용신안.xlsx,2026 수집본,검색식·국가 범위·중복 제거 기준이 원본에 없어 추세 단정 금지
발명자,47,김경태,6,각 열은 독립 순위표이며 같은 행끼리 동일 특허가 아님,드론 무인기_특허실용신안.xlsx,2026 수집본,검색식·국가 범위·중복 제거 기준이 원본에 없어 추세 단정 금지
발명자,48,김명준,6,각 열은 독립 순위표이며 같은 행끼리 동일 특허가 아님,드론 무인기_특허실용신안.xlsx,2026 수집본,검색식·국가 범위·중복 제거 기준이 원본에 없어 추세 단정 금지
발명자,49,김민섭,6,각 열은 독립 순위표이며 같은 행끼리 동일 특허가 아님,드론 무인기_특허실용신안.xlsx,2026 수집본,검색식·국가 범위·중복 제거 기준이 원본에 없어 추세 단정 금지
발명자,50,김창우,6,각 열은 독립 순위표이며 같은 행끼리 동일 특허가 아님,드론 무인기_특허실용신안.xlsx,2026 수집본,검색식·국가 범위·중복 제거 기준이 원본에 없어 추세 단정 금지
