record_id,asset_group_id,purchase_year,manufacturer,aircraft_type,model,quantity,purpose_category,source_dataset,source_row,record_json
07703b748eb7565874891dc2,TSINV001,2017,㈜휴인스,멀티콥터,Blueye-1K,1,교통·시설 안전점검,public_drone_inventory,2,"{""asset_group_id"":""TSINV001"",""purchase_year"":""2017"",""manufacturer"":""㈜휴인스"",""country"":""한국"",""aircraft_type"":""멀티콥터"",""model"":""Blueye-1K"",""quantity"":""1"",""purpose_raw"":""철도현장안전 점검"",""purpose_category"":""교통·시설 안전점검"",""as_of_date"":""2022-07-31"",""source_file"":""한국교통안전공단_공단 드론 보유 현황_20220731.csv""}"
f09ed07700f4bc7c2f979f40,TSINV002,2018,DJI,멀티콥터,팬텀4 프로,1,교통·시설 안전점검,public_drone_inventory,3,"{""asset_group_id"":""TSINV002"",""purchase_year"":""2018"",""manufacturer"":""DJI"",""country"":""중국"",""aircraft_type"":""멀티콥터"",""model"":""팬텀4 프로"",""quantity"":""1"",""purpose_raw"":""도로안전점검,교통안전실태조사 등 현장점검"",""purpose_category"":""교통·시설 안전점검"",""as_of_date"":""2022-07-31"",""source_file"":""한국교통안전공단_공단 드론 보유 현황_20220731.csv""}"
db3e6f65ec6a62f9eca8f32e,TSINV003,2018,㈜유콘시스템,멀티콥터,Remo-800,7,교육·훈련,public_drone_inventory,4,"{""asset_group_id"":""TSINV003"",""purchase_year"":""2018"",""manufacturer"":""㈜유콘시스템"",""country"":""한국"",""aircraft_type"":""멀티콥터"",""model"":""Remo-800"",""quantity"":""7"",""purpose_raw"":""공공분야 드론 조종인력양성 임무특화교육"",""purpose_category"":""교육·훈련"",""as_of_date"":""2022-07-31"",""source_file"":""한국교통안전공단_공단 드론 보유 현황_20220731.csv""}"
19bba618df0cf50c7d61a700,TSINV004,2018,㈜유콘시스템,멀티콥터,Remo-M,10,교육·훈련,public_drone_inventory,5,"{""asset_group_id"":""TSINV004"",""purchase_year"":""2018"",""manufacturer"":""㈜유콘시스템"",""country"":""한국"",""aircraft_type"":""멀티콥터"",""model"":""Remo-M"",""quantity"":""10"",""purpose_raw"":""공공분야 드론 조종인력양성 임무특화교육"",""purpose_category"":""교육·훈련"",""as_of_date"":""2022-07-31"",""source_file"":""한국교통안전공단_공단 드론 보유 현황_20220731.csv""}"
683de3053961ffb3ffa20054,TSINV005,2018,위메이크드론,멀티콥터,커스텀제작,1,시설 검사,public_drone_inventory,6,"{""asset_group_id"":""TSINV005"",""purchase_year"":""2018"",""manufacturer"":""위메이크드론"",""country"":""한국"",""aircraft_type"":""멀티콥터"",""model"":""커스텀제작"",""quantity"":""1"",""purpose_raw"":""항공장애표시등 검사"",""purpose_category"":""시설 검사"",""as_of_date"":""2022-07-31"",""source_file"":""한국교통안전공단_공단 드론 보유 현황_20220731.csv""}"
6f21fcc317ea7caab270ec23,TSINV006,2018,DJI,멀티콥터,인스파이어2 ,1,시설 검사,public_drone_inventory,7,"{""asset_group_id"":""TSINV006"",""purchase_year"":""2018"",""manufacturer"":""DJI"",""country"":""중국"",""aircraft_type"":""멀티콥터"",""model"":""인스파이어2 "",""quantity"":""1"",""purpose_raw"":""항공장애표시등 검사"",""purpose_category"":""시설 검사"",""as_of_date"":""2022-07-31"",""source_file"":""한국교통안전공단_공단 드론 보유 현황_20220731.csv""}"
c9dfd06d27d34ca042100391,TSINV007,2019,DJI,멀티콥터,매빅2 Zoom,1,교통·시설 안전점검,public_drone_inventory,8,"{""asset_group_id"":""TSINV007"",""purchase_year"":""2019"",""manufacturer"":""DJI"",""country"":""중국"",""aircraft_type"":""멀티콥터"",""model"":""매빅2 Zoom"",""quantity"":""1"",""purpose_raw"":""아파트 단지 내 도로교통안전점검, 통학로 교통안전점검 등 현장점검"",""purpose_category"":""교통·시설 안전점검"",""as_of_date"":""2022-07-31"",""source_file"":""한국교통안전공단_공단 드론 보유 현황_20220731.csv""}"
2b7beae83defd2746e44884c,TSINV008,2019,㈜숨비,멀티콥터,SP-1,2,교육·훈련,public_drone_inventory,9,"{""asset_group_id"":""TSINV008"",""purchase_year"":""2019"",""manufacturer"":""㈜숨비"",""country"":""한국"",""aircraft_type"":""멀티콥터"",""model"":""SP-1"",""quantity"":""2"",""purpose_raw"":""공공분야 드론 조종인력양성 임무특화교육"",""purpose_category"":""교육·훈련"",""as_of_date"":""2022-07-31"",""source_file"":""한국교통안전공단_공단 드론 보유 현황_20220731.csv""}"
a540355be3611b467323b24c,TSINV009,2019,㈜숨비,멀티콥터,V-100,2,교육·훈련,public_drone_inventory,10,"{""asset_group_id"":""TSINV009"",""purchase_year"":""2019"",""manufacturer"":""㈜숨비"",""country"":""한국"",""aircraft_type"":""멀티콥터"",""model"":""V-100"",""quantity"":""2"",""purpose_raw"":""공공분야 드론 조종인력양성 임무특화교육"",""purpose_category"":""교육·훈련"",""as_of_date"":""2022-07-31"",""source_file"":""한국교통안전공단_공단 드론 보유 현황_20220731.csv""}"
b3866cf0067ff9a7e51f6425,TSINV010,2019,㈜숨비,멀티콥터,V-60,8,교육·훈련,public_drone_inventory,11,"{""asset_group_id"":""TSINV010"",""purchase_year"":""2019"",""manufacturer"":""㈜숨비"",""country"":""한국"",""aircraft_type"":""멀티콥터"",""model"":""V-60"",""quantity"":""8"",""purpose_raw"":""공공분야 드론 조종인력양성 임무특화교육"",""purpose_category"":""교육·훈련"",""as_of_date"":""2022-07-31"",""source_file"":""한국교통안전공단_공단 드론 보유 현황_20220731.csv""}"
bc4237afc59e9fa7b651c821,TSINV011,2019,㈜숨비,멀티콥터,V-30,2,교육·훈련,public_drone_inventory,12,"{""asset_group_id"":""TSINV011"",""purchase_year"":""2019"",""manufacturer"":""㈜숨비"",""country"":""한국"",""aircraft_type"":""멀티콥터"",""model"":""V-30"",""quantity"":""2"",""purpose_raw"":""공공분야 드론 조종인력양성 임무특화교육"",""purpose_category"":""교육·훈련"",""as_of_date"":""2022-07-31"",""source_file"":""한국교통안전공단_공단 드론 보유 현황_20220731.csv""}"
62d81976b9bc744532f0e400,TSINV012,2019,㈜숨비,멀티콥터,S-200,1,교육·훈련,public_drone_inventory,13,"{""asset_group_id"":""TSINV012"",""purchase_year"":""2019"",""manufacturer"":""㈜숨비"",""country"":""한국"",""aircraft_type"":""멀티콥터"",""model"":""S-200"",""quantity"":""1"",""purpose_raw"":""공공분야 드론 조종인력양성 임무특화교육"",""purpose_category"":""교육·훈련"",""as_of_date"":""2022-07-31"",""source_file"":""한국교통안전공단_공단 드론 보유 현황_20220731.csv""}"
c9042e5cfa65affc5d0a73fe,TSINV013,2019,DJI,멀티콥터,인스파이어2,1,조사·관측,public_drone_inventory,14,"{""asset_group_id"":""TSINV013"",""purchase_year"":""2019"",""manufacturer"":""DJI"",""country"":""중국"",""aircraft_type"":""멀티콥터"",""model"":""인스파이어2"",""quantity"":""1"",""purpose_raw"":""건설기계 제작 결함 조사"",""purpose_category"":""조사·관측"",""as_of_date"":""2022-07-31"",""source_file"":""한국교통안전공단_공단 드론 보유 현황_20220731.csv""}"
6c41cf5b965a94d19689034e,TSINV014,2019,네스앤텍,멀티콥터,SWID,2,시설 검사,public_drone_inventory,15,"{""asset_group_id"":""TSINV014"",""purchase_year"":""2019"",""manufacturer"":""네스앤텍"",""country"":""한국"",""aircraft_type"":""멀티콥터"",""model"":""SWID"",""quantity"":""2"",""purpose_raw"":""항공장애표시등 검사"",""purpose_category"":""시설 검사"",""as_of_date"":""2022-07-31"",""source_file"":""한국교통안전공단_공단 드론 보유 현황_20220731.csv""}"
d2a239061d46387de51d6b42,TSINV015,2020,DJI,멀티콥터,인스파이어2,1,조사·관측,public_drone_inventory,16,"{""asset_group_id"":""TSINV015"",""purchase_year"":""2020"",""manufacturer"":""DJI"",""country"":""중국"",""aircraft_type"":""멀티콥터"",""model"":""인스파이어2"",""quantity"":""1"",""purpose_raw"":""자동차 사고조사 및 제작결함조사"",""purpose_category"":""조사·관측"",""as_of_date"":""2022-07-31"",""source_file"":""한국교통안전공단_공단 드론 보유 현황_20220731.csv""}"
db24bdcf26e57a7b3198d5f1,TSINV016,2020,㈜숨비,멀티콥터,V-110(A),1,교육·훈련,public_drone_inventory,17,"{""asset_group_id"":""TSINV016"",""purchase_year"":""2020"",""manufacturer"":""㈜숨비"",""country"":""한국"",""aircraft_type"":""멀티콥터"",""model"":""V-110(A)"",""quantity"":""1"",""purpose_raw"":""공공분야 드론 조종인력양성 임무특화교육 (대기오염관리)"",""purpose_category"":""교육·훈련"",""as_of_date"":""2022-07-31"",""source_file"":""한국교통안전공단_공단 드론 보유 현황_20220731.csv""}"
68fb06546fad188e02659785,TSINV017,2020,㈜숨비,멀티콥터,V-110(B),1,교육·훈련,public_drone_inventory,18,"{""asset_group_id"":""TSINV017"",""purchase_year"":""2020"",""manufacturer"":""㈜숨비"",""country"":""한국"",""aircraft_type"":""멀티콥터"",""model"":""V-110(B)"",""quantity"":""1"",""purpose_raw"":""공공분야 드론 조종인력양성 임무특화교육 (수자원관리)"",""purpose_category"":""교육·훈련"",""as_of_date"":""2022-07-31"",""source_file"":""한국교통안전공단_공단 드론 보유 현황_20220731.csv""}"
6f33977278c69842748da279,TSINV018,2020,㈜숨비,멀티콥터,V-80(C),2,교육·훈련,public_drone_inventory,19,"{""asset_group_id"":""TSINV018"",""purchase_year"":""2020"",""manufacturer"":""㈜숨비"",""country"":""한국"",""aircraft_type"":""멀티콥터"",""model"":""V-80(C)"",""quantity"":""2"",""purpose_raw"":""공공분야 드론 조종인력양성 임무특화교육 (해양안전조사)"",""purpose_category"":""교육·훈련"",""as_of_date"":""2022-07-31"",""source_file"":""한국교통안전공단_공단 드론 보유 현황_20220731.csv""}"
101afe6780f60d38de58a3c6,TSINV019,2020,㈜숨비,멀티콥터,V-110(D),2,교육·훈련,public_drone_inventory,20,"{""asset_group_id"":""TSINV019"",""purchase_year"":""2020"",""manufacturer"":""㈜숨비"",""country"":""한국"",""aircraft_type"":""멀티콥터"",""model"":""V-110(D)"",""quantity"":""2"",""purpose_raw"":""공공분야 드론 조종인력양성 임무특화교육 (해양안전조사)"",""purpose_category"":""교육·훈련"",""as_of_date"":""2022-07-31"",""source_file"":""한국교통안전공단_공단 드론 보유 현황_20220731.csv""}"
c3821720cbd08c8691fe20d2,TSINV020,2020,㈜숨비,멀티콥터,V-110(E),9,교육·훈련,public_drone_inventory,21,"{""asset_group_id"":""TSINV020"",""purchase_year"":""2020"",""manufacturer"":""㈜숨비"",""country"":""한국"",""aircraft_type"":""멀티콥터"",""model"":""V-110(E)"",""quantity"":""9"",""purpose_raw"":""공공분야 드론 조종인력양성 임무특화교육(수색·탐색, 구조물 점검, 도로관리, 산림자원감시)"",""purpose_category"":""교육·훈련"",""as_of_date"":""2022-07-31"",""source_file"":""한국교통안전공단_공단 드론 보유 현황_20220731.csv""}"
34545b2bd9958bc09a1e5655,TSINV021,2020,㈜숨비,멀티콥터,V-110(F),2,교육·훈련,public_drone_inventory,22,"{""asset_group_id"":""TSINV021"",""purchase_year"":""2020"",""manufacturer"":""㈜숨비"",""country"":""한국"",""aircraft_type"":""멀티콥터"",""model"":""V-110(F)"",""quantity"":""2"",""purpose_raw"":""공공분야 드론 조종인력양성 임무특화교육 (수색·탐색)"",""purpose_category"":""교육·훈련"",""as_of_date"":""2022-07-31"",""source_file"":""한국교통안전공단_공단 드론 보유 현황_20220731.csv""}"
98864ec8ef9b36e33a43c097,TSINV022,2020,㈜숨비,멀티콥터,V-110(G),1,교육·훈련,public_drone_inventory,23,"{""asset_group_id"":""TSINV022"",""purchase_year"":""2020"",""manufacturer"":""㈜숨비"",""country"":""한국"",""aircraft_type"":""멀티콥터"",""model"":""V-110(G)"",""quantity"":""1"",""purpose_raw"":""공공분야 드론 조종인력양성 임무특화교육 (수색·탐색)"",""purpose_category"":""교육·훈련"",""as_of_date"":""2022-07-31"",""source_file"":""한국교통안전공단_공단 드론 보유 현황_20220731.csv""}"
61bf6550d4fa9d8e3a6fcf70,TSINV023,2020,㈜휴인스,멀티콥터,Blueye-900E,4,교육·훈련,public_drone_inventory,24,"{""asset_group_id"":""TSINV023"",""purchase_year"":""2020"",""manufacturer"":""㈜휴인스"",""country"":""한국"",""aircraft_type"":""멀티콥터"",""model"":""Blueye-900E"",""quantity"":""4"",""purpose_raw"":""초경량비행장치 실기평가과정 교육용"",""purpose_category"":""교육·훈련"",""as_of_date"":""2022-07-31"",""source_file"":""한국교통안전공단_공단 드론 보유 현황_20220731.csv""}"
dbd80b1e8153f91771f7d00a,TSINV024,2021,케이프로시스템,멀티콥터,KP-AT1200,1,교육·훈련,public_drone_inventory,25,"{""asset_group_id"":""TSINV024"",""purchase_year"":""2021"",""manufacturer"":""케이프로시스템"",""country"":""한국"",""aircraft_type"":""멀티콥터"",""model"":""KP-AT1200"",""quantity"":""1"",""purpose_raw"":""공공분야 드론 조종인력양성 임무특화교육 (안티드론)"",""purpose_category"":""교육·훈련"",""as_of_date"":""2022-07-31"",""source_file"":""한국교통안전공단_공단 드론 보유 현황_20220731.csv""}"
c8e18e681ccd33ee8cc50319,TSINV025,2021,DMI,멀티콥터,DS30W,1,교육·훈련,public_drone_inventory,26,"{""asset_group_id"":""TSINV025"",""purchase_year"":""2021"",""manufacturer"":""DMI"",""country"":""한국"",""aircraft_type"":""멀티콥터"",""model"":""DS30W"",""quantity"":""1"",""purpose_raw"":""공공분야 드론 조종인력양성 임무특화교육 (긴급물품배송)"",""purpose_category"":""교육·훈련"",""as_of_date"":""2022-07-31"",""source_file"":""한국교통안전공단_공단 드론 보유 현황_20220731.csv""}"
245a1719523c92dbf54ebcde,TSINV026,2021,케이프로시스템,멀티콥터,KP-LD990,2,교육·훈련,public_drone_inventory,27,"{""asset_group_id"":""TSINV026"",""purchase_year"":""2021"",""manufacturer"":""케이프로시스템"",""country"":""한국"",""aircraft_type"":""멀티콥터"",""model"":""KP-LD990"",""quantity"":""2"",""purpose_raw"":""공공분야 드론 조종인력양성 임무특화교육 (비가시권 및 야간비행)"",""purpose_category"":""교육·훈련"",""as_of_date"":""2022-07-31"",""source_file"":""한국교통안전공단_공단 드론 보유 현황_20220731.csv""}"
a8668e2bb5c41838130d3d87,TSINV027,2021,케이프로시스템,멀티콥터,KP-AG1630,2,교육·훈련,public_drone_inventory,28,"{""asset_group_id"":""TSINV027"",""purchase_year"":""2021"",""manufacturer"":""케이프로시스템"",""country"":""한국"",""aircraft_type"":""멀티콥터"",""model"":""KP-AG1630"",""quantity"":""2"",""purpose_raw"":""공공분야 드론 조종인력양성 임무특화교육 (방역관리-20L)"",""purpose_category"":""교육·훈련"",""as_of_date"":""2022-07-31"",""source_file"":""한국교통안전공단_공단 드론 보유 현황_20220731.csv""}"
2332cf52a2e8ecb31015cbad,TSINV028,2021,케이프로시스템,멀티콥터,KP-AG1200,2,교육·훈련,public_drone_inventory,29,"{""asset_group_id"":""TSINV028"",""purchase_year"":""2021"",""manufacturer"":""케이프로시스템"",""country"":""한국"",""aircraft_type"":""멀티콥터"",""model"":""KP-AG1200"",""quantity"":""2"",""purpose_raw"":""공공분야 드론 조종인력양성 임무특화교육 (방역관리-10L)"",""purpose_category"":""교육·훈련"",""as_of_date"":""2022-07-31"",""source_file"":""한국교통안전공단_공단 드론 보유 현황_20220731.csv""}"
f1c6214900143167cab48ff7,TSINV029,2021,케이프로시스템,멀티콥터,KP-ST990,2,교육·훈련,public_drone_inventory,30,"{""asset_group_id"":""TSINV029"",""purchase_year"":""2021"",""manufacturer"":""케이프로시스템"",""country"":""한국"",""aircraft_type"":""멀티콥터"",""model"":""KP-ST990"",""quantity"":""2"",""purpose_raw"":""공공분야 드론 조종인력양성 임무특화교육 (스마트문화관광)"",""purpose_category"":""교육·훈련"",""as_of_date"":""2022-07-31"",""source_file"":""한국교통안전공단_공단 드론 보유 현황_20220731.csv""}"
06415d298f54c8d81da9832e,TSINV030,2021,DJI,멀티콥터,Air 2S,1,조사·관측,public_drone_inventory,31,"{""asset_group_id"":""TSINV030"",""purchase_year"":""2021"",""manufacturer"":""DJI"",""country"":""중국"",""aircraft_type"":""멀티콥터"",""model"":""Air 2S"",""quantity"":""1"",""purpose_raw"":""건설기계 제작 결함 조사"",""purpose_category"":""조사·관측"",""as_of_date"":""2022-07-31"",""source_file"":""한국교통안전공단_공단 드론 보유 현황_20220731.csv""}"
