asset_group_id,purchase_year,manufacturer,country,aircraft_type,model,quantity,purpose_raw,purpose_category,as_of_date,source_file
TSINV001,2017,㈜휴인스,한국,멀티콥터,Blueye-1K,1,철도현장안전 점검,교통·시설 안전점검,2022-07-31,한국교통안전공단_공단 드론 보유 현황_20220731.csv
TSINV002,2018,DJI,중국,멀티콥터,팬텀4 프로,1,"도로안전점검,교통안전실태조사 등 현장점검",교통·시설 안전점검,2022-07-31,한국교통안전공단_공단 드론 보유 현황_20220731.csv
TSINV003,2018,㈜유콘시스템,한국,멀티콥터,Remo-800,7,공공분야 드론 조종인력양성 임무특화교육,교육·훈련,2022-07-31,한국교통안전공단_공단 드론 보유 현황_20220731.csv
TSINV004,2018,㈜유콘시스템,한국,멀티콥터,Remo-M,10,공공분야 드론 조종인력양성 임무특화교육,교육·훈련,2022-07-31,한국교통안전공단_공단 드론 보유 현황_20220731.csv
TSINV005,2018,위메이크드론,한국,멀티콥터,커스텀제작,1,항공장애표시등 검사,시설 검사,2022-07-31,한국교통안전공단_공단 드론 보유 현황_20220731.csv
TSINV006,2018,DJI,중국,멀티콥터,인스파이어2 ,1,항공장애표시등 검사,시설 검사,2022-07-31,한국교통안전공단_공단 드론 보유 현황_20220731.csv
TSINV007,2019,DJI,중국,멀티콥터,매빅2 Zoom,1,"아파트 단지 내 도로교통안전점검, 통학로 교통안전점검 등 현장점검",교통·시설 안전점검,2022-07-31,한국교통안전공단_공단 드론 보유 현황_20220731.csv
TSINV008,2019,㈜숨비,한국,멀티콥터,SP-1,2,공공분야 드론 조종인력양성 임무특화교육,교육·훈련,2022-07-31,한국교통안전공단_공단 드론 보유 현황_20220731.csv
TSINV009,2019,㈜숨비,한국,멀티콥터,V-100,2,공공분야 드론 조종인력양성 임무특화교육,교육·훈련,2022-07-31,한국교통안전공단_공단 드론 보유 현황_20220731.csv
TSINV010,2019,㈜숨비,한국,멀티콥터,V-60,8,공공분야 드론 조종인력양성 임무특화교육,교육·훈련,2022-07-31,한국교통안전공단_공단 드론 보유 현황_20220731.csv
TSINV011,2019,㈜숨비,한국,멀티콥터,V-30,2,공공분야 드론 조종인력양성 임무특화교육,교육·훈련,2022-07-31,한국교통안전공단_공단 드론 보유 현황_20220731.csv
TSINV012,2019,㈜숨비,한국,멀티콥터,S-200,1,공공분야 드론 조종인력양성 임무특화교육,교육·훈련,2022-07-31,한국교통안전공단_공단 드론 보유 현황_20220731.csv
TSINV013,2019,DJI,중국,멀티콥터,인스파이어2,1,건설기계 제작 결함 조사,조사·관측,2022-07-31,한국교통안전공단_공단 드론 보유 현황_20220731.csv
TSINV014,2019,네스앤텍,한국,멀티콥터,SWID,2,항공장애표시등 검사,시설 검사,2022-07-31,한국교통안전공단_공단 드론 보유 현황_20220731.csv
TSINV015,2020,DJI,중국,멀티콥터,인스파이어2,1,자동차 사고조사 및 제작결함조사,조사·관측,2022-07-31,한국교통안전공단_공단 드론 보유 현황_20220731.csv
TSINV016,2020,㈜숨비,한국,멀티콥터,V-110(A),1,공공분야 드론 조종인력양성 임무특화교육 (대기오염관리),교육·훈련,2022-07-31,한국교통안전공단_공단 드론 보유 현황_20220731.csv
TSINV017,2020,㈜숨비,한국,멀티콥터,V-110(B),1,공공분야 드론 조종인력양성 임무특화교육 (수자원관리),교육·훈련,2022-07-31,한국교통안전공단_공단 드론 보유 현황_20220731.csv
TSINV018,2020,㈜숨비,한국,멀티콥터,V-80(C),2,공공분야 드론 조종인력양성 임무특화교육 (해양안전조사),교육·훈련,2022-07-31,한국교통안전공단_공단 드론 보유 현황_20220731.csv
TSINV019,2020,㈜숨비,한국,멀티콥터,V-110(D),2,공공분야 드론 조종인력양성 임무특화교육 (해양안전조사),교육·훈련,2022-07-31,한국교통안전공단_공단 드론 보유 현황_20220731.csv
TSINV020,2020,㈜숨비,한국,멀티콥터,V-110(E),9,"공공분야 드론 조종인력양성 임무특화교육(수색·탐색, 구조물 점검, 도로관리, 산림자원감시)",교육·훈련,2022-07-31,한국교통안전공단_공단 드론 보유 현황_20220731.csv
TSINV021,2020,㈜숨비,한국,멀티콥터,V-110(F),2,공공분야 드론 조종인력양성 임무특화교육 (수색·탐색),교육·훈련,2022-07-31,한국교통안전공단_공단 드론 보유 현황_20220731.csv
TSINV022,2020,㈜숨비,한국,멀티콥터,V-110(G),1,공공분야 드론 조종인력양성 임무특화교육 (수색·탐색),교육·훈련,2022-07-31,한국교통안전공단_공단 드론 보유 현황_20220731.csv
TSINV023,2020,㈜휴인스,한국,멀티콥터,Blueye-900E,4,초경량비행장치 실기평가과정 교육용,교육·훈련,2022-07-31,한국교통안전공단_공단 드론 보유 현황_20220731.csv
TSINV024,2021,케이프로시스템,한국,멀티콥터,KP-AT1200,1,공공분야 드론 조종인력양성 임무특화교육 (안티드론),교육·훈련,2022-07-31,한국교통안전공단_공단 드론 보유 현황_20220731.csv
TSINV025,2021,DMI,한국,멀티콥터,DS30W,1,공공분야 드론 조종인력양성 임무특화교육 (긴급물품배송),교육·훈련,2022-07-31,한국교통안전공단_공단 드론 보유 현황_20220731.csv
TSINV026,2021,케이프로시스템,한국,멀티콥터,KP-LD990,2,공공분야 드론 조종인력양성 임무특화교육 (비가시권 및 야간비행),교육·훈련,2022-07-31,한국교통안전공단_공단 드론 보유 현황_20220731.csv
TSINV027,2021,케이프로시스템,한국,멀티콥터,KP-AG1630,2,공공분야 드론 조종인력양성 임무특화교육 (방역관리-20L),교육·훈련,2022-07-31,한국교통안전공단_공단 드론 보유 현황_20220731.csv
TSINV028,2021,케이프로시스템,한국,멀티콥터,KP-AG1200,2,공공분야 드론 조종인력양성 임무특화교육 (방역관리-10L),교육·훈련,2022-07-31,한국교통안전공단_공단 드론 보유 현황_20220731.csv
TSINV029,2021,케이프로시스템,한국,멀티콥터,KP-ST990,2,공공분야 드론 조종인력양성 임무특화교육 (스마트문화관광),교육·훈련,2022-07-31,한국교통안전공단_공단 드론 보유 현황_20220731.csv
TSINV030,2021,DJI,중국,멀티콥터,Air 2S,1,건설기계 제작 결함 조사,조사·관측,2022-07-31,한국교통안전공단_공단 드론 보유 현황_20220731.csv
