year,new_reports,change_reports,closure_reports,period_end,full_year,source_file,quality_note
2012,6,0,0,2012-12-31,Y,한국교통안전공단_드론(초경량비행장치 중 무인비행장치) 사용사업체 등록현황_20260630.csv,신규·변경·폐업 신고 건수이며 활동 사업체 수가 아님
2013,126,1,0,2013-12-31,Y,한국교통안전공단_드론(초경량비행장치 중 무인비행장치) 사용사업체 등록현황_20260630.csv,신규·변경·폐업 신고 건수이며 활동 사업체 수가 아님
2014,259,6,5,2014-12-31,Y,한국교통안전공단_드론(초경량비행장치 중 무인비행장치) 사용사업체 등록현황_20260630.csv,신규·변경·폐업 신고 건수이며 활동 사업체 수가 아님
2015,319,58,4,2015-12-31,Y,한국교통안전공단_드론(초경량비행장치 중 무인비행장치) 사용사업체 등록현황_20260630.csv,신규·변경·폐업 신고 건수이며 활동 사업체 수가 아님
2016,334,39,7,2016-12-31,Y,한국교통안전공단_드론(초경량비행장치 중 무인비행장치) 사용사업체 등록현황_20260630.csv,신규·변경·폐업 신고 건수이며 활동 사업체 수가 아님
2017,492,107,17,2017-12-31,Y,한국교통안전공단_드론(초경량비행장치 중 무인비행장치) 사용사업체 등록현황_20260630.csv,신규·변경·폐업 신고 건수이며 활동 사업체 수가 아님
2018,737,113,23,2018-12-31,Y,한국교통안전공단_드론(초경량비행장치 중 무인비행장치) 사용사업체 등록현황_20260630.csv,신규·변경·폐업 신고 건수이며 활동 사업체 수가 아님
2019,740,130,40,2019-12-31,Y,한국교통안전공단_드론(초경량비행장치 중 무인비행장치) 사용사업체 등록현황_20260630.csv,신규·변경·폐업 신고 건수이며 활동 사업체 수가 아님
2020,777,1074,50,2020-12-31,Y,한국교통안전공단_드론(초경량비행장치 중 무인비행장치) 사용사업체 등록현황_20260630.csv,신규·변경·폐업 신고 건수이며 활동 사업체 수가 아님
2021,1116,2303,76,2021-12-31,Y,한국교통안전공단_드론(초경량비행장치 중 무인비행장치) 사용사업체 등록현황_20260630.csv,신규·변경·폐업 신고 건수이며 활동 사업체 수가 아님
2022,912,1786,81,2022-12-31,Y,한국교통안전공단_드론(초경량비행장치 중 무인비행장치) 사용사업체 등록현황_20260630.csv,신규·변경·폐업 신고 건수이며 활동 사업체 수가 아님
2023,1137,1240,408,2023-12-31,Y,한국교통안전공단_드론(초경량비행장치 중 무인비행장치) 사용사업체 등록현황_20260630.csv,신규·변경·폐업 신고 건수이며 활동 사업체 수가 아님
2024,917,1082,1321,2024-12-31,Y,한국교통안전공단_드론(초경량비행장치 중 무인비행장치) 사용사업체 등록현황_20260630.csv,신규·변경·폐업 신고 건수이며 활동 사업체 수가 아님
2025,932,778,372,2025-12-31,Y,한국교통안전공단_드론(초경량비행장치 중 무인비행장치) 사용사업체 등록현황_20260630.csv,신규·변경·폐업 신고 건수이며 활동 사업체 수가 아님
2026,736,408,131,2026-06-30,N,한국교통안전공단_드론(초경량비행장치 중 무인비행장치) 사용사업체 등록현황_20260630.csv,신규·변경·폐업 신고 건수이며 활동 사업체 수가 아님
