job_id,skill_order,skill_keyword
DJ-001,1,시스템공학
DJ-001,2,요구도관리
DJ-001,3,형상관리
DJ-001,4,인터페이스
DJ-002,1,시스템 아키텍처
DJ-002,2,MBSE
DJ-002,3,인터페이스
DJ-003,1,CONOPS
DJ-003,2,임무분석
DJ-003,3,성능지표
DJ-004,1,제품기획
DJ-004,2,시장조사
DJ-004,3,요구사항
DJ-005,1,서비스디자인
DJ-005,2,운영설계
DJ-005,3,데이터기획
DJ-006,1,PM
DJ-006,2,원가
DJ-006,3,일정
DJ-006,4,위험관리
DJ-007,1,PM
DJ-007,2,SI
DJ-007,3,현장구축
DJ-007,4,검수
DJ-008,1,B2B 제안
DJ-008,2,파트너십
DJ-008,3,사업성분석
DJ-009,1,기술영업
DJ-009,2,Pixhawk
DJ-009,3,PX4
DJ-009,4,ArduPilot
DJ-010,1,SCM
DJ-010,2,구매
DJ-010,3,BOM
DJ-010,4,협력사관리
DJ-011,1,항공역학
DJ-011,2,CAD
DJ-011,3,중량추정
DJ-012,1,CFD
DJ-012,2,풍동시험
DJ-012,3,항공역학
DJ-013,1,비행성능
DJ-013,2,MATLAB
DJ-013,3,모델링
DJ-014,1,비행역학
DJ-014,2,상태공간
DJ-014,3,시뮬레이션
DJ-015,1,CATIA
DJ-015,2,CAD
DJ-015,3,구조설계
DJ-015,4,AS9100
DJ-016,1,FEM
DJ-016,2,ANSYS
DJ-016,3,NASTRAN
DJ-017,1,3D CAD
DJ-017,2,공차
DJ-017,3,기구설계
DJ-018,1,멀티콥터
DJ-018,2,진동
DJ-018,3,경량화
DJ-019,1,고정익
DJ-019,2,공력
DJ-019,3,복합재
DJ-020,1,로터역학
DJ-020,2,회전익
DJ-020,3,진동
DJ-021,1,VTOL
DJ-021,2,천이비행
DJ-021,3,기구설계
DJ-022,1,부력
DJ-022,2,비행선
DJ-022,3,경량구조
DJ-023,1,메커니즘
DJ-023,2,액추에이터
DJ-023,3,CAD
DJ-024,1,조립
DJ-024,2,배선
DJ-024,3,Pixhawk
DJ-024,4,GCS
DJ-025,1,기체제작
DJ-025,2,조종
DJ-025,3,현장운용
DJ-026,1,제작
DJ-026,2,세팅
DJ-026,3,비행
DJ-027,1,CFRP
DJ-027,2,GFRP
DJ-027,3,성형
DJ-027,4,접착
DJ-028,1,CNC
DJ-028,2,CAM
DJ-028,3,공차
DJ-028,4,측정
DJ-029,1,FDM
DJ-029,2,SLA
DJ-029,3,SLS
DJ-029,4,DfAM
DJ-030,1,공정설계
DJ-030,2,치공구
DJ-030,3,Lean
DJ-031,1,조립
DJ-031,2,납땜
DJ-031,3,토크관리
DJ-032,1,EOL시험
DJ-032,2,계측
DJ-032,3,검사
DJ-033,1,BOM
DJ-033,2,ERP
DJ-033,3,재고관리
DJ-034,1,검사
DJ-034,2,측정
DJ-034,3,NCR
DJ-034,4,품질문서
DJ-035,1,추진계통
DJ-035,2,인터페이스
DJ-035,3,성능시험
DJ-036,1,BLDC
DJ-036,2,전자기해석
DJ-036,3,열설계
DJ-037,1,전력전자
DJ-037,2,FOC
DJ-037,3,임베디드
DJ-038,1,Blade Element
DJ-038,2,CFD
DJ-038,3,소음
DJ-039,1,Li-ion
DJ-039,2,Pack
DJ-039,3,열폭주
DJ-039,4,안전
DJ-040,1,BMS
DJ-040,2,SOC/SOH
DJ-040,3,CAN
DJ-041,1,PEMFC
DJ-041,2,수소안전
DJ-041,3,DC/DC
DJ-042,1,엔진
DJ-042,2,열유체
DJ-042,3,연소
DJ-043,1,구조설계
DJ-043,2,진동
DJ-043,3,열응력
DJ-044,1,회전체동역학
DJ-044,2,베어링
DJ-044,3,밸런싱
DJ-045,1,유체
DJ-045,2,연료계통
DJ-045,3,안전
DJ-046,1,열해석
DJ-046,2,방열
DJ-046,3,환경시험
DJ-047,1,항전
DJ-047,2,인터페이스
DJ-047,3,ICD
DJ-047,4,시험
DJ-048,1,MCU
DJ-048,2,PCB
DJ-048,3,전원
DJ-048,4,EMI
DJ-049,1,제어이론
DJ-049,2,MATLAB
DJ-049,3,HIL
DJ-050,1,C/C++
DJ-050,2,RTOS
DJ-050,3,UART
DJ-050,4,CAN
DJ-051,1,하네스
DJ-051,2,전원분배
DJ-051,3,CAD
DJ-052,1,GNSS
DJ-052,2,RTK
DJ-052,3,좌표계
DJ-053,1,INS
DJ-053,2,IMU
DJ-053,3,Kalman Filter
DJ-054,1,EKF
DJ-054,2,Sensor Fusion
DJ-054,3,ROS
DJ-055,1,RF
DJ-055,2,링크버짓
DJ-055,3,SDR
DJ-056,1,C2
DJ-056,2,MAVLink
DJ-056,3,IP Network
DJ-057,1,안테나
DJ-057,2,전파해석
DJ-057,3,OTA
DJ-058,1,GCS
DJ-058,2,산업용PC
DJ-058,3,HMI
DJ-059,1,C++
DJ-059,2,Qt
DJ-059,3,GIS
DJ-059,4,MAVLink
DJ-060,1,5G/LTE
DJ-060,2,Mesh
DJ-060,3,QoS
DJ-061,1,Remote ID
DJ-061,2,PKI
DJ-061,3,무선통신
DJ-062,1,Edge Computer
DJ-062,2,GPU
DJ-062,3,임베디드
DJ-063,1,EO/IR
DJ-063,2,짐벌제어
DJ-063,3,광학
DJ-064,1,LiDAR
DJ-064,2,PPS
DJ-064,3,Boresight
DJ-065,1,Radar
DJ-065,2,SAR
DJ-065,3,DSP
DJ-066,1,Multispectral
DJ-066,2,Radiometric Calibration
DJ-067,1,Payload
DJ-067,2,ICD
DJ-067,3,중량중심
DJ-068,1,EMC
DJ-068,2,EMI
DJ-068,3,시험규격
DJ-069,1,환경시험
DJ-069,2,진동
DJ-069,3,HALT
DJ-070,1,ROS2
DJ-070,2,PX4
DJ-070,3,C++
DJ-070,4,Python
DJ-071,1,A*
DJ-071,2,RRT
DJ-071,3,Optimization
DJ-072,1,DAA
DJ-072,2,CV
DJ-072,3,LiDAR
DJ-072,4,Radar
DJ-073,1,Visual SLAM
DJ-073,2,LiDAR SLAM
DJ-073,3,ROS
DJ-074,1,Deep Learning
DJ-074,2,OpenCV
DJ-074,3,YOLO
DJ-075,1,Detection
DJ-075,2,Tracking
DJ-075,3,Segmentation
DJ-076,1,CUDA
DJ-076,2,TensorRT
DJ-076,3,Quantization
DJ-077,1,Swarm
DJ-077,2,분산제어
DJ-077,3,네트워크
DJ-078,1,Trajectory
DJ-078,2,Swarm
DJ-078,3,Show Control
DJ-079,1,Gazebo
DJ-079,2,Unreal
DJ-079,3,SITL
DJ-080,1,Digital Twin
DJ-080,2,IoT
DJ-080,3,Simulation
DJ-081,1,SITL
DJ-081,2,HIL
DJ-081,3,자동화시험
DJ-082,1,UTM
DJ-082,2,GIS
DJ-082,3,API
DJ-082,4,분산시스템
DJ-083,1,Backend
DJ-083,2,Streaming
DJ-083,3,GIS
DJ-084,1,Fleet
DJ-084,2,IoT
DJ-084,3,Telemetry
DJ-085,1,Cloud
DJ-085,2,Kafka
DJ-085,3,Database
DJ-085,4,API
DJ-086,1,Android
DJ-086,2,iOS
DJ-086,3,Map SDK
DJ-087,1,GIS
DJ-087,2,좌표계
DJ-087,3,Web Map
DJ-088,1,SfM
DJ-088,2,MVS
DJ-088,3,Photogrammetry
DJ-089,1,Point Cloud
DJ-089,2,Mesh
DJ-089,3,GIS
DJ-090,1,Flight Log
DJ-090,2,Python
DJ-090,3,Statistics
DJ-091,1,Pix4D
DJ-091,2,DJI Terra
DJ-091,3,Global Mapper
DJ-092,1,Annotation
DJ-092,2,QA
DJ-092,3,Dataset
DJ-093,1,MLOps
DJ-093,2,CI/CD
DJ-093,3,Model Registry
DJ-094,1,PKI
DJ-094,2,Secure Boot
DJ-094,3,Threat Modeling
DJ-095,1,조종
DJ-095,2,항공법규
DJ-095,3,기상
DJ-095,4,안전
DJ-096,1,멀티콥터
DJ-096,2,GCS
DJ-096,3,현장안전
DJ-097,1,고정익
DJ-097,2,임무계획
DJ-097,3,비상절차
DJ-098,1,무인헬기
DJ-098,2,회전익
DJ-098,3,정비
DJ-099,1,VTOL
DJ-099,2,천이비행
DJ-099,3,GCS
DJ-100,1,FPV
DJ-100,2,수동조종
DJ-100,3,영상링크
DJ-101,1,BVLOS
DJ-101,2,C2
DJ-101,3,Detect-and-Avoid
DJ-102,1,Mission Planning
DJ-102,2,GIS
DJ-102,3,기상
DJ-103,1,Operations
DJ-103,2,규정
DJ-103,3,일정
DJ-103,4,안전
DJ-104,1,Dispatch
DJ-104,2,UTM
DJ-104,3,Weather
DJ-105,1,GCS
DJ-105,2,Telemetry
DJ-105,3,C2
DJ-106,1,Payload
DJ-106,2,Sensor
DJ-106,3,Mission
DJ-107,1,Visual Observation
DJ-107,2,CRM
DJ-107,3,무전
DJ-108,1,Fleet Control
DJ-108,2,UTM
DJ-108,3,Telemetry
DJ-109,1,시험운용
DJ-109,2,계측
DJ-109,3,문서
DJ-110,1,Test Pilot
DJ-110,2,비상절차
DJ-110,3,계측
DJ-111,1,Flight Test
DJ-111,2,DAQ
DJ-111,3,Analysis
DJ-112,1,시험비행
DJ-112,2,VTOL
DJ-112,3,검증
DJ-113,1,생산
DJ-113,2,정비
DJ-113,3,CAD
DJ-114,1,정비
DJ-114,2,진단
DJ-114,3,납땜
DJ-114,4,기록
DJ-115,1,Avionics
DJ-115,2,Wiring
DJ-115,3,Diagnostics
DJ-116,1,Propulsion
DJ-116,2,Engine
DJ-116,3,Motor
DJ-117,1,Battery
DJ-117,2,SOC/SOH
DJ-117,3,Fire Safety
DJ-118,1,Repair
DJ-118,2,Customer Support
DJ-118,3,QA
DJ-119,1,Pixhawk
DJ-119,2,PX4
DJ-119,3,ArduPilot
DJ-119,4,GCS
DJ-120,1,FMEA
DJ-120,2,Reliability
DJ-120,3,FRACAS
DJ-121,1,Airworthiness
DJ-121,2,Compliance
DJ-121,3,Safety
DJ-122,1,Certification
DJ-122,2,Test Plan
DJ-122,3,Report
DJ-123,1,SORA
DJ-123,2,Risk Assessment
DJ-123,3,Safety Case
DJ-124,1,SMS
DJ-124,2,Audit
DJ-124,3,Hazard
DJ-125,1,AS9100
DJ-125,2,QA
DJ-125,3,Audit
DJ-126,1,Accident Investigation
DJ-126,2,Flight Log
DJ-127,1,Safety Analytics
DJ-127,2,Python
DJ-127,3,Statistics
DJ-128,1,Test Range
DJ-128,2,ATC Coordination
DJ-128,3,Safety
DJ-129,1,Lab Equipment
DJ-129,2,Calibration
DJ-129,3,Test
DJ-130,1,Aviation Regulation
DJ-130,2,Permit
DJ-130,3,Compliance
DJ-131,1,Photography
DJ-131,2,Composition
DJ-131,3,RAW
DJ-132,1,Cinematography
DJ-132,2,FPV
DJ-132,3,Color
DJ-133,1,Live Video
DJ-133,2,RF
DJ-133,3,Broadcast
DJ-134,1,FPV
DJ-134,2,Manual Flight
DJ-134,3,Video
DJ-135,1,360 Camera
DJ-135,2,Stitching
DJ-135,3,VR
DJ-136,1,3D Animation
DJ-136,2,Motion Graphics
DJ-136,3,Storyboard
DJ-137,1,Swarm Ops
DJ-137,2,Safety
DJ-137,3,RF
DJ-138,1,Fleet
DJ-138,2,Battery
DJ-138,3,Field Ops
DJ-139,1,Drone Soccer
DJ-139,2,FPV
DJ-139,3,Team Tactics
DJ-140,1,Coaching
DJ-140,2,Drone Soccer
DJ-140,3,Safety
DJ-141,1,FPV
DJ-141,2,Racing
DJ-141,3,Tuning
DJ-142,1,Spraying
DJ-142,2,농약안전
DJ-142,3,조종
DJ-143,1,Seeding
DJ-143,2,Variable Rate
DJ-143,3,GIS
DJ-144,1,Pollination
DJ-144,2,농업
DJ-144,3,살포
DJ-145,1,NDVI
DJ-145,2,Multispectral
DJ-145,3,Agronomy
DJ-146,1,Remote Sensing
DJ-146,2,GIS
DJ-146,3,Agronomy
DJ-147,1,Thermal
DJ-147,2,Detection
DJ-147,3,GIS
DJ-148,1,Forest GIS
DJ-148,2,LiDAR
DJ-148,3,Remote Sensing
DJ-149,1,Multispectral
DJ-149,2,Pest Monitoring
DJ-150,1,Thermal
DJ-150,2,Mapping
DJ-150,3,Incident Command
DJ-151,1,Environmental Sensor
DJ-151,2,GIS
DJ-151,3,Sampling
DJ-152,1,Gas Sensor
DJ-152,2,PM
DJ-152,3,Evidence
DJ-153,1,Ecology
DJ-153,2,Thermal
DJ-153,3,GIS
DJ-154,1,Surveying
DJ-154,2,GNSS
DJ-154,3,GIS
DJ-155,1,Photogrammetry
DJ-155,2,SfM
DJ-155,3,GIS
DJ-156,1,LiDAR
DJ-156,2,Point Cloud
DJ-156,3,GNSS/INS
DJ-157,1,Cadastral
DJ-157,2,GIS
DJ-157,3,Survey
DJ-158,1,Construction
DJ-158,2,Orthomosaic
DJ-158,3,Volume
DJ-159,1,Inspection
DJ-159,2,Thermal
DJ-159,3,Defect
DJ-160,1,Structural Inspection
DJ-160,2,NDT
DJ-160,3,FPV
DJ-161,1,Linear Inspection
DJ-161,2,GIS
DJ-161,3,CV
DJ-162,1,Thermal
DJ-162,2,Zoom
DJ-162,3,Power Safety
DJ-163,1,Thermal
DJ-163,2,PV
DJ-163,3,Reporting
DJ-164,1,Blade Inspection
DJ-164,2,Zoom
DJ-164,3,Defect
DJ-165,1,Pipeline
DJ-165,2,Thermal
DJ-165,3,Gas Sensor
DJ-166,1,Hydrology
DJ-166,2,Mapping
DJ-166,3,Inspection
DJ-167,1,Confined Space
DJ-167,2,FPV
DJ-167,3,Gas Safety
DJ-168,1,Volume
DJ-168,2,Point Cloud
DJ-168,3,Mine Safety
DJ-169,1,Heritage
DJ-169,2,Photogrammetry
DJ-169,3,3D
DJ-170,1,Incident Response
DJ-170,2,Mapping
DJ-170,3,Thermal
DJ-171,1,SAR
DJ-171,2,Thermal
DJ-171,3,Grid Search
DJ-172,1,Fireground
DJ-172,2,Thermal
DJ-172,3,ICS
DJ-173,1,Public Safety
DJ-173,2,Evidence
DJ-173,3,Privacy
DJ-174,1,Perimeter Patrol
DJ-174,2,Security
DJ-175,1,ISR
DJ-175,2,Long-range
DJ-175,3,Evidence
DJ-176,1,ISR
DJ-176,2,EO/IR
DJ-176,3,Mission Planning
DJ-177,1,Counter-UAS
DJ-177,2,Radar
DJ-177,3,RF
DJ-178,1,C-UAS
DJ-178,2,Systems Integration
DJ-178,3,RF Safety
DJ-179,1,Maritime Ops
DJ-179,2,EO/IR
DJ-179,3,AIS
DJ-180,1,Marine Pollution
DJ-180,2,Multispectral
DJ-180,3,GIS
DJ-181,1,Meteorology
DJ-181,2,Sensor
DJ-181,3,Data QA
DJ-182,1,Logistics
DJ-182,2,Fleet
DJ-182,3,BVLOS
DJ-183,1,Cold Chain
DJ-183,2,Chain of Custody
DJ-183,3,BVLOS
DJ-184,1,Drone Station
DJ-184,2,Remote Ops
DJ-184,3,Maintenance
DJ-185,1,Indoor Flight
DJ-185,2,Barcode
DJ-185,3,WMS
DJ-186,1,Loss Assessment
DJ-186,2,Mapping
DJ-186,3,Evidence
DJ-187,1,Instruction
DJ-187,2,Flight Training
DJ-187,3,Safety
DJ-188,1,Instructor Pilot
DJ-188,2,Evaluation
DJ-188,3,CRM
DJ-189,1,Practical Test
DJ-189,2,Standardization
DJ-190,1,Regulation
DJ-190,2,Recurrent Training
DJ-191,1,Curriculum
DJ-191,2,Instructional Design
DJ-192,1,e-Learning
DJ-192,2,VR
DJ-192,3,Video
DJ-193,1,Training Ops
DJ-193,2,Administration
DJ-193,3,Safety
DJ-194,1,Maintenance Training
DJ-194,2,Diagnostics
DJ-195,1,Python
DJ-195,2,ROS
DJ-195,3,PX4
DJ-195,4,GIS
DJ-196,1,Research
DJ-196,2,Experiment
DJ-196,3,Publication
DJ-197,1,Teaching
DJ-197,2,Research
DJ-197,3,Lab
DJ-198,1,Policy Analysis
DJ-198,2,Regulation
DJ-198,3,Statistics
DJ-199,1,Survey
DJ-199,2,Statistics
DJ-199,3,Market Analysis
DJ-200,1,Aviation Law
DJ-200,2,Privacy
DJ-200,3,Compliance
DJ-201,1,KS
DJ-201,2,ISO
DJ-201,3,ASTM
DJ-201,4,Standardization
DJ-202,1,ICAO
DJ-202,2,Export
DJ-202,3,International Project
DJ-203,1,Procurement
DJ-203,2,RFP
DJ-203,3,Acceptance
DJ-204,1,Demonstration
DJ-204,2,Stakeholder
DJ-204,3,KPI
DJ-205,1,Business Model
DJ-205,2,Funding
DJ-205,3,Regulation
DJ-206,1,Underwriting
DJ-206,2,Risk
DJ-206,3,Claims
DJ-207,1,Retail
DJ-207,2,Rental
DJ-207,3,Inventory
DJ-208,1,Customer Success
DJ-208,2,Training
DJ-208,3,Support
DJ-209,1,Event PM
DJ-209,2,Safety
DJ-209,3,Vendor
