registry_id,company_name_raw,company_name_normalized,region_sido,region_sigungu,business_scope,business_scope_detail,as_of_date,source_file,quality_note
SWARM001,(주)스카이엔터프라이즈,스카이엔터프라이즈,대구광역시,달서구,"촬영,조종교육,농업지원,기타","기타(드론공연, 군집비행, 드론배송)",2024-08-23,한국교통안전공단_초경량비행장치사용사업체(군집드론) 등록 현황_20240823.csv,군집드론 사용사업체 등록은 방산기업 또는 군 납품을 의미하지 않음. 개인정보·사업자번호·상세주소 제외.
SWARM002,주식회사 유비파이,유비파이,서울특별시,관악구,"촬영,기타","기타(군집비행, 드론공연)",2024-08-23,한국교통안전공단_초경량비행장치사용사업체(군집드론) 등록 현황_20240823.csv,군집드론 사용사업체 등록은 방산기업 또는 군 납품을 의미하지 않음. 개인정보·사업자번호·상세주소 제외.
SWARM003,경북과학대 산학협력단,경북과학대 산학협력단,경상북도,칠곡군,"촬영,조종교육,농업지원,기타","조종교육, 교관양성, 항공촬영, 농업 방제 및 방역, 드론군집 및 공연",2024-08-23,한국교통안전공단_초경량비행장치사용사업체(군집드론) 등록 현황_20240823.csv,군집드론 사용사업체 등록은 방산기업 또는 군 납품을 의미하지 않음. 개인정보·사업자번호·상세주소 제외.
SWARM004,주식회사 날다,날다,전라남도,광양시,"촬영,관측,측량,조종교육,농업지원,기타","항공방제, 사진촬영, 측량 또는 탐사, 관측 또는 탐사, 조종교육, 드론배송, 기타(드론공연 )",2024-08-23,한국교통안전공단_초경량비행장치사용사업체(군집드론) 등록 현황_20240823.csv,군집드론 사용사업체 등록은 방산기업 또는 군 납품을 의미하지 않음. 개인정보·사업자번호·상세주소 제외.
SWARM005,주식회사 라온스랩,라온스랩,강원도,원주시,"촬영,관측,농업지원,기타","드론 군집공연, 항공촬영, 관측, 탐사, 농업지원,  드론 도소매업",2024-08-23,한국교통안전공단_초경량비행장치사용사업체(군집드론) 등록 현황_20240823.csv,군집드론 사용사업체 등록은 방산기업 또는 군 납품을 의미하지 않음. 개인정보·사업자번호·상세주소 제외.
SWARM006,주식회사 스카이아트,스카이아트,전라남도,목포시,"촬영,기타",드론을 이용한 촬영과 다양한 퍼포먼스를 위한 군집 드론 쇼 ,2024-08-23,한국교통안전공단_초경량비행장치사용사업체(군집드론) 등록 현황_20240823.csv,군집드론 사용사업체 등록은 방산기업 또는 군 납품을 의미하지 않음. 개인정보·사업자번호·상세주소 제외.
SWARM007,안동드론클럽,안동드론클럽,경상북도,안동시,"촬영,관측,측량,조종교육,농업지원,기타","자격교육, 농업지원, 항공방제, 항공방역, 항공촬영, 항공측량, 항공관측, 항공광고, 드론쇼, 배송",2024-08-23,한국교통안전공단_초경량비행장치사용사업체(군집드론) 등록 현황_20240823.csv,군집드론 사용사업체 등록은 방산기업 또는 군 납품을 의미하지 않음. 개인정보·사업자번호·상세주소 제외.
SWARM008,주식회사 파블로항공,파블로항공,인천광역시,연수구,"조종교육,기타","물품배송, 공연, 조종교육, 비행시험",2024-08-23,한국교통안전공단_초경량비행장치사용사업체(군집드론) 등록 현황_20240823.csv,군집드론 사용사업체 등록은 방산기업 또는 군 납품을 의미하지 않음. 개인정보·사업자번호·상세주소 제외.
SWARM009,농업회사법인 주식회사 케이제이,농업회사법인 주식회사 케이제이,경상북도,의성군,"촬영,관측,측량,조종교육,농업지원,기타","조종교육, 교관양성, 항공촬영, 농업 방제 및 방역, 드론군집 및 공연",2024-08-23,한국교통안전공단_초경량비행장치사용사업체(군집드론) 등록 현황_20240823.csv,군집드론 사용사업체 등록은 방산기업 또는 군 납품을 의미하지 않음. 개인정보·사업자번호·상세주소 제외.
SWARM010,영월드론비행교육원,영월드론비행교육원,강원,영월군,"촬영,조종교육,농업지원,기타",드론아트쇼,2024-08-23,한국교통안전공단_초경량비행장치사용사업체(군집드론) 등록 현황_20240823.csv,군집드론 사용사업체 등록은 방산기업 또는 군 납품을 의미하지 않음. 개인정보·사업자번호·상세주소 제외.
SWARM011,주식회사 드론코리아 아카데미,드론코리아 아카데미,경상북도,안동시,"촬영,측량,조종교육,농업지원,기타","조종교육, 항공방제, 항공촬영, 측량 또는 탐사, 드론공연",2024-08-23,한국교통안전공단_초경량비행장치사용사업체(군집드론) 등록 현황_20240823.csv,군집드론 사용사업체 등록은 방산기업 또는 군 납품을 의미하지 않음. 개인정보·사업자번호·상세주소 제외.
SWARM012,(주)다온아이앤씨,다온아이앤씨,경기도,광명시,"촬영,기타","공연, 촬영",2024-08-23,한국교통안전공단_초경량비행장치사용사업체(군집드론) 등록 현황_20240823.csv,군집드론 사용사업체 등록은 방산기업 또는 군 납품을 의미하지 않음. 개인정보·사업자번호·상세주소 제외.
