technology_id,job_group,example_roles,job_keywords,learning_topics,mapping_type,usage_note
DT01,AI·컴퓨터비전,"AI 엔지니어, 영상처리 연구원","Python, PyTorch, OpenCV, YOLO, 객체탐지, 추적","컴퓨터비전, 딥러닝, 임베디드 AI",분석용 매핑,실제 채용공고 keyword와 조인해 요구 빈도를 검증해야 함
DT02,비행제어·자율비행,"자율비행 연구원, 로보틱스 엔지니어","C++, Python, ROS2, PX4, 경로계획, 군집제어","제어공학, 로보틱스, 최적화",분석용 매핑,실제 채용공고 keyword와 조인해 요구 빈도를 검증해야 함
DT03,항법·센서융합,"항법 알고리즘 연구원, GNC 엔지니어","GNSS, IMU, EKF, SLAM, VIO, 센서융합","확률로봇, 신호처리, 항법",분석용 매핑,실제 채용공고 keyword와 조인해 요구 빈도를 검증해야 함
DT04,임베디드·비행컴퓨터,"임베디드 SW, 비행컴퓨터 개발자","C/C++, RTOS, Linux, GPGPU, 분산처리","운영체제, 컴퓨터구조, 실시간 시스템",분석용 매핑,실제 채용공고 keyword와 조인해 요구 빈도를 검증해야 함
DT05,센서·신호처리,"EO/IR·SAR 연구원, 센서융합 엔지니어","EO/IR, SAR, LiDAR, 영상신호처리","전자공학, 광학, 신호처리",분석용 매핑,실제 채용공고 keyword와 조인해 요구 빈도를 검증해야 함
DT06,통신·데이터링크,"RF 엔지니어, 데이터링크 개발자","RF, SDR, 메시네트워크, 암호통신, 네트워크","무선통신, 안테나, 네트워크 보안",분석용 매핑,실제 채용공고 keyword와 조인해 요구 빈도를 검증해야 함
DT07,지상통제·시스템통합,"GCS 개발자, 시스템 엔지니어","GCS, C2, 임무계획, HMI, 시스템통합","소프트웨어공학, HCI, 체계공학",분석용 매핑,실제 채용공고 keyword와 조인해 요구 빈도를 검증해야 함
DT08,동력·에너지,"전력전자, 배터리·연료전지 엔지니어","BMS, 연료전지, 파워팩, 전력전자","전기전자, 화학공학, 에너지시스템",분석용 매핑,실제 채용공고 keyword와 조인해 요구 빈도를 검증해야 함
DT09,기계·기체설계,"기구설계, 구조해석, 생산기술","CAD, CAE, 복합재, 3D 프린팅, 구조해석","기계공학, 재료공학, 제조공학",분석용 매핑,실제 채용공고 keyword와 조인해 요구 빈도를 검증해야 함
DT10,안티드론·전자전,"전자전 연구원, C-UAS 시스템 엔지니어","재밍, 스푸핑, RF 탐지, 레이더, 위협식별","전자전, 레이더, RF 신호처리",분석용 매핑,실제 채용공고 keyword와 조인해 요구 빈도를 검증해야 함
DT11,요격체계·고출력전자기,"요격체계 연구원, 레이저·HPM 엔지니어","요격유도, 고출력 레이저, HPM, 전자기펄스","유도제어, 전자기학, 고전력공학",분석용 매핑,실제 채용공고 keyword와 조인해 요구 빈도를 검증해야 함
DT12,AI 지휘통제·데이터,"국방 AI 엔지니어, 의사결정지원 개발자","데이터융합, 상황인식, 의사결정지원, MLOps","데이터공학, AI, 작전분석",분석용 매핑,실제 채용공고 keyword와 조인해 요구 빈도를 검증해야 함
