course_id,course_name,institution_name,ncs_code_raw,ncs_code_standard,ncs_name,standard_confirmed_flag,training_target,training_field_name,main_course_type_name,training_method_code,ncs_applied_flag,total_training_hours,non_ncs_theory_hours,non_ncs_practical_hours,tuition_won,actual_training_cost_won,government_subsidy_won,expected_out_of_pocket_won,remote_mode,certificate_course_flag,estimated_certificate_type,related_certificate_raw,ncs_review_flag
ACG20253001061519,[촬영용 드론] 드론을 활용한 영상촬영 및 편집기술,케이지에듀원 원격평생교육원,09040105,09040105,소형무인기운용·조종,1,근로자원격훈련,근로자직업능력개발훈련,근로자,M2005,0,17.0,,,50490,50490,50490,22730,원격,,,,0
ACG20253001077931,드론 기초기술 현장적용 가이드,러닝플러스 주식회사,20010102,20010102,정보기술컨설팅,1,근로자원격훈련,근로자직업능력개발훈련,근로자,M2005,0,21.0,,,62370,62370,62370,28070,원격,,,,0
ACG20253001100205,[촬영용 드론] 드론을 활용한 영상촬영 및 편집기술,주식회사 드림캠퍼스,09040105,09040105,소형무인기운용·조종,1,근로자원격훈련,근로자직업능력개발훈련,근로자,M2005,0,17.0,,,50490,50490,50490,22730,원격,,,,0
ACG20263001154048,[촬영용 드론] 드론을 활용한 영상촬영 및 편집기술,케이지에듀원 원격평생교육원,09040105,09040105,소형무인기운용·조종,1,근로자원격훈련,근로자직업능력개발훈련,근로자,M2005,0,17.0,,,50490,50490,50490,22730,원격,,,,0
ACG20263001165807,[국가 드론자격증] 초경량비행장치 조종자 필기반,한국이러닝협회,09040105,09040105,소형무인기운용·조종,1,근로자원격훈련,근로자직업능력개발훈련,근로자,M2005,0,22.0,,,65340,65340,65340,29410,원격,1,초경량비행장치 조종자,초경량비행장치 조종자,0
ACG20263001192049,드론 기초기술 현장적용 가이드,러닝플러스 주식회사,20010102,20010102,정보기술컨설팅,1,근로자원격훈련,근로자직업능력개발훈련,근로자,M2005,0,21.0,,,62370,62370,62370,28070,원격,,,,0
ACG20263001251328,"드론, 새로운 차세대 아이템",미라클평생교육원,09040105,09040105,소형무인기운용·조종,1,근로자원격훈련,근로자직업능력개발훈련,근로자,M2005,0,20.0,,,123200,123200,123200,55440,원격,,,,0
ACG20263001414787,[촬영용 드론] 드론을 활용한 영상촬영 및 편집기술,(1st)인비원 평생교육원,09040105,09040105,소형무인기운용·조종,1,근로자원격훈련,근로자직업능력개발훈련,근로자,M2005,0,17.0,,,50490,50490,50490,22730,원격,,,,0
AIG20240000498076,"자율비행 드론 설계 및 제작(솔리드웍스,카티아,3D프린터,제어)",글로벌산업기술교육원,15090105,15090105,소형무인기비행체개발,1,K-디지털 트레이닝,통합심사과정훈련,K-디지털트레이닝,M1001,0,1000.0,,,18150000,18150000,18150000,600000,비원격,,,,0
AIG20250000501335,AIOT 기반 드론 영상 관제시스템 프로젝트 개발,DW아카데미학원,20010202,20010202,응용SW엔지니어링,1,K-디지털 트레이닝,통합심사과정훈련,K-디지털트레이닝,M1001,0,1120.0,,,10687040,10687040,10687040,400000,비원격,,,,0
AIG20250000502445,드론 국가자격증 1종 취득과정(필기+실기) 주말반,미래드론아카데미,09040105,09040105,소형무인기운용·조종,1,국민내일배움카드(일반),통합심사과정훈련,실업자(일반),M1001,0,120.0,40.0,80.0,858000,2058000,858000,1586100,비원격,1,드론 조종자 1종,,0
AIG20250000502620,초경량비행장치 무인멀티콥터(드론)조종자 1종 국가자격취득과정(이론+실기),중부드론교육원,09040105,09040105,소형무인기운용·조종,1,국민내일배움카드(일반),통합심사과정훈련,근로자,M1001,1,120.0,20.0,0.0,858000,2000000,858000,1442300,비원격,1,드론 조종자 1종,,0
AIG20250000503304,드론국가자격증 1종 취득과정(주중),여수드론교육원,09040105,09040105,소형무인기운용·조종,1,국민내일배움카드(일반),통합심사과정훈련,실업자(일반),M1001,0,120.0,40.0,80.0,858000,2000000,858000,1528100,비원격,1,드론 조종자 1종,,0
AIG20250000503351,드론국가자격증1종취득 실기,상무무인항공교육원,09040105,09040105,소형무인기운용·조종,1,국민내일배움카드(일반),통합심사과정훈련,근로자,M1001,0,120.0,20.0,100.0,858000,1900000,858000,1428100,비원격,1,드론 조종자 1종,,0
AIG20250000504420,초경량 비행장치무인멀티콥터(드론)조종자1종과정,(주)규림,09040105,09040105,소형무인기운용·조종,1,국민내일배움카드(일반),통합심사과정훈련,실업자(일반),M1001,1,160.0,0.0,20.0,1144000,1844000,1144000,1214800,비원격,1,드론 조종자 1종,,0
AIG20250000504590,초경량 비행장치무인멀티콥터(드론)조종자1종 주말과정,(주)규림,09040105,09040105,소형무인기운용·조종,1,국민내일배움카드(일반),통합심사과정훈련,실업자(일반),M1001,1,144.0,0.0,20.0,1029600,2229600,1029600,1663320,비원격,1,드론 조종자 1종,,0
AIG20250000504936,내가 만든 드론으로 영상 크리에이터,미래직업기술학원,08030204,08030204,광고콘텐츠제작,1,국민내일배움카드(일반),통합심사과정훈련,실업자(일반),M1001,1,140.0,43.0,94.0,873600,873600,873600,393120,비원격,,,,0
AIG20250000505226,드론1종국가자격,창공드론교육원,09040105,09040105,소형무인기운용·조종,1,국민내일배움카드(일반),통합심사과정훈련,근로자,M1001,1,92.0,2.0,20.0,657800,2300000,657800,1938210,비원격,1,드론 조종자 1종,,0
AIG20250000505519,1종 드론 국가자격증 필기+실기_평일반,서울드론교육원,09040105,09040105,소형무인기운용·조종,1,국민내일배움카드(일반),통합심사과정훈련,근로자,M1001,0,128.0,20.0,108.0,915200,1915200,915200,1411840,비원격,1,드론 조종자 1종,,0
AIG20250000505532,항공촬영드론조종교육 + 3종,서울드론교육원,09040105,09040105,소형무인기운용·조종,1,국민내일배움카드(일반),통합심사과정훈련,근로자,M1001,0,80.0,20.0,60.0,572000,792000,572000,477400,비원격,1,드론 조종자 3종,,0
AIG20250000505693,드론(무인멀티콥터) 국가자격증 1종 학과 교육 과정,주식회사 비아이티코퍼레이션,09040105,09040105,소형무인기운용·조종,1,국민내일배움카드(일반),통합심사과정훈련,근로자,M1001,0,40.0,40.0,0.0,286000,500000,286000,342700,비원격,1,드론 조종자 1종,,0
AIG20250000506180,1종 드론국가자격증 취득과정 필기+실기 _평일반,(주)케이드론 부설 대한무인항공교육원,09040105,09040105,소형무인기운용·조종,1,국민내일배움카드(일반),통합심사과정훈련,근로자,M1001,0,128.0,20.0,108.0,915200,1915200,915200,1411840,비원격,1,드론 조종자 1종,,0
AIG20250000507756,무인멀티콥터(드론)조종자 1종 국가자격취득 평일 (이론+실기),양주에이스원드론교육원,09040105,09040105,소형무인기운용·조종,1,국민내일배움카드(일반),통합심사과정훈련,실업자(일반),M1001,1,120.0,0.0,20.0,858000,2300000,858000,1828100,비원격,1,드론 조종자 1종,,0
AIG20250000508278,무인멀티콥터(드론) 국가자격증 1종 실기교육 과정,주식회사 비아이티코퍼레이션,09040105,09040105,소형무인기운용·조종,1,국민내일배움카드(일반),통합심사과정훈련,근로자,M1001,0,20.0,0.0,20.0,143000,1000000,143000,921350,비원격,1,드론 조종자 1종,,0
AIG20250000508720,초경량비행장치(드론) 국가자격증취득과정(1종),고창드론항공교육원,09040105,09040105,소형무인기운용·조종,1,국민내일배움카드(일반),통합심사과정훈련,실업자(일반),M1001,1,124.0,4.0,20.0,886600,2000000,886600,1512370,비원격,1,드론 조종자 1종,,0
AIG20250000508800,무인멀티콥터(드론) 1종 자격증 취득과정,금성직업전문학교,09040105,09040105,소형무인기운용·조종,1,국민내일배움카드(일반),통합심사과정훈련,실업자(일반),M1001,1,140.0,20.0,40.0,1001000,1501000,1001000,950450,비원격,1,드론 조종자 1종,,0
AIG20250000508865,무인멀티콥터(드론)자격증 취득 실기 대비반,금성직업전문학교,09040105,09040105,소형무인기운용·조종,1,국민내일배움카드(일반),통합심사과정훈련,근로자,M1001,1,133.0,0.0,60.0,950950,1450950,950950,927930,비원격,1,미분류,,0
AIG20250000508924,"드론 조종,항공 촬영과 기초 영상편집(4종 자격 지원)",현대평생교육원,09040105,09040105,소형무인기운용·조종,1,국민내일배움카드(일반),통합심사과정훈련,근로자,M1001,0,18.0,9.0,9.0,128700,128700,128700,57920,비원격,1,미분류,,0
AIG20250000509002,드론 1종 조종자 국가자격증(필기시험면제자체실기시험),이아이실용전문학원,09040105,09040105,소형무인기운용·조종,1,국민내일배움카드(일반),통합심사과정훈련,근로자,M1001,0,120.0,40.0,80.0,858000,1958000,858000,1486100,비원격,1,드론 조종자 1종,,0
AIG20250000509552,26년 드론 국가자격증 학과교육,새만금항공주식회사,09040105,09040105,소형무인기운용·조종,1,국민내일배움카드(일반),통합심사과정훈련,근로자,M1001,1,40.0,0.0,20.0,286000,300000,286000,142700,비원격,1,미분류,,0
AIG20250000509639,26년 드론 국가자격증 1종 실기교육,새만금항공주식회사,09040105,09040105,소형무인기운용·조종,1,국민내일배움카드(일반),통합심사과정훈련,근로자,M1001,1,80.0,0.0,0.0,572000,1700000,572000,1385400,비원격,1,드론 조종자 1종,,0
AIG20250000509711,26년 드론 국가자격증 2종 실기교육,새만금항공주식회사,09040105,09040105,소형무인기운용·조종,1,국민내일배움카드(일반),통합심사과정훈련,근로자,M1001,1,40.0,0.0,0.0,286000,1300000,286000,1142700,비원격,1,드론 조종자 2종,,0
AIG20250000509778,26년 드론 국가자격증 3종 실기교육,새만금항공주식회사,09040105,09040105,소형무인기운용·조종,1,국민내일배움카드(일반),통합심사과정훈련,근로자,M1001,1,24.0,0.0,0.0,171600,350000,171600,255620,비원격,1,드론 조종자 3종,,0
AIG20250000510905,드론 국가자격증 1종[필기+실기]무인멀티콥터,새동엔지니어링(주) 드론교육원,09040105,09040105,소형무인기운용·조종,1,국민내일배움카드(일반),통합심사과정훈련,실업자(일반),M1001,1,120.0,20.0,0.0,858000,1858000,858000,1386100,비원격,1,드론 조종자 1종,,0
AIG20250000510984,초경량비행장치(드론) 국가자격증취득과정(3종),고창드론항공교육원,09040105,09040105,소형무인기운용·조종,1,국민내일배움카드(일반),통합심사과정훈련,실업자(일반),M1001,1,54.0,4.0,6.0,386100,700000,386100,487650,비원격,1,드론 조종자 3종,,0
AIG20250000511074,[이론+실기]초경량비행장치 무인멀티콥터 드론 국가자격증 1종 취득과정 주중반[전문교육기관],한국항공대학교 산학협력단 (비행교육원),09040105,09040105,소형무인기운용·조종,1,국민내일배움카드(일반),통합심사과정훈련,실업자(일반),M1001,0,120.0,20.0,100.0,858000,3000000,858000,2528100,비원격,1,드론 조종자 1종,,0
AIG20250000511659,초경량비행장치 무인멀티콥터 조종자 1종,경남에스케이드론주식회사,09040105,09040105,소형무인기운용·조종,1,국민내일배움카드(일반),통합심사과정훈련,실업자(일반),M1001,1,122.0,2.0,20.0,872300,2300000,872300,1820240,비원격,1,드론 조종자 1종,,0
AIG20250000511898,드론 국가기술자격 취득과정 1종,스카이팜에듀교육원,09040105,09040105,소형무인기운용·조종,1,국민내일배움카드(일반),통합심사과정훈련,실업자(일반),M1001,1,120.0,0.0,20.0,858000,1800000,858000,1328100,비원격,1,드론 조종자 1종,,0
AIG20250000512274,드론방제 실무(방제방역 전문가 자격증),누리드론교육원,09040105,09040105,소형무인기운용·조종,1,국민내일배움카드(일반),통합심사과정훈련,근로자,M1001,0,16.0,4.0,12.0,114400,364400,114400,301480,비원격,1,미분류,,0
AIG20250000513041,드론 국가자격증 3종[필기+실기]+촬영 무인멀티콥터,새동엔지니어링(주) 드론교육원,09040105,09040105,소형무인기운용·조종,1,국민내일배움카드(일반),통합심사과정훈련,실업자(일반),M1001,1,80.0,6.0,0.0,572000,772000,572000,457400,비원격,1,드론 조종자 3종,,0
AIG20250000513132,드론 국가자격증 1종 실기반(무인멀티콥터),새동엔지니어링(주) 드론교육원,09040105,09040105,소형무인기운용·조종,1,국민내일배움카드(일반),통합심사과정훈련,근로자,M1001,1,80.0,0.0,0.0,572000,1372000,572000,1057400,비원격,1,드론 조종자 1종,,0
AIG20250000513160,드론 지도조종자(교관) 실기반(무인멀티콥터),새동엔지니어링(주) 드론교육원,09040105,09040105,소형무인기운용·조종,1,국민내일배움카드(일반),통합심사과정훈련,실업자(일반),M1001,1,192.0,0.0,42.0,1372800,3072800,1372800,2317760,비원격,1,지도조종자(교관),,0
AIG20250000513278,드론 AI소프트웨어 개발[픽스호크+아두파일럿](무인멀티콥터),새동엔지니어링(주) 드론교육원,09040105,09040105,소형무인기운용·조종,1,국가기간전략산업직종,통합심사과정훈련,실업자(국기),M1001,1,780.0,498.0,170.0,5577000,5577000,5577000,300000,비원격,,,,0
AIG20250000513585,드론 국가자격증 필기과정 (이론 및 모의비행),부산직업능력교육원,09040105,09040105,소형무인기운용·조종,1,국민내일배움카드(일반),통합심사과정훈련,근로자,M1001,0,40.0,20.0,20.0,286000,300000,286000,142700,비원격,1,미분류,,0
AIG20250000514827,1종 드론국가자격증 취득과정 필기+실기,(주)케이드론 부설 대한무인항공교육원,09040105,09040105,소형무인기운용·조종,1,국민내일배움카드(일반),통합심사과정훈련,실업자(일반),M1001,1,128.0,40.0,0.0,915200,1915200,915200,1411840,비원격,1,드론 조종자 1종,,0
AIG20250000515012,무인멀티콥터(드론) 조종자 3종 국가자격취득 평일 (이론+실기),양주에이스원드론교육원,09040105,09040105,소형무인기운용·조종,1,국민내일배움카드(일반),통합심사과정훈련,근로자,M1001,1,50.0,0.0,6.0,357500,800000,357500,603380,비원격,1,드론 조종자 3종,,0
AIG20250000515436,초경량비행장치(드론 1종) 조종자 국가자격증 취득,누리드론교육원,09040105,09040105,소형무인기운용·조종,1,국민내일배움카드(일반),통합심사과정훈련,근로자,M1001,0,128.0,24.0,104.0,915200,1215200,915200,711840,비원격,1,드론 조종자 1종,,0
AIG20250000515467,드론 국가자격증1종[이론+실기],(주)충남무인항공교육원,09040105,09040105,소형무인기운용·조종,1,국민내일배움카드(일반),통합심사과정훈련,실업자(일반),M1001,0,120.0,20.0,100.0,858000,1900000,858000,1428100,비원격,1,드론 조종자 1종,,0
AIG20250000515496,초경량비행장치(드론 3종) 조종자 국가자격증 취득(시험면제 무시험),누리드론교육원,09040105,09040105,소형무인기운용·조종,1,국민내일배움카드(일반),통합심사과정훈련,근로자,M1001,0,56.0,22.0,34.0,400400,500400,400400,280180,비원격,1,드론 조종자 3종,,0
AIG20250000515594,초경량비행장치(드론 1종) 조종자 국가자격증 취득(필기면제),누리드론교육원,09040105,09040105,소형무인기운용·조종,1,국민내일배움카드(일반),통합심사과정훈련,실업자(일반),M1001,0,136.0,28.0,108.0,972400,1472400,972400,937580,비원격,1,드론 조종자 1종,,0
AIG20250000515742,초경량비행장치(드론) 지도조종자(교관) 자격취득과정,누리드론교육원,09040105,09040105,소형무인기운용·조종,1,국민내일배움카드(일반),통합심사과정훈련,실업자(일반),M1001,1,208.0,8.0,100.0,1487200,1987200,1487200,1169240,비원격,1,지도조종자(교관),,0
AIG20250000516351,초경량비행장치 무인멀티콥터(드론) 1종 자격(학과이론+모의비행),부산경상대학교산학협력단,09040105,09040105,소형무인기운용·조종,1,국민내일배움카드(일반),통합심사과정훈련,근로자,M1001,1,40.0,0.0,20.0,286000,500000,286000,342700,비원격,1,드론 조종자 1종,,0
AIG20250000516429,초경량비행장치 무인멀티콥터(드론) 1종 자격(실기비행),부산경상대학교산학협력단,09040105,09040105,소형무인기운용·조종,1,국민내일배움카드(일반),통합심사과정훈련,근로자,M1001,1,100.0,0.0,0.0,715000,1500000,715000,1106750,비원격,1,드론 조종자 1종,,0
AIG20250000516588,드론 조립 및 분해(유지보수),신한글로벌인재교육원,09040105,09040105,소형무인기운용·조종,1,국민내일배움카드(일반),통합심사과정훈련,근로자,M1001,1,36.0,0.0,0.0,257400,357400,257400,215830,비원격,,,,0
AIG20250000516668,초경량비행장치 무인멀티콥터(드론) 1종 자격취득(이론+실기),부산경상대학교산학협력단,09040105,09040105,소형무인기운용·조종,1,국민내일배움카드(일반),통합심사과정훈련,근로자,M1001,1,140.0,0.0,20.0,1001000,2000000,1001000,1449450,비원격,1,드론 조종자 1종,,0
AIG20250000517356,"드론(소형무인기) 항공촬영, 편집, 드론방제, 드론정비 및 국가자격(드론1종) 취득과정",누리드론교육원,09040105,09040105,소형무인기운용·조종,1,국가기간전략산업직종,통합심사과정훈련,실업자(국기),M1001,1,960.0,28.0,172.0,6864000,6864000,6864000,400000,비원격,1,드론 조종자 1종,,0
AIG20250000518065,초경량비행장치 무인멀티콥터(드론) 1종 조종자 자격증 취득과정,(주)플라이존드론,09040105,09040105,소형무인기운용·조종,1,국민내일배움카드(일반),통합심사과정훈련,근로자,M1001,1,120.0,0.0,100.0,858000,2500000,858000,2028100,비원격,1,드론 조종자 1종,,0
AIG20250000519317,드론 국가자격증1종[실기],(주)충남무인항공교육원,09040105,09040105,소형무인기운용·조종,1,국민내일배움카드(일반),통합심사과정훈련,실업자(일반),M1001,0,80.0,0.0,80.0,572000,1600000,572000,1285400,비원격,1,드론 조종자 1종,,0
AIG20250000519356,GEO 드론 & 드론관제 양성과정,한국연합드론전문교육원,09040105,09040105,소형무인기운용·조종,1,스마트혼합훈련,통합심사과정훈련,실업자(국기),M1001,1,462.0,64.0,0.0,3560900,3560900,3303300,300000,비원격,,,,0
AIG20250000519400,드론 지도조종자[교관],(주)충남무인항공교육원,09040105,09040105,소형무인기운용·조종,1,국민내일배움카드(일반),통합심사과정훈련,실업자(일반),M1001,0,184.0,0.0,184.0,1315600,3200000,1315600,2476420,비원격,1,지도조종자(교관),,0
AIG20250000519760,드론 (1종) 국가자격증 취득과정(필기+실기),신한글로벌인재교육원,09040105,09040105,소형무인기운용·조종,1,국민내일배움카드(일반),통합심사과정훈련,실업자(일반),M1001,0,120.0,20.0,100.0,858000,2048000,858000,1576100,비원격,1,드론 조종자 1종,,0
AIG20250000519996,드론 (1종) 국가자격증 취득과정(실기),신한글로벌인재교육원,09040105,09040105,소형무인기운용·조종,1,국민내일배움카드(일반),통합심사과정훈련,실업자(일반),M1001,0,56.0,0.0,56.0,400400,1590400,400400,1370180,비원격,1,드론 조종자 1종,,0
AIG20250000520098,드론 (3종) 국가자격증 취득 (실기),신한글로벌인재교육원,09040105,09040105,소형무인기운용·조종,1,국민내일배움카드(일반),통합심사과정훈련,근로자,M1001,0,32.0,0.0,32.0,228800,428800,228800,302960,비원격,1,드론 조종자 3종,,0
AIG20250000520214,특화드론운용 및 2D/3D공간정보 촬영 편집(A반),신한글로벌인재교육원,09040105,09040105,소형무인기운용·조종,1,국가기간전략산업직종,통합심사과정훈련,실업자(국기),M1001,1,645.0,30.0,216.0,4611750,4611750,4611750,300000,비원격,,,,0
AIG20250000520283,파워 드론 / 영상 전문가 양성과정,한국연합드론전문교육원,09040105,09040105,소형무인기운용·조종,1,스마트혼합훈련,통합심사과정훈련,실업자(국기),M1001,1,474.0,64.0,0.0,3646700,3646700,3389100,300000,비원격,,,,0
AIG20250000520672,드론 조종(수중드론) 및 영상촬영편집(A반),신한글로벌인재교육원,09040105,09040105,소형무인기운용·조종,1,국가기간전략산업직종,통합심사과정훈련,실업자(국기),M1001,1,633.0,30.0,236.0,4525950,4525950,4525950,300000,비원격,,,,0
AIG20250000520729,드론 운용 및 구조물 안전진단 촬영편집(A반),신한글로벌인재교육원,09040105,09040105,소형무인기운용·조종,1,국가기간전략산업직종,통합심사과정훈련,실업자(국기),M1001,1,680.0,30.0,251.0,4862000,4862000,4862000,300000,비원격,,,,0
AIG20250000520748,UAM 드론 & 드론관제 양성과정,한국연합드론전문교육원,09040105,09040105,소형무인기운용·조종,1,스마트혼합훈련,통합심사과정훈련,실업자(국기),M1001,1,462.0,64.0,0.0,3560900,3560900,3303300,300000,비원격,,,,0
AIG20250000520984,드론 1종 조종자 자격증 취득과정 (이론+실기)[평일반],주식회사스카이엔터프라이즈,09040105,09040105,소형무인기운용·조종,1,국민내일배움카드(일반),통합심사과정훈련,근로자,M1001,1,136.0,0.0,20.0,972400,1990000,972400,1455180,비원격,1,드론 조종자 1종,,0
AIG20250000521044,드론1종(국가) & 드론관제(민간) 자격취득과정,한국연합드론전문교육원,09040105,09040105,소형무인기운용·조종,1,국민내일배움카드(일반),통합심사과정훈련,실업자(일반),M1001,1,168.0,56.0,0.0,1201200,2131200,1201200,1470540,비원격,1,드론 조종자 1종,,0
AIG20250000521046,드론 2종 조종자 자격증 취득과정 (이론+실기)[주말반],주식회사스카이엔터프라이즈,09040105,09040105,소형무인기운용·조종,1,국민내일배움카드(일반),통합심사과정훈련,근로자,M1001,1,90.0,0.0,10.0,643500,1490000,643500,1136080,비원격,1,드론 조종자 2종,,0
AIG20250000521919,초경량비행장치(드론1종) 조종자 국가자격증 취득,누리드론교육원,09040105,09040105,소형무인기운용·조종,1,국민내일배움카드(일반),통합심사과정훈련,실업자(일반),M1001,0,160.0,34.0,126.0,1144000,1444000,1144000,814800,비원격,1,드론 조종자 1종,,0
AIG20250000523342,드론 국가자격증 1종 취득 과정(필기+실기),코리아무인항공,09040105,09040105,소형무인기운용·조종,1,국민내일배움카드(일반),통합심사과정훈련,근로자,M1001,1,120.0,20.0,0.0,858000,2500000,858000,2028100,비원격,1,드론 조종자 1종,,0
AIG20250000525906,[이론+실기]초경량비행장치 무인멀티콥터 드론 국가자격증 1종 취득과정 주말반[전문교육기관],한국항공대학교 산학협력단 (비행교육원),09040105,09040105,소형무인기운용·조종,1,국민내일배움카드(일반),통합심사과정훈련,실업자(일반),M1001,0,122.0,20.0,102.0,872300,3000000,872300,2520240,비원격,1,드론 조종자 1종,,0
AIG20250000526030,[실습]초경량비행장치 무인멀티콥터 드론 지도조종자(교관) 자격취득과정[전문교육기관],한국항공대학교 산학협력단 (비행교육원),09040105,09040105,소형무인기운용·조종,1,국민내일배움카드(일반),통합심사과정훈련,실업자(일반),M1001,0,160.0,0.0,160.0,1144000,4400000,1144000,3770800,비원격,1,지도조종자(교관),,0
AIG20250000527104,초경량비행장치(드론) 1종 국가자격(이론+시뮬레이션),주식회사대구드론자격전문교육원,09040105,09040105,소형무인기운용·조종,1,국민내일배움카드(일반),통합심사과정훈련,근로자,M1001,1,40.0,20.0,0.0,286000,286000,286000,128700,비원격,1,드론 조종자 1종,,0
AIG20250000527495,초경량비행장치 드론 1종 국가자격증 취득 과정,알씨스카이 부설 무인기술UAV교육원,09040105,09040105,소형무인기운용·조종,1,국민내일배움카드(일반),통합심사과정훈련,근로자,M1001,0,120.0,20.0,100.0,858000,1980000,858000,1508100,비원격,1,드론 조종자 1종,,0
AIG20250000527644,촬영용드론 조종 + 3종 자격증,(주)케이드론 부설 대한무인항공교육원,09040105,09040105,소형무인기운용·조종,1,국민내일배움카드(일반),통합심사과정훈련,실업자(일반),M1001,1,80.0,40.0,0.0,572000,962000,572000,647400,비원격,1,드론 조종자 3종,,0
AIG20250000527825,초경량비행장치(드론) 1종 면허 실기과정,주식회사대구드론자격전문교육원,09040105,09040105,소형무인기운용·조종,1,국민내일배움카드(일반),통합심사과정훈련,근로자,M1001,0,80.0,0.0,80.0,572000,1272000,572000,957400,비원격,1,드론 조종자 1종,,0
AIG20250000528466,드론 조종자 1종 국가자격 취득과정 (학과+실기_평일반),구름무인항공교육원,09040105,09040105,소형무인기운용·조종,1,국민내일배움카드(일반),통합심사과정훈련,근로자,M1001,0,120.0,0.0,120.0,858000,1950000,858000,1478100,비원격,1,드론 조종자 1종,,0
AIG20250000528935,드론조종 3종 양성과정(주말반),드론항공평생교육원,09040105,09040105,소형무인기운용·조종,1,국민내일배움카드(일반),통합심사과정훈련,근로자,M1001,1,50.0,0.0,6.0,357500,560000,357500,363380,비원격,1,드론 조종자 3종,,0
AIG20250000529057,초경량비행장치 조종자 자격 취득과정(1종),드론항공평생교육원,09040105,09040105,소형무인기운용·조종,1,국민내일배움카드(일반),통합심사과정훈련,실업자(일반),M1001,1,120.0,0.0,20.0,858000,1800000,858000,1328100,비원격,1,드론 조종자 1종,,0
AIG20250000529150,드론을 활용한 충해예방 방제 전문가 양성과정,드론항공평생교육원,09040105,09040105,소형무인기운용·조종,1,국민내일배움카드(일반),통합심사과정훈련,실업자(일반),M1001,1,140.0,0.0,20.0,1001000,2000000,1001000,1449450,비원격,,,,0
AIG20250000529188,드론 조종자 1종 국가자격 취득 과정 (실기반_주말_오전),구름무인항공교육원,09040105,09040105,소형무인기운용·조종,1,국민내일배움카드(일반),통합심사과정훈련,근로자,M1001,0,40.0,0.0,40.0,286000,1500000,286000,1342700,비원격,1,드론 조종자 1종,,0
AIG20250000529268,드론 조종자 1종 국가자격 취득 과정 (학과_주말반),구름무인항공교육원,09040105,09040105,소형무인기운용·조종,1,국민내일배움카드(일반),통합심사과정훈련,근로자,M1001,0,40.0,20.0,20.0,286000,450000,286000,292700,비원격,1,드론 조종자 1종,,0
AIG20250000529814,드론 1종 국가자격증 취득과정,(주)스마트항공,09040105,09040105,소형무인기운용·조종,1,국민내일배움카드(일반),통합심사과정훈련,근로자,M1001,0,120.0,20.0,100.0,858000,1980000,858000,1508100,비원격,1,드론 조종자 1종,,0
AIG20250000530943,드론 운용관리 및 유지보수,부산평생교육원,09040105,09040105,소형무인기운용·조종,1,국민내일배움카드(일반),통합심사과정훈련,근로자,M1001,0,40.0,20.0,20.0,286000,800000,286000,642700,비원격,,,,0
AIG20250000531836,드론 (1종) 국가자격증 취득 (실기),중부드론교육원,09040105,09040105,소형무인기운용·조종,1,국민내일배움카드(일반),통합심사과정훈련,근로자,M1001,1,80.0,0.0,0.0,572000,1500000,572000,1128200,비원격,1,드론 조종자 1종,,0
AIG20250000531840,드론 지도조종자(교관) 자격취득과정,중부드론교육원,09040105,09040105,소형무인기운용·조종,1,국민내일배움카드(일반),통합심사과정훈련,실업자(일반),M1001,0,180.0,0.0,180.0,1287000,3000000,1287000,2163450,비원격,1,지도조종자(교관),,0
AIG20250000531843,초경량비행장치(드론) 무인 멀티콥터 조종자 3종 자격증 취득과정,중부드론교육원,09040105,09040105,소형무인기운용·조종,1,국민내일배움카드(일반),통합심사과정훈련,근로자,M1001,0,50.0,20.0,30.0,357500,600000,357500,367630,비원격,1,드론 조종자 3종,,0
AIG20250000531939,초경량비행장치 무인멀티콥터 조종자 3종,경남에스케이드론주식회사,09040105,09040105,소형무인기운용·조종,1,국민내일배움카드(일반),통합심사과정훈련,근로자,M1001,1,52.0,2.0,6.0,371800,800000,371800,595510,비원격,1,드론 조종자 3종,,0
AIG20250000531993,무인항공기 임무비행 전문가,디엠씨,09040105,09040105,소형무인기운용·조종,1,국민내일배움카드(일반),통합심사과정훈련,근로자,M1001,1,320.0,0.0,0.0,2288000,2288000,2288000,1029600,비원격,,,,0
AIG20250000532017,초경량비행장치 (드론) 1종 국가자격취득과정(이론+실기),KDA 한국드론교육원,09040105,09040105,소형무인기운용·조종,1,국민내일배움카드(일반),통합심사과정훈련,근로자,M1001,1,120.0,20.0,0.0,858000,1980000,858000,1508100,비원격,1,드론 조종자 1종,,0
AIG20250000532020,초경량비행장치 (드론) 1종 국가자격취득과정(실기),KDA 한국드론교육원,09040105,09040105,소형무인기운용·조종,1,국민내일배움카드(일반),통합심사과정훈련,근로자,M1001,1,80.0,0.0,0.0,572000,1500000,572000,1185400,비원격,1,드론 조종자 1종,,0
AIG20250000532091,(드론)조종자 1종 국가 자격증 취득과정,주식회사지디에이경기드론교육원,09040105,09040105,소형무인기운용·조종,1,국민내일배움카드(일반),통합심사과정훈련,근로자,M1001,1,120.0,20.0,0.0,858000,1980000,858000,1508100,비원격,1,드론 조종자 1종,,0
AIG20250000532096,(드론)조종자 1종 국가 자격증 취득과정(실기),주식회사지디에이경기드론교육원,09040105,09040105,소형무인기운용·조종,1,국민내일배움카드(일반),통합심사과정훈련,근로자,M1001,1,80.0,0.0,0.0,572000,1500000,572000,1185400,비원격,1,드론 조종자 1종,,0
AIG20250000532702,초경량 비행장치(드론) 1종 조종자 취득과정,디엠씨,09040105,09040105,소형무인기운용·조종,1,국민내일배움카드(일반),통합심사과정훈련,근로자,M1001,0,160.0,36.0,124.0,1144000,1744000,1144000,1114800,비원격,1,드론 조종자 1종,,0
AIG20250000533696,초경량비행장치(드론) 조종자 1종 자격 실기 과정,더 드론 비행교육원,09040105,09040105,소형무인기운용·조종,1,국민내일배움카드(일반),통합심사과정훈련,근로자,M1001,0,80.0,0.0,80.0,572000,1800000,572000,1485400,비원격,1,드론 조종자 1종,,0
AIG20250000533755,초경량비행장치(드론) 조종자 3종 자격 실기 과정,더 드론 비행교육원,09040105,09040105,소형무인기운용·조종,1,국민내일배움카드(일반),통합심사과정훈련,근로자,M1001,0,24.0,0.0,24.0,171600,500000,171600,405620,비원격,1,드론 조종자 3종,,0
AIG20250000533785,초경량비행장치 지도조종자(교관) 취득,디엠씨,09040105,09040105,소형무인기운용·조종,1,국민내일배움카드(일반),통합심사과정훈련,근로자,M1001,0,416.0,16.0,400.0,2974400,2974400,2974400,1338480,비원격,1,지도조종자(교관),,0
AIG20250000533818,초경량비행장치 무인멀티콥터(드론) 항공 측량 과정,더 드론 비행교육원,09040105,09040105,소형무인기운용·조종,1,국민내일배움카드(일반),통합심사과정훈련,근로자,M1001,1,80.0,20.0,26.0,572000,1600000,572000,1285400,비원격,,,,0
AIG20250000533871,초경량비행장치 무인멀티콥터(드론) 항공 촬영 과정,더 드론 비행교육원,09040105,09040105,소형무인기운용·조종,1,국민내일배움카드(일반),통합심사과정훈련,근로자,M1001,1,80.0,20.0,26.0,572000,1600000,572000,1285400,비원격,,,,0
AIG20250000533925,초경량비행장치 무인수직이착륙기 2종 자격 실기 과정,더 드론 비행교육원,09040105,09040105,소형무인기운용·조종,1,국민내일배움카드(일반),통합심사과정훈련,근로자,M1001,0,40.0,0.0,40.0,286000,4000000,286000,3842700,비원격,1,드론 조종자 2종,,0
AIG20250000533939,초경량비행장치 무인수직이착륙기 3종 자격 실기 과정,더 드론 비행교육원,09040105,09040105,소형무인기운용·조종,1,국민내일배움카드(일반),통합심사과정훈련,근로자,M1001,0,30.0,0.0,30.0,214500,2000000,214500,1882030,비원격,1,드론 조종자 3종,,0
AIG20250000534362,초경량비행장치 무인멀티콥터 취득과정(평일),강남무인항공,09040105,09040105,소형무인기운용·조종,1,국민내일배움카드(일반),통합심사과정훈련,근로자,M1001,1,120.0,0.0,20.0,858000,1500000,858000,1028100,비원격,,,,0
AIG20250000535466,드론 국가자격증 1종 취득과정,순천스카이드론교육원(미래진로직업체험센터),09040105,09040105,소형무인기운용·조종,1,국민내일배움카드(일반),통합심사과정훈련,실업자(일반),M1001,1,120.0,0.0,0.0,858000,1600000,858000,1128100,비원격,1,드론 조종자 1종,,0
AIG20250000535769,드론제어를 활용한 드론정비기술인력 양성(아두이노 활용),현대평생교육원,20010203,20010203,임베디드SW엔지니어링,1,국가기간전략산업직종,통합심사과정훈련,실업자(국기),M1001,1,596.0,40.0,188.0,4344840,4344840,4344840,300000,비원격,,,,0
AIG20250000535974,초경량비행장치 무인멀티콥터 조종자 1종,주식회사27,09040105,09040105,소형무인기운용·조종,1,국민내일배움카드(일반),통합심사과정훈련,실업자(일반),M1001,0,120.0,20.0,100.0,858000,2000000,858000,1528100,비원격,1,드론 조종자 1종,,0
AIG20250000536056,드론정비사 1급 전문가과정,현대평생교육원,15090308,15090308,소형무인기정비,1,국민내일배움카드(일반),통합심사과정훈련,근로자,M1001,0,24.0,3.0,21.0,157440,357440,157440,270850,비원격,,,,0
AIG20250000536111,드론국가자격1종과정,영천드론자격시험교육센터,09040105,09040105,소형무인기운용·조종,1,국민내일배움카드(일반),통합심사과정훈련,근로자,M1001,1,164.0,21.0,0.0,1172600,1800000,1172600,1155070,비원격,1,드론 조종자 1종,,0
AIG20250000536277,초경량비행장치 무인멀티콥터(드론) 지도조종자 자격증 취득과정,(주)플라이존드론,09040105,09040105,소형무인기운용·조종,1,국민내일배움카드(일반),통합심사과정훈련,근로자,M1001,0,162.0,0.0,162.0,1158300,4000000,1158300,3362940,비원격,1,지도조종자(교관),,0
AIG20250000536325,초경량비행장치(드론)조종자 1종 자격증 취득과정,주식회사청주드론교육원,09040105,09040105,소형무인기운용·조종,1,국민내일배움카드(일반),통합심사과정훈련,근로자,M1001,1,120.0,0.0,20.0,858000,2500000,858000,2028100,비원격,1,드론 조종자 1종,,0
AIG20250000536479,초경량비행장치 무인멀티콥터(드론) 3종 조종자 자격증 취득과정,(주)플라이존드론,09040105,09040105,소형무인기운용·조종,1,국민내일배움카드(일반),통합심사과정훈련,근로자,M1001,1,40.0,0.0,20.0,286000,1000000,286000,842700,비원격,1,드론 조종자 3종,,0
AIG20250000536681,아두이노를 활용한 드론시스템 제어 정비(드론정비사 1급 민간자격 취득),현대평생교육원,20010203,20010203,임베디드SW엔지니어링,1,국민내일배움카드(일반),통합심사과정훈련,실업자(일반),M1001,1,137.0,9.0,104.0,906940,906940,906940,317430,비원격,1,드론정비사 1급,,0
AIG20250000539903,파이썬으로 제어하는 AI드론,미라클평생교육원,20010202,20010202,응용SW엔지니어링,1,K-디지털 기초역량훈련,K-디지털 기초역량훈련,크레딧,M1005,0,43.0,,,490000,490000,0,49000,원격,,,,0
AIG20250000539926,"[중장년층 디지털 전환] 드론, 이론부터 코딩까지 올인원 패키지",미래디지털 원격평생교육원,20010202,20010202,응용SW엔지니어링,1,K-디지털 기초역량훈련,K-디지털 기초역량훈련,크레딧,M1005,0,32.0,,,288000,288000,0,28800,원격,,,,0
AIG20250000541026,[일반고] 초경량비행장치 조종자 자격증취득 및 영상촬영편집 과정 A,누리드론교육원,09040105,09040105,소형무인기운용·조종,1,일반고특화훈련,통합심사과정훈련,실업자(국기),M1001,1,1232.0,64.0,160.0,8204000,8204000,8204000,0,비원격,1,초경량비행장치 조종자,,0
AIG20253001085938,(산대특) 드론을 활용한 스마트 건설 안전진단&현장관리 (양성),신한글로벌인재교육원,09040105,09040105,소형무인기운용·조종,1,산업구조변화대응,통합심사과정훈련,산업구조변화대응,M1001,1,520.0,,,3718000,3718000,3718000,300000,비원격,,,,0
AIG20253001085939,(산대특)드론을 활용한 3D 모델링*디지털 트윈 (양성),신한글로벌인재교육원,09040105,09040105,소형무인기운용·조종,1,산업구조변화대응,통합심사과정훈련,산업구조변화대응,M1001,1,512.0,,,3660800,3660800,3660800,300000,비원격,,,,0
AIG20253001086501,(산대특)드론정비자격 취득을 위한 유지보수 실무자 향상과정,스카이팜에듀교육원,09040105,09040105,소형무인기운용·조종,1,산업구조변화대응,통합심사과정훈련,산업구조변화대응,M1001,1,48.0,,,446160,446160,446160,44620,비원격,1,미분류,초경량비행장치 조종자,0
AIG20253001086758,{산대특}드론을 활용한 제주관광 영상콘텐츠제작실무자양성과정,드론항공평생교육원,08030212,08030212,드론콘텐츠제작,1,산업구조변화대응,통합심사과정훈련,산업구조변화대응,M1001,1,180.0,,,1123200,1123200,1123200,112320,비원격,,,,0
AIG20253001093131,(산대특) 재난상황에 대응하기 위한 드론 활용 실무 과정,순천스카이드론교육원(미래진로직업체험센터),090401,,항공기조종운송,0,산업구조변화대응,통합심사과정훈련,산업구조변화대응,M1001,1,70.0,,,500500,500500,500500,50050,비원격,,,"초경량비행장치 조종자,드론정비사자격증",1
AIG20253001093266,(산대특)식량작물재배를 위한 드론방제_전직 및 취·창업,파란직업전문학교,09040105,09040105,소형무인기운용·조종,1,산업구조변화대응,통합심사과정훈련,산업구조변화대응,M1001,1,250.0,,,1787500,1787500,1787500,178750,비원격,,,초경량비행장치 조종자,0
AIG20253001094079,(산대특)_스마트농업을 위한 드론운용전문가 양성과정,순천스카이드론교육원(미래진로직업체험센터),090401,,항공기조종운송,0,산업구조변화대응,통합심사과정훈련,산업구조변화대응,M1001,1,180.0,,,1287000,1287000,1287000,128700,비원격,,,"초경량비행장치 조종자,드론방제사",1
AIG20253001110873,(산대특) 드론과 3D 모델링 기술을 활용한 제주 관광자원 디지털화 향상과정,드론버스,09040105,09040105,소형무인기운용·조종,1,산업구조변화대응,통합심사과정훈련,산업구조변화대응,M1001,1,56.0,,,520520,520520,520520,52060,비원격,,,초경량비행장치 조종자,0
AIG20253001121476,(산대특) 농업생산성 향상을 위한 스마트 드론 활용 실무,순천스카이드론교육원(미래진로직업체험센터),090401,,항공기조종운송,0,산업구조변화대응,통합심사과정훈련,산업구조변화대응,M1001,1,180.0,,,1287000,1287000,1287000,128700,비원격,,,초경량비행장치 조종자,1
AIG20253001121514,(산대특) 항공촬영 기술 습득을 통한 건설및 건축업 종사자들의 직무향상 교육,순천스카이드론교육원(미래진로직업체험센터),090401,,항공기조종운송,0,산업구조변화대응,통합심사과정훈련,산업구조변화대응,M1001,1,70.0,,,650650,650650,650650,65070,비원격,,,초경량비행장치 조종자,1
AIG20253001127150,(산대특 고용위기 선제대응) 드론을 활용한 영상촬영 및 자격증 취득과정,금성직업전문학교,09040105,09040105,소형무인기운용·조종,1,산업구조변화대응,통합심사과정훈련,산업구조변화대응,M1001,1,138.0,,,1282710,1282710,1282710,128280,비원격,1,미분류,초경량비행장치 조종자,0
AIG20260000543299,드론촬영 3D모델링 정사영상,새동엔지니어링(주) 드론교육원,09040105,09040105,소형무인기운용·조종,1,국민내일배움카드(일반),통합심사과정훈련,근로자,M1001,1,40.0,0.0,0.0,286000,486000,286000,328700,비원격,,,,0
AIG20260000545210,초경량비행장치 (드론) 1종 국가자격취득과정(필기 실기),코리아무인항공,09040105,09040105,소형무인기운용·조종,1,국민내일배움카드(일반),통합심사과정훈련,근로자,M1001,1,120.0,20.0,0.0,858000,2000000,858000,1528100,비원격,1,드론 조종자 1종,,0
AIG20260000545759,(드론) 초경량비행장치 무인멀티콥터 1종 국가자격증 (이론 실기) 평일반,주식회사지디에이경기드론교육원,09040105,09040105,소형무인기운용·조종,1,국민내일배움카드(일반),통합심사과정훈련,근로자,M1001,1,120.0,20.0,0.0,858000,1980000,858000,1508100,비원격,1,드론 조종자 1종,,0
AIG20260000545764,(드론) 초경량비행장치 무인멀티콥터 1종 국가자격증 (이론 실기) 주말반,주식회사지디에이경기드론교육원,09040105,09040105,소형무인기운용·조종,1,국민내일배움카드(일반),통합심사과정훈련,근로자,M1001,1,120.0,20.0,0.0,858000,1980000,858000,1508100,비원격,1,드론 조종자 1종,,0
AIG20260000547151,초경량비행장치(드론 vtol 3종) 조종자 국가자격증 취득,누리드론교육원,09040105,09040105,소형무인기운용·조종,1,국민내일배움카드(일반),통합심사과정훈련,실업자(일반),M1001,0,64.0,28.0,36.0,457600,1357600,457600,1105920,비원격,1,드론 조종자 3종,,0
AIG20260000547213,초경량비행장치(드론 vtol 1종) 조종자 국가자격증 취득,누리드론교육원,09040105,09040105,소형무인기운용·조종,1,국민내일배움카드(일반),통합심사과정훈련,실업자(일반),M1001,0,144.0,28.0,116.0,1029600,5529600,1029600,4963320,비원격,1,드론 조종자 1종,,0
AIG20263001247924,드론을 활용한 제주관광영상콘텐츠제작 실무자양성과정,드론항공평생교육원,08030212,08030212,드론콘텐츠제작,1,산업구조변화대응,통합심사과정훈련,산업구조변화대응,M1001,1,180.0,,,1123200,1123200,1123200,112320,비원격,,,,0
AIG20263001258359,(산대특) 드론 조종 및 측량&3D모델링 (육성),신한글로벌인재교육원,09040105,09040105,소형무인기운용·조종,1,산업구조변화대응,통합심사과정훈련,산업구조변화대응,M1001,1,511.0,,,4749740,4749740,4749740,300000,비원격,,,,0
AIG20263001303135,(산대특) 제주 스마트물류산업 분야 드론배송 실무자 양성과정,주식회사제주도드론,09040105,09040105,소형무인기운용·조종,1,산업구조변화대응,통합심사과정훈련,산업구조변화대응,M1001,1,120.0,,,1115400,1115400,1115400,111540,비원격,,,,0
AIG20263001328668,(산대특_일반)다목적 드론 방제 및 정비인력 양성과정_육성산업,영진기술교육원,09040105,09040105,소형무인기운용·조종,1,산업구조변화대응,통합심사과정훈련,산업구조변화대응,M1001,1,440.0,,,4089800,4089800,4089800,300000,비원격,,,"초경량비행장치조종자(무인멀티콥터1종),드론정비사자격증",0
AIG20263001344721,(산대특)드론맵핑을 이용한 자율비행 항공방제 전문가 양성과정,순천스카이드론교육원(미래진로직업체험센터),090401,,항공기조종운송,0,산업구조변화대응,통합심사과정훈련,산업구조변화대응,M1001,1,200.0,,,1859000,1859000,1859000,185900,비원격,,,초경량비행장치조종자(무인멀티콥터1종),1
AIG20263001344830,(산대특)스마트물류산업 분야 드론배송 실무자 양성과정_육성,파란직업전문학교,09040105,09040105,소형무인기운용·조종,1,산업구조변화대응,통합심사과정훈련,산업구조변화대응,M1001,1,140.0,,,1301300,1301300,1301300,130130,비원격,,,초경량비행장치조종자(무인멀티콥터1종),0
AIG20263001345190,(산대특)산업현장의 시설물 관리 효율화를 위한 1인칭 시점 드론운용가 양성과정,순천스카이드론교육원(미래진로직업체험센터),090401,,항공기조종운송,0,산업구조변화대응,통합심사과정훈련,산업구조변화대응,M1001,1,105.0,,,975970,975970,975970,97600,비원격,,,,1
AIG20263001359663,(산대특) AI 기반 드론·로봇 영상관제 시스템 운영 및 데이터 분석 실무과정,비젼직업전문학교,20010202,20010202,응용SW엔지니어링,1,산업구조변화대응,통합심사과정훈련,산업구조변화대응,M1001,1,600.0,,,5163600,5163600,5163600,300000,비원격,,,"정보처리기능사, 인터넷검색사 2급,정보처리기사,SQL 개발자(SQLD),빅데이터분석기사",0
AIG20263001361326,드론 비행 공간/시설물 모델링 및 모니터링 전문인력 양성,한밭대학교,09040105,09040105,소형무인기운용·조종,1,산업구조변화대응,통합심사과정훈련,산업구조변화대응,M1001,1,120.0,,,1115400,1115400,1115400,111540,비원격,,,"초경량비행장치 조종자,공간정보융합산업기사",0
AIG20263001384394,(산대특)드론정비자격 취득을 위한 유지보수 실무자 향상과정,스카이팜에듀교육원,09040105,09040105,소형무인기운용·조종,1,산업구조변화대응,통합심사과정훈련,산업구조변화대응,M1001,1,60.0,,,557700,557700,557700,55770,비원격,1,미분류,초경량비행장치 조종자,0
AIG20263001425858,(산대특_단기)지능형 스마트 드론활용 경남관광 영상콘텐츠제작 기술인력 향상과정_지원대상,누리드론교육원,09040105,09040105,소형무인기운용·조종,1,산업구조변화대응,통합심사과정훈련,산업구조변화대응,M1001,1,138.0,,,986700,986700,986700,98670,비원격,,,,0
AVA20253001112867,"드론 활용실무(건설, 물류, 방제용 드론)",사단법인 한국에듀테크산업협회,09040105,09040105,소형무인기운용·조종,1,실업자원격훈련,실업자계좌제,실업자(일반),M1005,0,21.0,,,62370,62370,62370,28070,원격,,,,0
AVA20253001112883,[국가 드론자격증] 초경량비행장치 조종자 필기반,한국이러닝협회,09040105,09040105,소형무인기운용·조종,1,실업자원격훈련,실업자계좌제,실업자(일반),M1005,0,22.0,,,65340,65340,65340,29410,원격,1,초경량비행장치 조종자,,0
AVA20263001321903,"드론 활용실무(건설, 물류, 방제용 드론)",사단법인 한국에듀테크산업협회,09040105,09040105,소형무인기운용·조종,1,실업자원격훈련,실업자계좌제,실업자(일반),M1005,0,21.0,,,62370,62370,62370,28070,원격,,,,0
