job_id,workplace_type_order,workplace_type
DJ-001,1,드론 제조사
DJ-001,2,방산기업
DJ-001,3,연구기관
DJ-001,4,솔루션사
DJ-002,1,드론 제조사
DJ-002,2,방산기업
DJ-002,3,연구기관
DJ-002,4,솔루션사
DJ-003,1,드론 제조사
DJ-003,2,방산기업
DJ-003,3,연구기관
DJ-003,4,솔루션사
DJ-004,1,드론 제조사
DJ-004,2,방산기업
DJ-004,3,연구기관
DJ-004,4,솔루션사
DJ-005,1,드론 제조사
DJ-005,2,방산기업
DJ-005,3,연구기관
DJ-005,4,솔루션사
DJ-006,1,드론 제조사
DJ-006,2,방산기업
DJ-006,3,연구기관
DJ-006,4,솔루션사
DJ-007,1,드론 제조사
DJ-007,2,방산기업
DJ-007,3,연구기관
DJ-007,4,솔루션사
DJ-008,1,드론 제조사
DJ-008,2,방산기업
DJ-008,3,연구기관
DJ-008,4,솔루션사
DJ-009,1,드론 제조사
DJ-009,2,방산기업
DJ-009,3,연구기관
DJ-009,4,솔루션사
DJ-010,1,드론 제조사
DJ-010,2,방산기업
DJ-010,3,연구기관
DJ-010,4,솔루션사
DJ-011,1,드론 제조사
DJ-011,2,항공우주기업
DJ-011,3,방산기업
DJ-011,4,연구소
DJ-012,1,드론 제조사
DJ-012,2,항공우주기업
DJ-012,3,방산기업
DJ-012,4,연구소
DJ-013,1,드론 제조사
DJ-013,2,항공우주기업
DJ-013,3,방산기업
DJ-013,4,연구소
DJ-014,1,드론 제조사
DJ-014,2,항공우주기업
DJ-014,3,방산기업
DJ-014,4,연구소
DJ-015,1,드론 제조사
DJ-015,2,항공우주기업
DJ-015,3,방산기업
DJ-015,4,연구소
DJ-016,1,드론 제조사
DJ-016,2,항공우주기업
DJ-016,3,방산기업
DJ-016,4,연구소
DJ-017,1,드론 제조사
DJ-017,2,항공우주기업
DJ-017,3,방산기업
DJ-017,4,연구소
DJ-018,1,드론 제조사
DJ-018,2,항공우주기업
DJ-018,3,방산기업
DJ-018,4,연구소
DJ-019,1,드론 제조사
DJ-019,2,항공우주기업
DJ-019,3,방산기업
DJ-019,4,연구소
DJ-020,1,드론 제조사
DJ-020,2,항공우주기업
DJ-020,3,방산기업
DJ-020,4,연구소
DJ-021,1,드론 제조사
DJ-021,2,항공우주기업
DJ-021,3,방산기업
DJ-021,4,연구소
DJ-022,1,드론 제조사
DJ-022,2,항공우주기업
DJ-022,3,방산기업
DJ-022,4,연구소
DJ-023,1,드론 제조사
DJ-023,2,항공우주기업
DJ-023,3,방산기업
DJ-023,4,연구소
DJ-024,1,드론 완제기·부품 제조사
DJ-024,2,복합재 업체
DJ-024,3,생산공장
DJ-025,1,드론 완제기·부품 제조사
DJ-025,2,복합재 업체
DJ-025,3,생산공장
DJ-026,1,드론 완제기·부품 제조사
DJ-026,2,복합재 업체
DJ-026,3,생산공장
DJ-027,1,드론 완제기·부품 제조사
DJ-027,2,복합재 업체
DJ-027,3,생산공장
DJ-028,1,드론 완제기·부품 제조사
DJ-028,2,복합재 업체
DJ-028,3,생산공장
DJ-029,1,드론 완제기·부품 제조사
DJ-029,2,복합재 업체
DJ-029,3,생산공장
DJ-030,1,드론 완제기·부품 제조사
DJ-030,2,복합재 업체
DJ-030,3,생산공장
DJ-031,1,드론 완제기·부품 제조사
DJ-031,2,복합재 업체
DJ-031,3,생산공장
DJ-032,1,드론 완제기·부품 제조사
DJ-032,2,복합재 업체
DJ-032,3,생산공장
DJ-033,1,드론 완제기·부품 제조사
DJ-033,2,복합재 업체
DJ-033,3,생산공장
DJ-034,1,드론 완제기·부품 제조사
DJ-034,2,복합재 업체
DJ-034,3,생산공장
DJ-035,1,드론 제조사
DJ-035,2,모터·배터리·연료전지·엔진 업체
DJ-035,3,연구소
DJ-036,1,드론 제조사
DJ-036,2,모터·배터리·연료전지·엔진 업체
DJ-036,3,연구소
DJ-037,1,드론 제조사
DJ-037,2,모터·배터리·연료전지·엔진 업체
DJ-037,3,연구소
DJ-038,1,드론 제조사
DJ-038,2,모터·배터리·연료전지·엔진 업체
DJ-038,3,연구소
DJ-039,1,드론 제조사
DJ-039,2,모터·배터리·연료전지·엔진 업체
DJ-039,3,연구소
DJ-040,1,드론 제조사
DJ-040,2,모터·배터리·연료전지·엔진 업체
DJ-040,3,연구소
DJ-041,1,드론 제조사
DJ-041,2,모터·배터리·연료전지·엔진 업체
DJ-041,3,연구소
DJ-042,1,드론 제조사
DJ-042,2,모터·배터리·연료전지·엔진 업체
DJ-042,3,연구소
DJ-043,1,드론 제조사
DJ-043,2,모터·배터리·연료전지·엔진 업체
DJ-043,3,연구소
DJ-044,1,드론 제조사
DJ-044,2,모터·배터리·연료전지·엔진 업체
DJ-044,3,연구소
DJ-045,1,드론 제조사
DJ-045,2,모터·배터리·연료전지·엔진 업체
DJ-045,3,연구소
DJ-046,1,드론 제조사
DJ-046,2,모터·배터리·연료전지·엔진 업체
DJ-046,3,연구소
DJ-047,1,드론·항전장비 제조사
DJ-047,2,방산기업
DJ-047,3,연구소
DJ-048,1,드론·항전장비 제조사
DJ-048,2,방산기업
DJ-048,3,연구소
DJ-049,1,드론·항전장비 제조사
DJ-049,2,방산기업
DJ-049,3,연구소
DJ-050,1,드론·항전장비 제조사
DJ-050,2,방산기업
DJ-050,3,연구소
DJ-051,1,드론·항전장비 제조사
DJ-051,2,방산기업
DJ-051,3,연구소
DJ-052,1,드론·항전장비 제조사
DJ-052,2,방산기업
DJ-052,3,연구소
DJ-053,1,드론·항전장비 제조사
DJ-053,2,방산기업
DJ-053,3,연구소
DJ-054,1,드론·항전장비 제조사
DJ-054,2,방산기업
DJ-054,3,연구소
DJ-055,1,통신장비사
DJ-055,2,GCS·관제 솔루션사
DJ-055,3,드론 제조사
DJ-056,1,통신장비사
DJ-056,2,GCS·관제 솔루션사
DJ-056,3,드론 제조사
DJ-057,1,통신장비사
DJ-057,2,GCS·관제 솔루션사
DJ-057,3,드론 제조사
DJ-058,1,통신장비사
DJ-058,2,GCS·관제 솔루션사
DJ-058,3,드론 제조사
DJ-059,1,통신장비사
DJ-059,2,GCS·관제 솔루션사
DJ-059,3,드론 제조사
DJ-060,1,통신장비사
DJ-060,2,GCS·관제 솔루션사
DJ-060,3,드론 제조사
DJ-061,1,통신장비사
DJ-061,2,GCS·관제 솔루션사
DJ-061,3,드론 제조사
DJ-062,1,센서·카메라·레이더·임무장비사
DJ-062,2,드론 제조사
DJ-063,1,센서·카메라·레이더·임무장비사
DJ-063,2,드론 제조사
DJ-064,1,센서·카메라·레이더·임무장비사
DJ-064,2,드론 제조사
DJ-065,1,센서·카메라·레이더·임무장비사
DJ-065,2,드론 제조사
DJ-066,1,센서·카메라·레이더·임무장비사
DJ-066,2,드론 제조사
DJ-067,1,센서·카메라·레이더·임무장비사
DJ-067,2,드론 제조사
DJ-068,1,센서·카메라·레이더·임무장비사
DJ-068,2,드론 제조사
DJ-069,1,센서·카메라·레이더·임무장비사
DJ-069,2,드론 제조사
DJ-070,1,드론 SW기업
DJ-070,2,AI기업
DJ-070,3,연구기관
DJ-070,4,제조사
DJ-071,1,드론 SW기업
DJ-071,2,AI기업
DJ-071,3,연구기관
DJ-071,4,제조사
DJ-072,1,드론 SW기업
DJ-072,2,AI기업
DJ-072,3,연구기관
DJ-072,4,제조사
DJ-073,1,드론 SW기업
DJ-073,2,AI기업
DJ-073,3,연구기관
DJ-073,4,제조사
DJ-074,1,드론 SW기업
DJ-074,2,AI기업
DJ-074,3,연구기관
DJ-074,4,제조사
DJ-075,1,드론 SW기업
DJ-075,2,AI기업
DJ-075,3,연구기관
DJ-075,4,제조사
DJ-076,1,드론 SW기업
DJ-076,2,AI기업
DJ-076,3,연구기관
DJ-076,4,제조사
DJ-077,1,드론 SW기업
DJ-077,2,AI기업
DJ-077,3,연구기관
DJ-077,4,제조사
DJ-078,1,드론 SW기업
DJ-078,2,AI기업
DJ-078,3,연구기관
DJ-078,4,제조사
DJ-079,1,드론 SW기업
DJ-079,2,AI기업
DJ-079,3,연구기관
DJ-079,4,제조사
DJ-080,1,드론 SW기업
DJ-080,2,AI기업
DJ-080,3,연구기관
DJ-080,4,제조사
DJ-081,1,드론 SW기업
DJ-081,2,AI기업
DJ-081,3,연구기관
DJ-081,4,제조사
DJ-082,1,드론 관제·GIS·클라우드 기업
DJ-082,2,공공기관
DJ-082,3,SI기업
DJ-083,1,드론 관제·GIS·클라우드 기업
DJ-083,2,공공기관
DJ-083,3,SI기업
DJ-084,1,드론 관제·GIS·클라우드 기업
DJ-084,2,공공기관
DJ-084,3,SI기업
DJ-085,1,드론 관제·GIS·클라우드 기업
DJ-085,2,공공기관
DJ-085,3,SI기업
DJ-086,1,드론 관제·GIS·클라우드 기업
DJ-086,2,공공기관
DJ-086,3,SI기업
DJ-087,1,드론 관제·GIS·클라우드 기업
DJ-087,2,공공기관
DJ-087,3,SI기업
DJ-088,1,드론 관제·GIS·클라우드 기업
DJ-088,2,공공기관
DJ-088,3,SI기업
DJ-089,1,드론 관제·GIS·클라우드 기업
DJ-089,2,공공기관
DJ-089,3,SI기업
DJ-090,1,드론 관제·GIS·클라우드 기업
DJ-090,2,공공기관
DJ-090,3,SI기업
DJ-091,1,드론 관제·GIS·클라우드 기업
DJ-091,2,공공기관
DJ-091,3,SI기업
DJ-092,1,드론 관제·GIS·클라우드 기업
DJ-092,2,공공기관
DJ-092,3,SI기업
DJ-093,1,드론 관제·GIS·클라우드 기업
DJ-093,2,공공기관
DJ-093,3,SI기업
DJ-094,1,드론 관제·GIS·클라우드 기업
DJ-094,2,공공기관
DJ-094,3,SI기업
DJ-095,1,드론 서비스사
DJ-095,2,제조사
DJ-095,3,공공기관
DJ-095,4,방송·측량·점검 기업
DJ-096,1,드론 서비스사
DJ-096,2,제조사
DJ-096,3,공공기관
DJ-096,4,방송·측량·점검 기업
DJ-097,1,드론 서비스사
DJ-097,2,제조사
DJ-097,3,공공기관
DJ-097,4,방송·측량·점검 기업
DJ-098,1,드론 서비스사
DJ-098,2,제조사
DJ-098,3,공공기관
DJ-098,4,방송·측량·점검 기업
DJ-099,1,드론 서비스사
DJ-099,2,제조사
DJ-099,3,공공기관
DJ-099,4,방송·측량·점검 기업
DJ-100,1,드론 서비스사
DJ-100,2,제조사
DJ-100,3,공공기관
DJ-100,4,방송·측량·점검 기업
DJ-101,1,드론 서비스사
DJ-101,2,제조사
DJ-101,3,공공기관
DJ-101,4,방송·측량·점검 기업
DJ-102,1,드론 서비스사
DJ-102,2,제조사
DJ-102,3,공공기관
DJ-102,4,방송·측량·점검 기업
DJ-103,1,드론 서비스사
DJ-103,2,제조사
DJ-103,3,공공기관
DJ-103,4,방송·측량·점검 기업
DJ-104,1,드론 서비스사
DJ-104,2,제조사
DJ-104,3,공공기관
DJ-104,4,방송·측량·점검 기업
DJ-105,1,드론 서비스사
DJ-105,2,제조사
DJ-105,3,공공기관
DJ-105,4,방송·측량·점검 기업
DJ-106,1,드론 서비스사
DJ-106,2,제조사
DJ-106,3,공공기관
DJ-106,4,방송·측량·점검 기업
DJ-107,1,드론 서비스사
DJ-107,2,제조사
DJ-107,3,공공기관
DJ-107,4,방송·측량·점검 기업
DJ-108,1,드론 서비스사
DJ-108,2,제조사
DJ-108,3,공공기관
DJ-108,4,방송·측량·점검 기업
DJ-109,1,드론 제조사
DJ-109,2,시험센터
DJ-109,3,서비스센터
DJ-109,4,운용기업
DJ-110,1,드론 제조사
DJ-110,2,시험센터
DJ-110,3,서비스센터
DJ-110,4,운용기업
DJ-111,1,드론 제조사
DJ-111,2,시험센터
DJ-111,3,서비스센터
DJ-111,4,운용기업
DJ-112,1,드론 제조사
DJ-112,2,시험센터
DJ-112,3,서비스센터
DJ-112,4,운용기업
DJ-113,1,드론 제조사
DJ-113,2,시험센터
DJ-113,3,서비스센터
DJ-113,4,운용기업
DJ-114,1,드론 제조사
DJ-114,2,시험센터
DJ-114,3,서비스센터
DJ-114,4,운용기업
DJ-115,1,드론 제조사
DJ-115,2,시험센터
DJ-115,3,서비스센터
DJ-115,4,운용기업
DJ-116,1,드론 제조사
DJ-116,2,시험센터
DJ-116,3,서비스센터
DJ-116,4,운용기업
DJ-117,1,드론 제조사
DJ-117,2,시험센터
DJ-117,3,서비스센터
DJ-117,4,운용기업
DJ-118,1,드론 제조사
DJ-118,2,시험센터
DJ-118,3,서비스센터
DJ-118,4,운용기업
DJ-119,1,드론 제조사
DJ-119,2,시험센터
DJ-119,3,서비스센터
DJ-119,4,운용기업
DJ-120,1,드론 제조사
DJ-120,2,시험센터
DJ-120,3,서비스센터
DJ-120,4,운용기업
DJ-121,1,항공안전기술원
DJ-121,2,한국교통안전공단
DJ-121,3,제조사
DJ-121,4,시험기관
DJ-122,1,항공안전기술원
DJ-122,2,한국교통안전공단
DJ-122,3,제조사
DJ-122,4,시험기관
DJ-123,1,항공안전기술원
DJ-123,2,한국교통안전공단
DJ-123,3,제조사
DJ-123,4,시험기관
DJ-124,1,항공안전기술원
DJ-124,2,한국교통안전공단
DJ-124,3,제조사
DJ-124,4,시험기관
DJ-125,1,항공안전기술원
DJ-125,2,한국교통안전공단
DJ-125,3,제조사
DJ-125,4,시험기관
DJ-126,1,항공안전기술원
DJ-126,2,한국교통안전공단
DJ-126,3,제조사
DJ-126,4,시험기관
DJ-127,1,항공안전기술원
DJ-127,2,한국교통안전공단
DJ-127,3,제조사
DJ-127,4,시험기관
DJ-128,1,항공안전기술원
DJ-128,2,한국교통안전공단
DJ-128,3,제조사
DJ-128,4,시험기관
DJ-129,1,항공안전기술원
DJ-129,2,한국교통안전공단
DJ-129,3,제조사
DJ-129,4,시험기관
DJ-130,1,항공안전기술원
DJ-130,2,한국교통안전공단
DJ-130,3,제조사
DJ-130,4,시험기관
DJ-131,1,영상제작사
DJ-131,2,방송사
DJ-131,3,공연사
DJ-131,4,스포츠팀
DJ-131,5,프리랜서
DJ-132,1,영상제작사
DJ-132,2,방송사
DJ-132,3,공연사
DJ-132,4,스포츠팀
DJ-132,5,프리랜서
DJ-133,1,영상제작사
DJ-133,2,방송사
DJ-133,3,공연사
DJ-133,4,스포츠팀
DJ-133,5,프리랜서
DJ-134,1,영상제작사
DJ-134,2,방송사
DJ-134,3,공연사
DJ-134,4,스포츠팀
DJ-134,5,프리랜서
DJ-135,1,영상제작사
DJ-135,2,방송사
DJ-135,3,공연사
DJ-135,4,스포츠팀
DJ-135,5,프리랜서
DJ-136,1,영상제작사
DJ-136,2,방송사
DJ-136,3,공연사
DJ-136,4,스포츠팀
DJ-136,5,프리랜서
DJ-137,1,영상제작사
DJ-137,2,방송사
DJ-137,3,공연사
DJ-137,4,스포츠팀
DJ-137,5,프리랜서
DJ-138,1,영상제작사
DJ-138,2,방송사
DJ-138,3,공연사
DJ-138,4,스포츠팀
DJ-138,5,프리랜서
DJ-139,1,영상제작사
DJ-139,2,방송사
DJ-139,3,공연사
DJ-139,4,스포츠팀
DJ-139,5,프리랜서
DJ-140,1,영상제작사
DJ-140,2,방송사
DJ-140,3,공연사
DJ-140,4,스포츠팀
DJ-140,5,프리랜서
DJ-141,1,영상제작사
DJ-141,2,방송사
DJ-141,3,공연사
DJ-141,4,스포츠팀
DJ-141,5,프리랜서
DJ-142,1,농업법인
DJ-142,2,방제업체
DJ-142,3,산림·환경기관
DJ-142,4,지자체
DJ-143,1,농업법인
DJ-143,2,방제업체
DJ-143,3,산림·환경기관
DJ-143,4,지자체
DJ-144,1,농업법인
DJ-144,2,방제업체
DJ-144,3,산림·환경기관
DJ-144,4,지자체
DJ-145,1,농업법인
DJ-145,2,방제업체
DJ-145,3,산림·환경기관
DJ-145,4,지자체
DJ-146,1,농업법인
DJ-146,2,방제업체
DJ-146,3,산림·환경기관
DJ-146,4,지자체
DJ-147,1,농업법인
DJ-147,2,방제업체
DJ-147,3,산림·환경기관
DJ-147,4,지자체
DJ-148,1,농업법인
DJ-148,2,방제업체
DJ-148,3,산림·환경기관
DJ-148,4,지자체
DJ-149,1,농업법인
DJ-149,2,방제업체
DJ-149,3,산림·환경기관
DJ-149,4,지자체
DJ-150,1,농업법인
DJ-150,2,방제업체
DJ-150,3,산림·환경기관
DJ-150,4,지자체
DJ-151,1,농업법인
DJ-151,2,방제업체
DJ-151,3,산림·환경기관
DJ-151,4,지자체
DJ-152,1,농업법인
DJ-152,2,방제업체
DJ-152,3,산림·환경기관
DJ-152,4,지자체
DJ-153,1,농업법인
DJ-153,2,방제업체
DJ-153,3,산림·환경기관
DJ-153,4,지자체
DJ-154,1,측량·공간정보사
DJ-154,2,건설사
DJ-154,3,시설관리사
DJ-154,4,에너지·통신사
DJ-155,1,측량·공간정보사
DJ-155,2,건설사
DJ-155,3,시설관리사
DJ-155,4,에너지·통신사
DJ-156,1,측량·공간정보사
DJ-156,2,건설사
DJ-156,3,시설관리사
DJ-156,4,에너지·통신사
DJ-157,1,측량·공간정보사
DJ-157,2,건설사
DJ-157,3,시설관리사
DJ-157,4,에너지·통신사
DJ-158,1,측량·공간정보사
DJ-158,2,건설사
DJ-158,3,시설관리사
DJ-158,4,에너지·통신사
DJ-159,1,측량·공간정보사
DJ-159,2,건설사
DJ-159,3,시설관리사
DJ-159,4,에너지·통신사
DJ-160,1,측량·공간정보사
DJ-160,2,건설사
DJ-160,3,시설관리사
DJ-160,4,에너지·통신사
DJ-161,1,측량·공간정보사
DJ-161,2,건설사
DJ-161,3,시설관리사
DJ-161,4,에너지·통신사
DJ-162,1,측량·공간정보사
DJ-162,2,건설사
DJ-162,3,시설관리사
DJ-162,4,에너지·통신사
DJ-163,1,측량·공간정보사
DJ-163,2,건설사
DJ-163,3,시설관리사
DJ-163,4,에너지·통신사
DJ-164,1,측량·공간정보사
DJ-164,2,건설사
DJ-164,3,시설관리사
DJ-164,4,에너지·통신사
DJ-165,1,측량·공간정보사
DJ-165,2,건설사
DJ-165,3,시설관리사
DJ-165,4,에너지·통신사
DJ-166,1,측량·공간정보사
DJ-166,2,건설사
DJ-166,3,시설관리사
DJ-166,4,에너지·통신사
DJ-167,1,측량·공간정보사
DJ-167,2,건설사
DJ-167,3,시설관리사
DJ-167,4,에너지·통신사
DJ-168,1,측량·공간정보사
DJ-168,2,건설사
DJ-168,3,시설관리사
DJ-168,4,에너지·통신사
DJ-169,1,측량·공간정보사
DJ-169,2,건설사
DJ-169,3,시설관리사
DJ-169,4,에너지·통신사
DJ-170,1,소방·경찰·해경·군·교정·세관
DJ-170,2,물류·의료·해양기업
DJ-171,1,소방·경찰·해경·군·교정·세관
DJ-171,2,물류·의료·해양기업
DJ-172,1,소방·경찰·해경·군·교정·세관
DJ-172,2,물류·의료·해양기업
DJ-173,1,소방·경찰·해경·군·교정·세관
DJ-173,2,물류·의료·해양기업
DJ-174,1,소방·경찰·해경·군·교정·세관
DJ-174,2,물류·의료·해양기업
DJ-175,1,소방·경찰·해경·군·교정·세관
DJ-175,2,물류·의료·해양기업
DJ-176,1,소방·경찰·해경·군·교정·세관
DJ-176,2,물류·의료·해양기업
DJ-177,1,소방·경찰·해경·군·교정·세관
DJ-177,2,물류·의료·해양기업
DJ-178,1,소방·경찰·해경·군·교정·세관
DJ-178,2,물류·의료·해양기업
DJ-179,1,소방·경찰·해경·군·교정·세관
DJ-179,2,물류·의료·해양기업
DJ-180,1,소방·경찰·해경·군·교정·세관
DJ-180,2,물류·의료·해양기업
DJ-181,1,소방·경찰·해경·군·교정·세관
DJ-181,2,물류·의료·해양기업
DJ-182,1,소방·경찰·해경·군·교정·세관
DJ-182,2,물류·의료·해양기업
DJ-183,1,소방·경찰·해경·군·교정·세관
DJ-183,2,물류·의료·해양기업
DJ-184,1,소방·경찰·해경·군·교정·세관
DJ-184,2,물류·의료·해양기업
DJ-185,1,소방·경찰·해경·군·교정·세관
DJ-185,2,물류·의료·해양기업
DJ-186,1,소방·경찰·해경·군·교정·세관
DJ-186,2,물류·의료·해양기업
DJ-187,1,전문교육기관
DJ-187,2,대학
DJ-187,3,연구소
DJ-187,4,공공기관
DJ-187,5,기업 교육센터
DJ-188,1,전문교육기관
DJ-188,2,대학
DJ-188,3,연구소
DJ-188,4,공공기관
DJ-188,5,기업 교육센터
DJ-189,1,전문교육기관
DJ-189,2,대학
DJ-189,3,연구소
DJ-189,4,공공기관
DJ-189,5,기업 교육센터
DJ-190,1,전문교육기관
DJ-190,2,대학
DJ-190,3,연구소
DJ-190,4,공공기관
DJ-190,5,기업 교육센터
DJ-191,1,전문교육기관
DJ-191,2,대학
DJ-191,3,연구소
DJ-191,4,공공기관
DJ-191,5,기업 교육센터
DJ-192,1,전문교육기관
DJ-192,2,대학
DJ-192,3,연구소
DJ-192,4,공공기관
DJ-192,5,기업 교육센터
DJ-193,1,전문교육기관
DJ-193,2,대학
DJ-193,3,연구소
DJ-193,4,공공기관
DJ-193,5,기업 교육센터
DJ-194,1,전문교육기관
DJ-194,2,대학
DJ-194,3,연구소
DJ-194,4,공공기관
DJ-194,5,기업 교육센터
DJ-195,1,전문교육기관
DJ-195,2,대학
DJ-195,3,연구소
DJ-195,4,공공기관
DJ-195,5,기업 교육센터
DJ-196,1,전문교육기관
DJ-196,2,대학
DJ-196,3,연구소
DJ-196,4,공공기관
DJ-196,5,기업 교육센터
DJ-197,1,전문교육기관
DJ-197,2,대학
DJ-197,3,연구소
DJ-197,4,공공기관
DJ-197,5,기업 교육센터
DJ-198,1,정부·공공기관
DJ-198,2,연구기관
DJ-198,3,협회
DJ-198,4,시험인증기관
DJ-198,5,컨설팅사
DJ-199,1,정부·공공기관
DJ-199,2,연구기관
DJ-199,3,협회
DJ-199,4,시험인증기관
DJ-199,5,컨설팅사
DJ-200,1,정부·공공기관
DJ-200,2,연구기관
DJ-200,3,협회
DJ-200,4,시험인증기관
DJ-200,5,컨설팅사
DJ-201,1,정부·공공기관
DJ-201,2,연구기관
DJ-201,3,협회
DJ-201,4,시험인증기관
DJ-201,5,컨설팅사
DJ-202,1,정부·공공기관
DJ-202,2,연구기관
DJ-202,3,협회
DJ-202,4,시험인증기관
DJ-202,5,컨설팅사
DJ-203,1,정부·공공기관
DJ-203,2,연구기관
DJ-203,3,협회
DJ-203,4,시험인증기관
DJ-203,5,컨설팅사
DJ-204,1,정부·공공기관
DJ-204,2,연구기관
DJ-204,3,협회
DJ-204,4,시험인증기관
DJ-204,5,컨설팅사
DJ-205,1,정부·공공기관
DJ-205,2,연구기관
DJ-205,3,협회
DJ-205,4,시험인증기관
DJ-205,5,컨설팅사
DJ-206,1,정부·공공기관
DJ-206,2,연구기관
DJ-206,3,협회
DJ-206,4,시험인증기관
DJ-206,5,컨설팅사
DJ-207,1,정부·공공기관
DJ-207,2,연구기관
DJ-207,3,협회
DJ-207,4,시험인증기관
DJ-207,5,컨설팅사
DJ-208,1,정부·공공기관
DJ-208,2,연구기관
DJ-208,3,협회
DJ-208,4,시험인증기관
DJ-208,5,컨설팅사
DJ-209,1,정부·공공기관
DJ-209,2,연구기관
DJ-209,3,협회
DJ-209,4,시험인증기관
DJ-209,5,컨설팅사
